timestep,junctionid,edge1_vehicle_count,edge2_vehicle_count,edge1_waiting_vehicle_count,edge2_waiting_vehicle_count,edge1_light_state,edge2_light_state,nextswitchtime,edge1_congestion,edge2_congestion
2000,132200274,0,5,0,5,r,G,0.0,Non-Congested,Congested
2000,47217361,2,1,0,0,r,G,0.0,Non-Congested,Non-Congested
2000,cluster_181310323_5380872437,1,0,0,0,r,G,1.0,Non-Congested,Non-Congested
2000,cluster_2461783448_38980632_5243070374,11,10,11,10,y,r,0.0,Congested,Non-Congested
2000,cluster_2461880040_2461880142_8131892137,1,1,0,0,r,G,2.0,Non-Congested,Non-Congested
2000,cluster_2461880136_4910664147_50607912_8131882097,0,8,0,0,r,G,0.0,Non-Congested,Non-Congested
2001,132200274,0,5,0,5,r,G,1.0,Non-Congested,Congested
2001,47217361,3,1,0,0,r,G,1.0,Non-Congested,Non-Congested
2001,cluster_181310323_5380872437,1,0,0,0,r,G,0.0,Non-Congested,Non-Congested
2001,cluster_2461783448_38980632_5243070374,11,10,11,10,r,G,4.0,Congested,Non-Congested
2001,cluster_2461880040_2461880142_8131892137,2,2,0,0,r,G,1.0,Non-Congested,Non-Congested
2001,cluster_2461880136_4910664147_50607912_8131882097,0,8,0,0,r,G,1.0,Non-Congested,Non-Congested
2002,132200274,0,5,0,5,r,G,0.0,Non-Congested,Congested
2002,47217361,3,0,0,0,r,G,0.0,Non-Congested,Non-Congested
2002,cluster_1420096799_47154676,1,0,0,0,r,G,0.0,Non-Congested,Non-Congested
2002,cluster_181310323_5380872437,1,0,0,0,r,y,3.0,Non-Congested,Non-Congested
2002,cluster_2455590523_389713_47212064,0,1,0,0,r,r,3.0,Non-Congested,Non-Congested
2002,cluster_2461783448_38980632_5243070374,10,10,10,10,r,G,3.0,Congested,Non-Congested
2002,cluster_2461880040_2461880142_8131892137,2,2,0,0,r,G,0.0,Non-Congested,Non-Congested
2002,cluster_2461880136_4910664147_50607912_8131882097,0,9,0,0,r,G,0.0,Non-Congested,Non-Congested
2003,132200274,0,5,0,5,r,G,1.0,Non-Congested,Congested
2003,47217361,3,1,0,0,r,G,0.0,Non-Congested,Non-Congested
2003,cluster_1420096799_47154676,1,0,0,0,r,y,3.0,Non-Congested,Non-Congested
2003,cluster_181310323_5380872437,2,0,0,0,r,y,2.0,Non-Congested,Non-Congested
2003,cluster_2455590523_389713_47212064,0,1,0,0,r,r,2.0,Non-Congested,Non-Congested
2003,cluster_2461783448_38980632_5243070374,10,10,9,10,r,G,2.0,Congested,Non-Congested
2003,cluster_2461880040_2461880142_8131892137,3,3,0,0,r,y,4.0,Non-Congested,Non-Congested
2003,cluster_2461880136_4910664147_50607912_8131882097,0,9,0,0,r,G,1.0,Non-Congested,Non-Congested
2004,132200274,0,5,0,5,r,G,0.0,Non-Congested,Congested
2004,47217361,3,1,0,0,r,G,0.0,Non-Congested,Non-Congested
2004,cluster_1420096799_47154676,1,0,0,0,r,y,2.0,Non-Congested,Non-Congested
2004,cluster_181310323_5380872437,2,0,0,0,r,y,1.0,Non-Congested,Non-Congested
2004,cluster_2455590523_389713_47212064,0,1,0,0,r,r,1.0,Non-Congested,Non-Congested
2004,cluster_2461783448_38980632_5243070374,10,10,8,10,r,G,1.0,Congested,Non-Congested
2004,cluster_2461880040_2461880142_8131892137,3,3,0,0,r,y,3.0,Non-Congested,Non-Congested
2004,cluster_2461880136_4910664147_50607912_8131882097,0,9,0,0,r,G,0.0,Non-Congested,Non-Congested
2005,132200274,0,5,0,5,r,G,1.0,Non-Congested,Congested
2005,47217361,3,1,1,0,r,y,2.0,Non-Congested,Non-Congested
2005,cluster_1420096799_47154676,1,0,0,0,r,y,1.0,Non-Congested,Non-Congested
2005,cluster_181310323_5380872437,2,0,0,0,r,y,0.0,Non-Congested,Non-Congested
2005,cluster_2461783448_38980632_5243070374,10,10,7,10,r,G,0.0,Congested,Non-Congested
2005,cluster_2461880040_2461880142_8131892137,3,3,0,0,r,y,2.0,Non-Congested,Non-Congested
2005,cluster_2461880136_4910664147_50607912_8131882097,0,9,0,0,r,G,1.0,Non-Congested,Non-Congested
2006,132200274,0,5,0,5,r,G,0.0,Non-Congested,Congested
2006,47217361,3,1,1,0,r,y,1.0,Non-Congested,Non-Congested
2006,cluster_1420096799_47154676,1,0,0,0,r,y,0.0,Non-Congested,Non-Congested
2006,cluster_181310323_5380872437,1,0,0,0,G,r,6.0,Non-Congested,Non-Congested
2006,cluster_2461783448_38980632_5243070374,9,10,6,10,r,y,4.0,Congested,Non-Congested
2006,cluster_2461880040_2461880142_8131892137,3,3,0,0,r,y,1.0,Non-Congested,Non-Congested
2006,cluster_2461880136_4910664147_50607912_8131882097,0,10,0,0,r,G,0.0,Non-Congested,Non-Congested
2007,132200274,0,5,0,5,r,G,1.0,Non-Congested,Congested
2007,47217361,3,1,2,0,r,y,0.0,Non-Congested,Non-Congested
2007,cluster_1420096799_47154676,1,0,0,0,G,r,6.0,Non-Congested,Non-Congested
2007,cluster_181310323_5380872437,1,0,0,0,G,r,5.0,Non-Congested,Non-Congested
2007,cluster_2455590523_389713_47212064,0,1,0,0,r,r,0.0,Non-Congested,Non-Congested
2007,cluster_2461783448_38980632_5243070374,9,10,5,10,r,y,3.0,Congested,Non-Congested
2007,cluster_2461880040_2461880142_8131892137,3,3,0,0,r,y,0.0,Non-Congested,Non-Congested
2007,cluster_2461880136_4910664147_50607912_8131882097,0,10,0,0,r,G,1.0,Non-Congested,Non-Congested
2008,132200274,0,5,0,5,r,G,0.0,Non-Congested,Congested
2008,47217361,3,0,1,0,G,r,4.0,Non-Congested,Non-Congested
2008,cluster_181310323_5380872437,1,0,0,0,G,r,4.0,Non-Congested,Non-Congested
2008,cluster_2455590523_389713_47212064,0,2,0,0,r,r,1.0,Non-Congested,Non-Congested
2008,cluster_2461783448_38980632_5243070374,9,10,5,10,r,y,2.0,Congested,Non-Congested
2008,cluster_2461880040_2461880142_8131892137,3,3,0,0,r,r,4.0,Non-Congested,Non-Congested
2008,cluster_2461880136_4910664147_50607912_8131882097,0,9,0,0,r,G,0.0,Non-Congested,Non-Congested
2009,132200274,0,5,0,5,r,G,1.0,Non-Congested,Congested
2009,47217361,2,0,2,0,G,r,3.0,Non-Congested,Non-Congested
2009,cluster_181310323_5380872437,2,0,0,0,G,r,3.0,Non-Congested,Non-Congested
2009,cluster_2455590523_389713_47212064,0,2,0,0,r,r,0.0,Non-Congested,Non-Congested
2009,cluster_2461783448_38980632_5243070374,8,10,5,10,r,y,1.0,Congested,Non-Congested
2009,cluster_2461880040_2461880142_8131892137,2,2,0,0,r,r,3.0,Non-Congested,Congested
2009,cluster_2461880136_4910664147_50607912_8131882097,0,10,0,0,r,G,1.0,Non-Congested,Non-Congested
2010,132200274,0,5,0,5,r,G,0.0,Non-Congested,Congested
2010,47217361,2,0,2,0,G,r,2.0,Non-Congested,Non-Congested
2010,cluster_181310323_5380872437,2,0,0,0,G,r,2.0,Non-Congested,Non-Congested
2010,cluster_2455590523_389713_47212064,0,1,0,0,r,r,0.0,Non-Congested,Congested
2010,cluster_2461783448_38980632_5243070374,8,10,5,10,r,y,0.0,Congested,Non-Congested
2010,cluster_2461880040_2461880142_8131892137,2,2,0,0,r,r,2.0,Non-Congested,Congested
2010,cluster_2461880136_4910664147_50607912_8131882097,0,10,0,0,r,G,0.0,Non-Congested,Non-Congested
2011,132200274,0,5,0,5,r,y,2.0,Non-Congested,Congested
2011,47217361,2,0,2,0,G,r,1.0,Non-Congested,Non-Congested
2011,cluster_181310323_5380872437,2,0,0,0,G,r,1.0,Non-Congested,Non-Congested
2011,cluster_2455590523_389713_47212064,0,2,0,1,r,r,3.0,Non-Congested,Congested
2011,cluster_2461783448_38980632_5243070374,7,10,4,10,G,r,4.0,Congested,Non-Congested
2011,cluster_2461880040_2461880142_8131892137,1,2,0,1,r,r,1.0,Non-Congested,Congested
2011,cluster_2461880136_4910664147_50607912_8131882097,0,9,0,0,r,y,2.0,Non-Congested,Non-Congested
2012,132200274,0,5,0,5,r,y,1.0,Non-Congested,Congested
2012,47217361,1,1,1,0,G,r,0.0,Non-Congested,Non-Congested
2012,cluster_181310323_5380872437,2,0,0,0,G,r,0.0,Non-Congested,Non-Congested
2012,cluster_2455590523_389713_47212064,0,2,0,1,r,r,2.0,Non-Congested,Congested
2012,cluster_2461783448_38980632_5243070374,6,11,3,10,G,r,3.0,Congested,Non-Congested
2012,cluster_2461880040_2461880142_8131892137,1,2,0,1,r,r,0.0,Non-Congested,Congested
2012,cluster_2461880136_4910664147_50607912_8131882097,0,10,0,0,r,y,1.0,Non-Congested,Non-Congested
2013,132200274,0,5,0,5,r,y,0.0,Non-Congested,Congested
2013,47217361,2,1,0,0,y,r,2.0,Non-Congested,Non-Congested
2013,cluster_1420096799_47154676,0,1,0,0,G,r,0.0,Non-Congested,Non-Congested
2013,cluster_181310323_5380872437,2,0,0,0,y,r,3.0,Non-Congested,Non-Congested
2013,cluster_2455590523_389713_47212064,0,3,0,2,r,r,1.0,Non-Congested,Non-Congested
2013,cluster_2461783448_38980632_5243070374,7,11,3,10,G,r,2.0,Congested,Congested
2013,cluster_2461880040_2461880142_8131892137,1,2,0,1,r,r,1.0,Non-Congested,Congested
2013,cluster_2461880136_4910664147_50607912_8131882097,0,10,0,0,r,y,0.0,Non-Congested,Non-Congested
2014,132200274,0,5,0,5,G,r,4.0,Non-Congested,Congested
2014,47217361,2,1,0,0,y,r,1.0,Non-Congested,Non-Congested
2014,cluster_1420096799_47154676,0,1,0,0,y,r,3.0,Non-Congested,Non-Congested
2014,cluster_181310323_5380872437,2,0,0,0,y,r,2.0,Non-Congested,Non-Congested
2014,cluster_2455590523_389713_47212064,0,3,0,2,r,r,0.0,Non-Congested,Non-Congested
2014,cluster_2461783448_38980632_5243070374,7,11,3,10,G,r,1.0,Congested,Congested
2014,cluster_2461880040_2461880142_8131892137,1,2,0,2,r,r,0.0,Non-Congested,Congested
2014,cluster_2461880136_4910664147_50607912_8131882097,0,9,0,0,r,r,0.0,Non-Congested,Non-Congested
2015,132200274,0,5,0,5,G,r,3.0,Non-Congested,Congested
2015,47217361,2,1,0,0,y,r,0.0,Non-Congested,Non-Congested
2015,cluster_1420096799_47154676,0,1,0,0,y,r,2.0,Non-Congested,Non-Congested
2015,cluster_181310323_5380872437,1,0,0,0,y,r,1.0,Non-Congested,Non-Congested
2015,cluster_2455590523_389713_47212064,0,3,0,1,r,G,4.0,Non-Congested,Non-Congested
2015,cluster_2461783448_38980632_5243070374,5,11,3,10,G,r,0.0,Congested,Congested
2015,cluster_2461880040_2461880142_8131892137,1,2,0,2,r,r,1.0,Non-Congested,Congested
2015,cluster_2461880136_4910664147_50607912_8131882097,0,10,0,0,G,r,4.0,Non-Congested,Non-Congested
2016,132200274,0,5,0,5,G,r,2.0,Non-Congested,Congested
2016,47217361,1,2,0,0,r,r,4.0,Non-Congested,Non-Congested
2016,cluster_1420096799_47154676,0,1,0,0,y,r,1.0,Non-Congested,Non-Congested
2016,cluster_181310323_5380872437,1,0,0,0,y,r,0.0,Non-Congested,Non-Congested
2016,cluster_2455590523_389713_47212064,0,2,0,0,r,G,3.0,Non-Congested,Non-Congested
2016,cluster_2461783448_38980632_5243070374,5,11,3,10,G,r,4.0,Congested,Congested
2016,cluster_2461880040_2461880142_8131892137,1,2,0,2,r,r,0.0,Non-Congested,Congested
2016,cluster_2461880136_4910664147_50607912_8131882097,0,9,0,1,G,r,3.0,Non-Congested,Non-Congested
2017,132200274,0,5,0,5,G,r,1.0,Non-Congested,Congested
2017,47217361,1,2,0,0,r,r,3.0,Non-Congested,Non-Congested
2017,cluster_1420096799_47154676,0,1,0,1,y,r,0.0,Non-Congested,Non-Congested
2017,cluster_181310323_5380872437,1,0,0,0,r,G,4.0,Non-Congested,Non-Congested
2017,cluster_2455590523_389713_47212064,0,2,0,0,r,G,2.0,Non-Congested,Non-Congested
2017,cluster_2461783448_38980632_5243070374,6,11,3,11,G,r,3.0,Congested,Congested
2017,cluster_2461880040_2461880142_8131892137,1,2,1,2,r,r,1.0,Non-Congested,Congested
2017,cluster_2461880136_4910664147_50607912_8131882097,0,10,0,2,G,r,2.0,Non-Congested,Non-Congested
2018,132200274,0,5,0,5,G,r,0.0,Non-Congested,Congested
2018,47217361,1,2,1,0,r,r,2.0,Non-Congested,Non-Congested
2018,cluster_1420096799_47154676,0,1,0,1,r,r,6.0,Non-Congested,Non-Congested
2018,cluster_181310323_5380872437,1,0,0,0,r,G,3.0,Non-Congested,Non-Congested
2018,cluster_2455590523_389713_47212064,0,2,0,0,r,G,1.0,Non-Congested,Non-Congested
2018,cluster_2461783448_38980632_5243070374,5,11,3,11,G,r,2.0,Congested,Congested
2018,cluster_2461880040_2461880142_8131892137,1,2,1,2,r,r,0.0,Non-Congested,Congested
2018,cluster_2461880136_4910664147_50607912_8131882097,0,9,0,2,G,r,1.0,Non-Congested,Non-Congested
2019,132200274,0,5,0,5,y,r,2.0,Non-Congested,Congested
2019,47217361,1,2,1,0,r,r,1.0,Non-Congested,Non-Congested
2019,cluster_1420096799_47154676,0,1,0,1,r,r,5.0,Non-Congested,Non-Congested
2019,cluster_181310323_5380872437,1,0,0,0,r,G,2.0,Non-Congested,Non-Congested
2019,cluster_2455590523_389713_47212064,0,1,0,0,r,G,0.0,Non-Congested,Congested
2019,cluster_2461783448_38980632_5243070374,5,11,3,11,G,r,1.0,Congested,Congested
2019,cluster_2461880040_2461880142_8131892137,1,2,1,2,r,r,1.0,Non-Congested,Congested
2019,cluster_2461880136_4910664147_50607912_8131882097,0,9,0,3,G,r,0.0,Non-Congested,Non-Congested
2020,132200274,0,5,0,5,y,r,1.0,Non-Congested,Congested
2020,47217361,1,1,1,0,r,r,0.0,Non-Congested,Non-Congested
2020,cluster_1420096799_47154676,0,1,0,1,r,r,4.0,Non-Congested,Non-Congested
2020,cluster_181310323_5380872437,1,0,0,0,r,G,1.0,Non-Congested,Non-Congested
2020,cluster_2455590523_389713_47212064,0,2,0,0,r,y,3.0,Non-Congested,Non-Congested
2020,cluster_2461783448_38980632_5243070374,5,11,3,11,G,r,0.0,Congested,Congested
2020,cluster_2461880040_2461880142_8131892137,1,2,1,2,r,r,0.0,Non-Congested,Congested
2020,cluster_2461880136_4910664147_50607912_8131882097,0,9,0,3,y,r,2.0,Non-Congested,Non-Congested
2021,132200274,0,5,0,5,y,r,0.0,Non-Congested,Congested
2021,47217361,1,2,1,0,r,r,1.0,Non-Congested,Non-Congested
2021,cluster_1420096799_47154676,0,1,0,1,r,r,3.0,Non-Congested,Non-Congested
2021,cluster_181310323_5380872437,1,0,0,0,r,G,0.0,Non-Congested,Non-Congested
2021,cluster_2455590523_389713_47212064,0,2,0,0,r,y,2.0,Non-Congested,Non-Congested
2021,cluster_2461783448_38980632_5243070374,4,11,3,11,G,r,9.0,Congested,Congested
2021,cluster_2461880040_2461880142_8131892137,1,2,1,2,r,r,1.0,Non-Congested,Congested
2021,cluster_2461880136_4910664147_50607912_8131882097,0,8,0,4,y,r,1.0,Non-Congested,Non-Congested
2022,132200274,0,5,0,5,r,G,4.0,Non-Congested,Congested
2022,47217361,1,2,1,0,r,r,0.0,Non-Congested,Non-Congested
2022,cluster_1420096799_47154676,0,1,0,1,r,r,2.0,Non-Congested,Non-Congested
2022,cluster_181310323_5380872437,1,0,0,0,r,y,3.0,Non-Congested,Non-Congested
2022,cluster_2455590523_389713_47212064,0,1,0,0,r,y,1.0,Non-Congested,Non-Congested
2022,cluster_2461783448_38980632_5243070374,4,11,3,11,G,r,8.0,Congested,Congested
2022,cluster_2461880040_2461880142_8131892137,1,2,1,2,r,r,0.0,Non-Congested,Congested
2022,cluster_2461880136_4910664147_50607912_8131882097,0,9,0,5,y,r,0.0,Non-Congested,Non-Congested
2023,132200274,0,5,0,5,r,G,3.0,Non-Congested,Congested
2023,47217361,1,2,1,0,r,r,0.0,Non-Congested,Non-Congested
2023,cluster_1420096799_47154676,0,1,0,1,r,r,1.0,Non-Congested,Non-Congested
2023,cluster_181310323_5380872437,1,0,0,0,r,y,2.0,Non-Congested,Non-Congested
2023,cluster_2455590523_389713_47212064,0,1,0,0,r,y,0.0,Non-Congested,Non-Congested
2023,cluster_2461783448_38980632_5243070374,3,11,3,11,G,r,7.0,Congested,Congested
2023,cluster_2461880040_2461880142_8131892137,1,2,1,2,r,r,1.0,Non-Congested,Congested
2023,cluster_2461880136_4910664147_50607912_8131882097,0,8,0,4,r,G,4.0,Non-Congested,Non-Congested
2024,132200274,0,5,0,5,r,G,2.0,Non-Congested,Congested
2024,47217361,1,3,1,0,r,r,0.0,Non-Congested,Non-Congested
2024,cluster_1420096799_47154676,0,1,0,1,r,r,0.0,Non-Congested,Non-Congested
2024,cluster_181310323_5380872437,1,0,0,0,r,y,1.0,Non-Congested,Non-Congested
2024,cluster_2455590523_389713_47212064,0,1,0,0,G,r,4.0,Non-Congested,Non-Congested
2024,cluster_2461783448_38980632_5243070374,3,11,3,11,G,r,6.0,Congested,Congested
2024,cluster_2461880040_2461880142_8131892137,1,2,1,2,r,r,0.0,Non-Congested,Congested
2024,cluster_2461880136_4910664147_50607912_8131882097,0,8,0,5,r,G,3.0,Non-Congested,Congested
2025,132200274,0,5,0,5,r,G,1.0,Non-Congested,Congested
2025,47217361,1,3,1,0,r,r,2.0,Non-Congested,Non-Congested
2025,cluster_1420096799_47154676,0,1,0,1,r,r,3.0,Non-Congested,Non-Congested
2025,cluster_181310323_5380872437,1,0,0,0,r,y,0.0,Non-Congested,Non-Congested
2025,cluster_2455590523_389713_47212064,0,2,0,1,G,r,3.0,Non-Congested,Non-Congested
2025,cluster_2461783448_38980632_5243070374,3,11,3,11,G,r,5.0,Congested,Congested
2025,cluster_2461880040_2461880142_8131892137,1,2,1,2,r,r,1.0,Non-Congested,Congested
2025,cluster_2461880136_4910664147_50607912_8131882097,0,8,0,4,r,G,2.0,Non-Congested,Non-Congested
2026,132200274,0,5,0,5,r,G,0.0,Non-Congested,Congested
2026,47217361,1,3,1,0,r,r,1.0,Non-Congested,Non-Congested
2026,cluster_1420096799_47154676,0,1,0,1,r,r,2.0,Non-Congested,Non-Congested
2026,cluster_2455590523_389713_47212064,0,2,0,1,G,r,2.0,Non-Congested,Non-Congested
2026,cluster_2461783448_38980632_5243070374,3,11,3,11,G,r,4.0,Congested,Congested
2026,cluster_2461880040_2461880142_8131892137,1,2,1,2,r,r,0.0,Non-Congested,Congested
2026,cluster_2461880136_4910664147_50607912_8131882097,0,8,0,4,r,G,1.0,Non-Congested,Non-Congested
2027,132200274,0,5,0,5,r,y,2.0,Non-Congested,Congested
2027,47217361,1,4,1,0,r,r,0.0,Non-Congested,Non-Congested
2027,cluster_1420096799_47154676,0,1,0,1,r,r,1.0,Non-Congested,Non-Congested
2027,cluster_2455590523_389713_47212064,0,1,0,1,G,r,1.0,Non-Congested,Non-Congested
2027,cluster_2461783448_38980632_5243070374,3,11,3,11,G,r,3.0,Congested,Congested
2027,cluster_2461880040_2461880142_8131892137,1,2,1,2,r,r,1.0,Non-Congested,Congested
2027,cluster_2461880136_4910664147_50607912_8131882097,0,9,0,3,r,G,0.0,Non-Congested,Non-Congested
2028,132200274,0,5,0,5,r,y,1.0,Non-Congested,Congested
2028,47217361,1,4,1,0,r,G,4.0,Non-Congested,Non-Congested
2028,cluster_1420096799_47154676,0,1,0,1,r,r,0.0,Non-Congested,Non-Congested
2028,cluster_2455590523_389713_47212064,0,1,0,1,G,r,0.0,Non-Congested,Non-Congested
2028,cluster_2461783448_38980632_5243070374,3,11,3,11,G,r,2.0,Congested,Congested
2028,cluster_2461880040_2461880142_8131892137,1,2,1,2,r,r,0.0,Non-Congested,Congested
2028,cluster_2461880136_4910664147_50607912_8131882097,0,8,0,2,r,G,1.0,Non-Congested,Congested
2029,132200274,0,5,0,5,r,y,0.0,Non-Congested,Congested
2029,47217361,1,3,1,0,r,G,3.0,Non-Congested,Non-Congested
2029,cluster_1420096799_47154676,0,1,0,0,r,G,6.0,Non-Congested,Non-Congested
2029,cluster_181310323_5380872437,0,1,0,0,G,r,3.0,Non-Congested,Non-Congested
2029,cluster_2455590523_389713_47212064,0,1,0,1,y,r,3.0,Non-Congested,Non-Congested
2029,cluster_2461783448_38980632_5243070374,3,11,3,11,G,r,1.0,Congested,Congested
2029,cluster_2461880040_2461880142_8131892137,1,2,1,2,r,r,1.0,Non-Congested,Congested
2029,cluster_2461880136_4910664147_50607912_8131882097,0,8,0,3,r,G,0.0,Non-Congested,Non-Congested
2030,132200274,0,5,0,5,G,r,4.0,Non-Congested,Congested
2030,47217361,1,2,1,0,r,G,2.0,Non-Congested,Non-Congested
2030,cluster_181310323_5380872437,0,1,0,0,G,r,2.0,Non-Congested,Non-Congested
2030,cluster_2455590523_389713_47212064,0,1,0,1,y,r,2.0,Non-Congested,Non-Congested
2030,cluster_2461783448_38980632_5243070374,3,11,3,11,G,r,0.0,Congested,Congested
2030,cluster_2461880040_2461880142_8131892137,1,2,1,2,r,r,0.0,Non-Congested,Congested
2030,cluster_2461880136_4910664147_50607912_8131882097,0,9,0,1,r,G,1.0,Non-Congested,Non-Congested
2031,132200274,0,5,0,5,G,r,3.0,Non-Congested,Congested
2031,47217361,1,1,1,0,r,G,1.0,Non-Congested,Non-Congested
2031,cluster_181310323_5380872437,0,1,0,0,G,r,1.0,Non-Congested,Non-Congested
2031,cluster_2455590523_389713_47212064,0,1,0,1,y,r,1.0,Non-Congested,Non-Congested
2031,cluster_2461783448_38980632_5243070374,3,11,3,11,y,r,4.0,Congested,Congested
2031,cluster_2461880040_2461880142_8131892137,1,2,1,2,r,r,1.0,Non-Congested,Congested
2031,cluster_2461880136_4910664147_50607912_8131882097,0,8,0,1,r,G,0.0,Non-Congested,Non-Congested
2032,132200274,0,5,0,5,G,r,2.0,Non-Congested,Congested
2032,47217361,1,2,1,0,r,G,0.0,Non-Congested,Non-Congested
2032,cluster_2455590523_389713_47212064,0,1,0,1,y,r,0.0,Non-Congested,Non-Congested
2032,cluster_2461783448_38980632_5243070374,3,11,3,11,y,r,3.0,Congested,Congested
2032,cluster_2461880040_2461880142_8131892137,1,2,1,2,r,r,0.0,Non-Congested,Congested
2032,cluster_2461880136_4910664147_50607912_8131882097,0,8,0,1,r,G,1.0,Non-Congested,Non-Congested
2033,132200274,0,5,0,5,G,r,1.0,Non-Congested,Congested
2033,47217361,1,1,1,0,r,G,0.0,Non-Congested,Non-Congested
2033,cluster_2455590523_389713_47212064,0,1,0,0,r,r,6.0,Non-Congested,Congested
2033,cluster_2461783448_38980632_5243070374,3,11,3,11,y,r,2.0,Congested,Congested
2033,cluster_2461880040_2461880142_8131892137,1,2,1,2,r,r,1.0,Non-Congested,Congested
2033,cluster_2461880136_4910664147_50607912_8131882097,0,9,0,0,r,G,0.0,Non-Congested,Non-Congested
2034,132200274,0,5,0,5,G,r,0.0,Non-Congested,Congested
2034,47217361,1,1,1,0,r,y,2.0,Non-Congested,Non-Congested
2034,cluster_2461783448_38980632_5243070374,3,11,3,11,y,r,1.0,Congested,Congested
2034,cluster_2461880040_2461880142_8131892137,1,2,1,2,r,r,0.0,Non-Congested,Congested
2034,cluster_2461880136_4910664147_50607912_8131882097,0,9,0,0,r,G,1.0,Non-Congested,Non-Congested
2035,132200274,0,5,0,5,y,r,2.0,Non-Congested,Congested
2035,47217361,1,1,1,0,r,y,1.0,Non-Congested,Non-Congested
2035,cluster_2455590523_389713_47212064,0,1,0,0,r,r,4.0,Non-Congested,Non-Congested
2035,cluster_2461783448_38980632_5243070374,3,11,3,11,y,r,0.0,Congested,Congested
2035,cluster_2461880040_2461880142_8131892137,1,2,1,2,r,r,1.0,Non-Congested,Congested
2035,cluster_2461880136_4910664147_50607912_8131882097,0,8,0,0,r,G,0.0,Non-Congested,Non-Congested
2036,132200274,0,5,0,5,y,r,1.0,Non-Congested,Congested
2036,47217361,1,1,1,0,r,y,0.0,Non-Congested,Non-Congested
2036,cluster_1420096799_47154676,1,0,0,0,r,y,3.0,Non-Congested,Non-Congested
2036,cluster_2461783448_38980632_5243070374,3,10,2,10,r,G,4.0,Congested,Non-Congested
2036,cluster_2461880040_2461880142_8131892137,1,2,1,2,r,r,0.0,Non-Congested,Congested
2036,cluster_2461880136_4910664147_50607912_8131882097,0,9,0,0,r,G,1.0,Non-Congested,Non-Congested
2037,132200274,0,5,0,5,y,r,0.0,Non-Congested,Congested
2037,47217361,1,0,0,0,G,r,4.0,Non-Congested,Non-Congested
2037,cluster_1420096799_47154676,1,0,0,0,r,y,2.0,Non-Congested,Non-Congested
2037,cluster_2461783448_38980632_5243070374,2,10,1,9,r,G,3.0,Congested,Non-Congested
2037,cluster_2461880040_2461880142_8131892137,1,2,1,2,r,r,1.0,Non-Congested,Congested
2037,cluster_2461880136_4910664147_50607912_8131882097,0,8,0,0,r,G,0.0,Non-Congested,Non-Congested
2038,132200274,0,5,0,5,r,G,4.0,Non-Congested,Congested
2038,cluster_1420096799_47154676,1,0,0,0,r,y,1.0,Non-Congested,Non-Congested
2038,cluster_2455590523_389713_47212064,0,1,0,0,r,r,1.0,Non-Congested,Non-Congested
2038,cluster_2461783448_38980632_5243070374,2,10,0,8,r,G,2.0,Non-Congested,Non-Congested
2038,cluster_2461880040_2461880142_8131892137,1,2,1,2,r,r,0.0,Non-Congested,Congested
2038,cluster_2461880136_4910664147_50607912_8131882097,0,9,0,0,r,G,0.0,Non-Congested,Non-Congested
2039,132200274,0,5,0,5,r,G,3.0,Non-Congested,Congested
2039,cluster_1420096799_47154676,1,0,0,0,r,y,0.0,Non-Congested,Non-Congested
2039,cluster_2455590523_389713_47212064,0,1,0,0,r,r,0.0,Non-Congested,Non-Congested
2039,cluster_2461783448_38980632_5243070374,2,10,0,7,r,G,1.0,Non-Congested,Non-Congested
2039,cluster_2461880040_2461880142_8131892137,1,2,1,2,r,r,1.0,Non-Congested,Congested
2039,cluster_2461880136_4910664147_50607912_8131882097,0,9,0,0,r,G,1.0,Non-Congested,Non-Congested
2040,132200274,0,5,0,5,r,G,2.0,Non-Congested,Congested
2040,cluster_1420096799_47154676,1,0,0,0,G,r,6.0,Non-Congested,Non-Congested
2040,cluster_2455590523_389713_47212064,0,1,0,0,r,r,0.0,Non-Congested,Non-Congested
2040,cluster_2461783448_38980632_5243070374,2,10,0,6,r,G,0.0,Non-Congested,Non-Congested
2040,cluster_2461880040_2461880142_8131892137,1,2,1,2,r,r,0.0,Non-Congested,Congested
2040,cluster_2461880136_4910664147_50607912_8131882097,0,8,0,0,r,G,0.0,Non-Congested,Non-Congested
2041,132200274,0,5,0,5,r,G,1.0,Non-Congested,Congested
2041,cluster_1420096799_47154676,1,0,0,0,G,r,5.0,Non-Congested,Non-Congested
2041,cluster_2461783448_38980632_5243070374,2,10,0,6,r,y,4.0,Non-Congested,Non-Congested
2041,cluster_2461880040_2461880142_8131892137,1,2,1,2,r,r,1.0,Non-Congested,Congested
2041,cluster_2461880136_4910664147_50607912_8131882097,0,9,0,0,r,G,1.0,Non-Congested,Non-Congested
2042,132200274,0,5,0,5,r,G,0.0,Non-Congested,Congested
2042,cluster_2455590523_389713_47212064,0,2,0,0,r,r,2.0,Non-Congested,Non-Congested
2042,cluster_2461783448_38980632_5243070374,2,10,1,5,r,y,3.0,Non-Congested,Non-Congested
2042,cluster_2461880040_2461880142_8131892137,1,2,1,2,r,r,0.0,Non-Congested,Congested
2042,cluster_2461880136_4910664147_50607912_8131882097,0,8,0,0,r,G,0.0,Non-Congested,Non-Congested
2043,132200274,0,5,0,5,r,y,2.0,Non-Congested,Congested
2043,47217361,1,0,0,0,y,r,1.0,Non-Congested,Non-Congested
2043,cluster_2455590523_389713_47212064,1,2,0,0,r,r,1.0,Non-Congested,Congested
2043,cluster_2461783448_38980632_5243070374,3,10,1,4,r,y,2.0,Non-Congested,Non-Congested
2043,cluster_2461880040_2461880142_8131892137,1,2,1,2,r,r,4.0,Non-Congested,Congested
2043,cluster_2461880136_4910664147_50607912_8131882097,0,8,0,0,r,G,1.0,Non-Congested,Non-Congested
2044,132200274,0,5,0,5,r,y,1.0,Non-Congested,Congested
2044,47217361,1,0,0,0,y,r,0.0,Non-Congested,Non-Congested
2044,cluster_2455590523_389713_47212064,0,1,0,0,r,r,0.0,Non-Congested,Congested
2044,cluster_2461783448_38980632_5243070374,3,10,1,2,r,y,1.0,Non-Congested,Non-Congested
2044,cluster_2461880040_2461880142_8131892137,1,2,1,2,r,r,3.0,Non-Congested,Congested
2044,cluster_2461880136_4910664147_50607912_8131882097,0,8,0,0,r,G,0.0,Non-Congested,Non-Congested
2045,132200274,0,5,0,5,r,y,0.0,Non-Congested,Congested
2045,47217361,1,0,0,0,r,r,4.0,Non-Congested,Non-Congested
2045,cluster_2461783448_38980632_5243070374,4,10,2,4,r,y,0.0,Non-Congested,Non-Congested
2045,cluster_2461880040_2461880142_8131892137,1,2,1,2,r,r,2.0,Non-Congested,Congested
2045,cluster_2461880136_4910664147_50607912_8131882097,0,6,0,0,r,G,0.0,Non-Congested,Non-Congested
2046,132200274,0,5,0,5,G,r,4.0,Non-Congested,Congested
2046,47217361,1,0,0,0,r,r,3.0,Non-Congested,Non-Congested
2046,cluster_2461783448_38980632_5243070374,5,10,2,2,G,r,4.0,Congested,Non-Congested
2046,cluster_2461880040_2461880142_8131892137,1,2,1,2,r,r,1.0,Non-Congested,Congested
2046,cluster_2461880136_4910664147_50607912_8131882097,0,6,0,0,r,G,1.0,Non-Congested,Non-Congested
2046,cluster_59665162_8742497506,1,0,0,0,G,r,2.0,Congested,Non-Congested
2047,132200274,0,5,0,5,G,r,3.0,Non-Congested,Congested
2047,47217361,1,1,0,0,r,r,2.0,Non-Congested,Non-Congested
2047,cluster_2461783448_38980632_5243070374,5,10,2,3,G,r,3.0,Congested,Non-Congested
2047,cluster_2461880040_2461880142_8131892137,1,2,1,2,r,r,0.0,Non-Congested,Congested
2047,cluster_2461880136_4910664147_50607912_8131882097,0,6,0,0,r,G,0.0,Non-Congested,Non-Congested
2048,132200274,0,5,0,5,G,r,2.0,Non-Congested,Congested
2048,47217361,1,1,0,0,r,r,1.0,Non-Congested,Non-Congested
2048,cluster_2455590523_389713_47212064,1,0,0,0,r,G,1.0,Non-Congested,Non-Congested
2048,cluster_2461783448_38980632_5243070374,4,10,2,2,G,r,2.0,Congested,Non-Congested
2048,cluster_2461880040_2461880142_8131892137,1,2,0,2,G,r,4.0,Non-Congested,Congested
2048,cluster_2461880136_4910664147_50607912_8131882097,0,5,0,0,r,G,1.0,Non-Congested,Non-Congested
2049,132200274,0,5,0,5,G,r,1.0,Non-Congested,Congested
2049,47217361,1,1,0,0,r,r,0.0,Non-Congested,Non-Congested
2049,cluster_2455590523_389713_47212064,1,0,0,0,r,G,0.0,Non-Congested,Non-Congested
2049,cluster_2461783448_38980632_5243070374,3,10,3,3,G,r,1.0,Congested,Non-Congested
2049,cluster_2461880040_2461880142_8131892137,0,2,0,2,G,r,3.0,Non-Congested,Congested
2049,cluster_2461880136_4910664147_50607912_8131882097,0,4,0,0,r,G,0.0,Non-Congested,Non-Congested
2050,132200274,0,5,0,5,G,r,0.0,Non-Congested,Congested
2050,47217361,0,2,0,0,r,r,0.0,Non-Congested,Non-Congested
2050,cluster_2455590523_389713_47212064,1,0,0,0,r,y,3.0,Non-Congested,Non-Congested
2050,cluster_2461783448_38980632_5243070374,3,10,3,3,G,r,0.0,Congested,Non-Congested
2050,cluster_2461880040_2461880142_8131892137,0,2,0,2,G,r,2.0,Non-Congested,Congested
2050,cluster_2461880136_4910664147_50607912_8131882097,0,3,0,0,r,G,0.0,Non-Congested,Non-Congested
2051,132200274,0,5,0,5,y,r,2.0,Non-Congested,Congested
2051,47217361,0,2,0,0,r,r,2.0,Non-Congested,Non-Congested
2051,cluster_2455590523_389713_47212064,1,0,0,0,r,y,2.0,Non-Congested,Non-Congested
2051,cluster_2461783448_38980632_5243070374,3,10,3,4,G,r,4.0,Congested,Non-Congested
2051,cluster_2461880040_2461880142_8131892137,0,2,0,2,G,r,1.0,Non-Congested,Congested
2051,cluster_2461880136_4910664147_50607912_8131882097,0,3,0,0,r,G,0.0,Non-Congested,Non-Congested
2052,132200274,0,5,0,5,y,r,1.0,Non-Congested,Congested
2052,47217361,0,2,0,0,r,r,1.0,Non-Congested,Non-Congested
2052,cluster_2455590523_389713_47212064,1,1,0,0,r,y,1.0,Non-Congested,Non-Congested
2052,cluster_2461783448_38980632_5243070374,3,10,3,5,G,r,3.0,Congested,Non-Congested
2052,cluster_2461880040_2461880142_8131892137,0,2,0,2,G,r,0.0,Non-Congested,Congested
2052,cluster_2461880136_4910664147_50607912_8131882097,0,3,0,0,r,y,2.0,Non-Congested,Non-Congested
2053,132200274,0,5,0,5,y,r,0.0,Non-Congested,Congested
2053,47217361,0,2,0,0,r,r,0.0,Non-Congested,Non-Congested
2053,cluster_2455590523_389713_47212064,1,1,1,0,r,y,0.0,Non-Congested,Non-Congested
2053,cluster_2461783448_38980632_5243070374,3,10,3,6,G,r,2.0,Congested,Non-Congested
2053,cluster_2461880040_2461880142_8131892137,0,2,0,2,y,r,4.0,Non-Congested,Congested
2053,cluster_2461880136_4910664147_50607912_8131882097,0,4,0,0,r,y,1.0,Non-Congested,Non-Congested
2054,132200274,0,5,0,5,r,G,4.0,Non-Congested,Congested
2054,47217361,0,2,0,0,r,G,4.0,Non-Congested,Non-Congested
2054,cluster_2455590523_389713_47212064,0,1,0,0,G,r,4.0,Non-Congested,Non-Congested
2054,cluster_2461783448_38980632_5243070374,3,10,3,6,G,r,1.0,Congested,Non-Congested
2054,cluster_2461880040_2461880142_8131892137,0,2,0,2,y,r,3.0,Non-Congested,Congested
2054,cluster_2461880136_4910664147_50607912_8131882097,0,3,0,0,r,y,0.0,Non-Congested,Non-Congested
2055,132200274,0,5,0,5,r,G,3.0,Non-Congested,Congested
2055,47217361,0,2,0,0,r,G,3.0,Non-Congested,Non-Congested
2055,cluster_2461783448_38980632_5243070374,3,10,3,7,G,r,0.0,Congested,Non-Congested
2055,cluster_2461880040_2461880142_8131892137,1,2,0,2,y,r,2.0,Non-Congested,Congested
2055,cluster_2461880136_4910664147_50607912_8131882097,0,3,0,0,r,r,0.0,Non-Congested,Non-Congested
2056,132200274,0,5,0,5,r,G,2.0,Non-Congested,Congested
2056,47217361,0,2,0,0,r,G,2.0,Non-Congested,Non-Congested
2056,cluster_2461783448_38980632_5243070374,3,10,3,8,G,r,9.0,Congested,Non-Congested
2056,cluster_2461880040_2461880142_8131892137,0,2,0,2,y,r,1.0,Non-Congested,Congested
2056,cluster_2461880136_4910664147_50607912_8131882097,0,3,0,0,G,r,4.0,Non-Congested,Non-Congested
2056,cluster_59665162_8742497506,1,0,0,0,r,G,0.0,Non-Congested,Non-Congested
2057,132200274,0,5,0,5,r,G,1.0,Non-Congested,Congested
2057,47217361,0,3,0,0,r,G,1.0,Non-Congested,Non-Congested
2057,cluster_2461783448_38980632_5243070374,3,10,3,8,G,r,8.0,Congested,Non-Congested
2057,cluster_2461880040_2461880142_8131892137,0,2,0,2,y,r,0.0,Non-Congested,Congested
2057,cluster_2461880136_4910664147_50607912_8131882097,0,3,0,0,G,r,3.0,Non-Congested,Non-Congested
2057,cluster_59665162_8742497506,1,0,0,0,r,y,2.0,Non-Congested,Non-Congested
2058,132200274,0,5,0,5,r,G,0.0,Non-Congested,Congested
2058,47217361,0,2,0,0,r,G,0.0,Non-Congested,Non-Congested
2058,cluster_2461783448_38980632_5243070374,3,10,3,9,G,r,7.0,Congested,Non-Congested
2058,cluster_2461880040_2461880142_8131892137,0,2,0,1,r,G,9.0,Non-Congested,Congested
2058,cluster_2461880136_4910664147_50607912_8131882097,0,3,0,0,G,r,2.0,Non-Congested,Non-Congested
2058,cluster_59665162_8742497506,1,0,1,0,r,y,1.0,Non-Congested,Non-Congested
2059,132200274,0,5,0,5,r,y,2.0,Non-Congested,Congested
2059,47217361,0,2,0,0,r,y,2.0,Non-Congested,Non-Congested
2059,cluster_2455590523_389713_47212064,1,0,0,0,y,r,3.0,Non-Congested,Non-Congested
2059,cluster_2461783448_38980632_5243070374,3,10,3,9,G,r,6.0,Congested,Non-Congested
2059,cluster_2461880040_2461880142_8131892137,0,1,0,0,r,G,8.0,Non-Congested,Congested
2059,cluster_2461880136_4910664147_50607912_8131882097,0,3,0,0,G,r,1.0,Non-Congested,Non-Congested
2059,cluster_59665162_8742497506,1,0,1,0,r,y,0.0,Non-Congested,Non-Congested
2060,132200274,0,5,0,5,r,y,1.0,Non-Congested,Congested
2060,47217361,0,2,0,0,r,y,1.0,Non-Congested,Non-Congested
2060,cluster_2461783448_38980632_5243070374,3,10,3,10,G,r,5.0,Congested,Non-Congested
2060,cluster_2461880040_2461880142_8131892137,0,1,0,0,r,G,7.0,Non-Congested,Congested
2060,cluster_2461880136_4910664147_50607912_8131882097,0,2,0,0,G,r,0.0,Non-Congested,Non-Congested
2061,132200274,0,5,0,5,r,y,0.0,Non-Congested,Congested
2061,47217361,0,2,0,0,r,y,0.0,Non-Congested,Non-Congested
2061,cluster_2461783448_38980632_5243070374,3,10,3,10,G,r,4.0,Congested,Non-Congested
2061,cluster_2461880040_2461880142_8131892137,0,1,0,0,r,G,6.0,Non-Congested,Non-Congested
2061,cluster_2461880136_4910664147_50607912_8131882097,0,2,0,0,y,r,2.0,Non-Congested,Non-Congested
2062,132200274,0,5,0,5,G,r,4.0,Non-Congested,Congested
2062,47217361,0,2,0,0,G,r,4.0,Non-Congested,Non-Congested
2062,cluster_2461783448_38980632_5243070374,3,10,3,10,G,r,3.0,Congested,Non-Congested
2062,cluster_2461880040_2461880142_8131892137,0,1,0,0,r,G,5.0,Non-Congested,Non-Congested
2062,cluster_2461880136_4910664147_50607912_8131882097,0,1,0,0,y,r,1.0,Non-Congested,Non-Congested
2063,132200274,0,5,0,5,G,r,3.0,Non-Congested,Congested
2063,47217361,0,2,0,0,G,r,3.0,Non-Congested,Non-Congested
2063,cluster_2461783448_38980632_5243070374,3,10,3,10,G,r,2.0,Congested,Non-Congested
2063,cluster_2461880040_2461880142_8131892137,0,1,0,0,r,G,4.0,Non-Congested,Non-Congested
2063,cluster_2461880136_4910664147_50607912_8131882097,0,1,0,0,y,r,0.0,Non-Congested,Non-Congested
2064,132200274,0,5,0,5,G,r,2.0,Non-Congested,Congested
2064,47217361,0,2,0,0,G,r,2.0,Non-Congested,Non-Congested
2064,cluster_2461783448_38980632_5243070374,3,10,3,10,G,r,1.0,Congested,Non-Congested
2064,cluster_2461880136_4910664147_50607912_8131882097,0,1,0,0,r,G,4.0,Non-Congested,Non-Congested
2065,132200274,0,5,0,5,G,r,1.0,Non-Congested,Congested
2065,47217361,0,2,0,0,G,r,1.0,Non-Congested,Non-Congested
2065,cluster_1420096799_47154676,0,1,0,0,r,G,3.0,Non-Congested,Non-Congested
2065,cluster_2461783448_38980632_5243070374,3,10,3,10,G,r,0.0,Congested,Non-Congested
2065,cluster_2461880040_2461880142_8131892137,1,1,0,0,r,G,2.0,Non-Congested,Non-Congested
2066,132200274,0,5,0,5,G,r,0.0,Non-Congested,Congested
2066,47217361,0,2,0,0,G,r,0.0,Non-Congested,Non-Congested
2066,cluster_2461783448_38980632_5243070374,3,10,3,10,y,r,4.0,Congested,Non-Congested
2066,cluster_2461880040_2461880142_8131892137,1,1,0,0,r,G,1.0,Non-Congested,Non-Congested
2067,132200274,0,5,0,5,y,r,2.0,Non-Congested,Congested
2067,181747232,1,1,0,0,r,G,1.0,Non-Congested,Non-Congested
2067,47217361,0,2,0,1,y,r,2.0,Non-Congested,Non-Congested
2067,cluster_2461783448_38980632_5243070374,3,10,3,10,y,r,3.0,Congested,Non-Congested
2067,cluster_2461880040_2461880142_8131892137,1,1,0,0,r,G,0.0,Non-Congested,Non-Congested
2068,132200274,0,5,0,5,y,r,1.0,Non-Congested,Congested
2068,181747232,1,1,0,0,r,G,0.0,Non-Congested,Non-Congested
2068,47217361,0,2,0,1,y,r,1.0,Non-Congested,Non-Congested
2068,cluster_2461783448_38980632_5243070374,3,10,3,10,y,r,2.0,Congested,Non-Congested
2068,cluster_2461880040_2461880142_8131892137,2,2,0,0,r,y,4.0,Non-Congested,Non-Congested
2069,132200274,0,5,0,5,y,r,0.0,Non-Congested,Congested
2069,181747232,1,1,0,0,r,y,3.0,Non-Congested,Non-Congested
2069,47217361,0,2,0,1,y,r,0.0,Non-Congested,Non-Congested
2069,cluster_2461783448_38980632_5243070374,3,10,3,10,y,r,1.0,Congested,Non-Congested
2069,cluster_2461880040_2461880142_8131892137,2,3,0,0,r,y,3.0,Non-Congested,Non-Congested
2070,132200274,0,5,0,5,r,G,4.0,Non-Congested,Congested
2070,181747232,1,1,0,0,r,y,2.0,Non-Congested,Non-Congested
2070,47217361,0,2,0,1,r,r,4.0,Non-Congested,Non-Congested
2070,cluster_1420096799_47154676,1,0,0,0,r,y,2.0,Non-Congested,Non-Congested
2070,cluster_2461783448_38980632_5243070374,3,10,3,10,y,r,0.0,Congested,Non-Congested
2070,cluster_2461880040_2461880142_8131892137,2,3,0,0,r,y,2.0,Non-Congested,Non-Congested
2071,132200274,0,5,0,5,r,G,3.0,Non-Congested,Congested
2071,181747232,1,1,0,0,r,y,1.0,Non-Congested,Non-Congested
2071,47217361,0,2,0,1,r,r,3.0,Non-Congested,Non-Congested
2071,cluster_1420096799_47154676,1,0,0,0,r,y,1.0,Non-Congested,Non-Congested
2071,cluster_2461783448_38980632_5243070374,2,9,2,9,r,G,4.0,Congested,Non-Congested
2071,cluster_2461880040_2461880142_8131892137,2,3,0,0,r,y,1.0,Non-Congested,Non-Congested
2072,132200274,0,6,0,5,r,G,2.0,Non-Congested,Congested
2072,181747232,1,1,0,0,r,y,0.0,Non-Congested,Non-Congested
2072,47217361,0,2,0,1,r,r,2.0,Non-Congested,Non-Congested
2072,cluster_1420096799_47154676,1,0,0,0,r,y,0.0,Non-Congested,Non-Congested
2072,cluster_2455590523_389713_47212064,1,0,0,0,r,r,3.0,Non-Congested,Non-Congested
2072,cluster_2461783448_38980632_5243070374,2,9,1,8,r,G,3.0,Non-Congested,Non-Congested
2072,cluster_2461880040_2461880142_8131892137,2,4,0,1,r,y,0.0,Non-Congested,Non-Congested
2073,132200274,0,6,0,5,r,G,1.0,Non-Congested,Congested
2073,181747232,1,1,0,0,G,r,6.0,Non-Congested,Non-Congested
2073,47217361,0,3,0,2,r,r,1.0,Non-Congested,Non-Congested
2073,cluster_1420096799_47154676,1,0,0,0,G,r,6.0,Non-Congested,Non-Congested
2073,cluster_2461783448_38980632_5243070374,2,9,0,7,r,G,2.0,Non-Congested,Non-Congested
2073,cluster_2461880040_2461880142_8131892137,2,4,0,1,r,r,4.0,Non-Congested,Congested
2074,132200274,0,6,0,5,r,G,0.0,Non-Congested,Congested
2074,181747232,1,1,0,0,G,r,5.0,Non-Congested,Non-Congested
2074,47217361,0,3,0,2,r,r,0.0,Non-Congested,Non-Congested
2074,cluster_1420096799_47154676,1,0,0,0,G,r,5.0,Non-Congested,Non-Congested
2074,cluster_2461783448_38980632_5243070374,2,9,0,6,r,G,1.0,Non-Congested,Non-Congested
2074,cluster_2461880040_2461880142_8131892137,1,3,0,1,r,r,3.0,Non-Congested,Congested
2075,132200274,0,5,0,5,r,G,0.0,Non-Congested,Congested
2075,181747232,1,1,0,0,G,r,4.0,Non-Congested,Non-Congested
2075,47217361,0,3,0,2,r,r,2.0,Non-Congested,Non-Congested
2075,cluster_1420096799_47154676,1,0,0,0,G,r,4.0,Non-Congested,Non-Congested
2075,cluster_2461783448_38980632_5243070374,1,9,0,6,r,G,0.0,Non-Congested,Non-Congested
2075,cluster_2461880040_2461880142_8131892137,1,3,0,1,r,r,2.0,Non-Congested,Congested
2076,132200274,0,6,0,5,r,G,0.0,Non-Congested,Congested
2076,181747232,1,1,0,0,G,r,3.0,Non-Congested,Non-Congested
2076,47217361,0,3,0,2,r,r,1.0,Non-Congested,Non-Congested
2076,cluster_2461783448_38980632_5243070374,2,10,0,5,r,G,1.0,Non-Congested,Congested
2076,cluster_2461880040_2461880142_8131892137,0,2,0,2,r,r,1.0,Non-Congested,Congested
2077,132200274,0,5,0,5,r,y,2.0,Non-Congested,Congested
2077,181747232,1,1,0,0,G,r,2.0,Non-Congested,Non-Congested
2077,47217361,0,3,0,2,r,r,0.0,Non-Congested,Non-Congested
2077,cluster_2461783448_38980632_5243070374,2,10,0,4,r,G,0.0,Non-Congested,Congested
2077,cluster_2461880040_2461880142_8131892137,0,2,0,2,r,r,0.0,Non-Congested,Congested
2077,cluster_2461880136_4910664147_50607912_8131882097,1,0,0,0,G,r,0.0,Non-Congested,Non-Congested
2078,132200274,0,5,0,5,r,y,1.0,Non-Congested,Congested
2078,181747232,1,1,0,0,G,r,1.0,Non-Congested,Non-Congested
2078,47217361,0,2,0,1,r,G,4.0,Non-Congested,Non-Congested
2078,cluster_1420096799_47154676,1,0,0,0,G,r,1.0,Non-Congested,Non-Congested
2078,cluster_2461783448_38980632_5243070374,2,10,0,5,r,G,0.0,Non-Congested,Congested
2078,cluster_2461880040_2461880142_8131892137,0,2,0,2,r,r,1.0,Non-Congested,Congested
2079,132200274,0,5,0,5,r,y,0.0,Non-Congested,Congested
2079,181747232,1,1,0,0,G,r,0.0,Non-Congested,Non-Congested
2079,47217361,0,1,0,0,r,G,3.0,Non-Congested,Non-Congested
2079,cluster_2461783448_38980632_5243070374,2,10,0,6,r,G,0.0,Non-Congested,Congested
2079,cluster_2461880040_2461880142_8131892137,0,2,0,2,r,r,0.0,Non-Congested,Congested
2080,132200274,0,5,0,5,G,r,4.0,Non-Congested,Congested
2080,181747232,1,1,1,1,y,r,3.0,Non-Congested,Non-Congested
2080,47217361,0,1,0,0,r,G,2.0,Non-Congested,Non-Congested
2080,cluster_2461783448_38980632_5243070374,2,10,0,6,r,y,4.0,Non-Congested,Congested
2080,cluster_2461880040_2461880142_8131892137,0,2,0,2,r,r,1.0,Non-Congested,Congested
2081,132200274,0,5,0,5,G,r,3.0,Non-Congested,Congested
2081,181747232,1,1,1,1,y,r,2.0,Non-Congested,Non-Congested
2081,47217361,0,2,0,0,r,G,1.0,Non-Congested,Non-Congested
2081,cluster_2461783448_38980632_5243070374,2,10,0,5,r,y,3.0,Non-Congested,Non-Congested
2081,cluster_2461880040_2461880142_8131892137,0,2,0,2,r,r,0.0,Non-Congested,Congested
2082,132200274,0,5,0,5,G,r,2.0,Non-Congested,Congested
2082,181747232,1,1,1,1,y,r,1.0,Non-Congested,Non-Congested
2082,47217361,0,1,0,0,r,G,0.0,Non-Congested,Non-Congested
2082,cluster_2461783448_38980632_5243070374,2,10,0,4,r,y,2.0,Non-Congested,Non-Congested
2082,cluster_2461880040_2461880142_8131892137,0,2,0,2,r,r,1.0,Non-Congested,Congested
2083,132200274,0,5,0,5,G,r,1.0,Non-Congested,Congested
2083,181747232,1,1,1,1,y,r,0.0,Non-Congested,Non-Congested
2083,47217361,0,1,0,0,r,y,2.0,Non-Congested,Non-Congested
2083,cluster_2461783448_38980632_5243070374,4,10,0,3,r,y,1.0,Non-Congested,Non-Congested
2083,cluster_2461880040_2461880142_8131892137,0,2,0,2,r,r,0.0,Non-Congested,Congested
2083,cluster_2461880136_4910664147_50607912_8131882097,0,1,0,0,y,r,1.0,Non-Congested,Non-Congested
2084,132200274,0,5,0,5,G,r,0.0,Non-Congested,Congested
2084,181747232,1,1,1,1,r,G,6.0,Non-Congested,Congested
2084,47217361,1,1,0,0,r,y,1.0,Non-Congested,Non-Congested
2084,cluster_1420096799_47154676,0,1,0,0,r,r,6.0,Non-Congested,Non-Congested
2084,cluster_2461783448_38980632_5243070374,3,10,0,3,r,y,0.0,Non-Congested,Non-Congested
2084,cluster_2461880040_2461880142_8131892137,0,2,0,2,r,r,1.0,Non-Congested,Congested
2084,cluster_2461880136_4910664147_50607912_8131882097,0,1,0,0,y,r,0.0,Non-Congested,Non-Congested
2085,132200274,0,5,0,5,y,r,2.0,Non-Congested,Congested
2085,181747232,1,1,1,1,r,G,5.0,Non-Congested,Congested
2085,47217361,1,1,0,0,r,y,0.0,Non-Congested,Non-Congested
2085,cluster_1420096799_47154676,0,1,0,0,r,r,5.0,Non-Congested,Non-Congested
2085,cluster_2461783448_38980632_5243070374,5,10,0,3,G,r,4.0,Non-Congested,Non-Congested
2085,cluster_2461880040_2461880142_8131892137,0,2,0,2,r,r,0.0,Non-Congested,Congested
2085,cluster_2461880136_4910664147_50607912_8131882097,0,1,0,0,r,G,4.0,Non-Congested,Non-Congested
2086,132200274,0,5,0,5,y,r,1.0,Non-Congested,Congested
2086,181747232,1,1,1,1,r,G,4.0,Non-Congested,Congested
2086,47217361,2,1,0,0,G,r,4.0,Non-Congested,Non-Congested
2086,cluster_1420096799_47154676,0,1,0,0,r,r,4.0,Non-Congested,Non-Congested
2086,cluster_2461783448_38980632_5243070374,5,10,1,4,G,r,3.0,Non-Congested,Non-Congested
2086,cluster_2461880040_2461880142_8131892137,0,2,0,2,r,r,1.0,Non-Congested,Congested
2086,cluster_2461880136_4910664147_50607912_8131882097,0,1,0,0,r,G,3.0,Non-Congested,Non-Congested
2087,132200274,0,5,0,5,y,r,0.0,Non-Congested,Congested
2087,181747232,1,1,1,1,r,G,3.0,Non-Congested,Non-Congested
2087,47217361,2,0,0,0,G,r,3.0,Non-Congested,Non-Congested
2087,cluster_1420096799_47154676,0,1,0,0,r,r,3.0,Non-Congested,Non-Congested
2087,cluster_2461783448_38980632_5243070374,5,10,1,4,G,r,2.0,Non-Congested,Non-Congested
2087,cluster_2461880040_2461880142_8131892137,0,2,0,2,r,r,0.0,Non-Congested,Congested
2087,cluster_2461880136_4910664147_50607912_8131882097,0,1,0,0,r,G,2.0,Non-Congested,Non-Congested
2088,132200274,0,5,0,5,r,G,4.0,Non-Congested,Congested
2088,181747232,1,1,1,1,r,G,2.0,Non-Congested,Non-Congested
2088,47217361,2,0,0,0,G,r,2.0,Non-Congested,Non-Congested
2088,cluster_1420096799_47154676,0,1,0,0,r,r,2.0,Non-Congested,Non-Congested
2088,cluster_2461783448_38980632_5243070374,5,11,2,4,G,r,1.0,Non-Congested,Non-Congested
2088,cluster_2461880040_2461880142_8131892137,0,2,0,2,r,r,1.0,Non-Congested,Congested
2088,cluster_2461880136_4910664147_50607912_8131882097,0,2,0,0,r,G,1.0,Non-Congested,Non-Congested
2089,132200274,0,5,0,5,r,G,3.0,Non-Congested,Congested
2089,181747232,1,1,1,1,r,G,1.0,Non-Congested,Non-Congested
2089,47217361,1,0,0,0,G,r,1.0,Non-Congested,Non-Congested
2089,cluster_1420096799_47154676,0,1,0,0,r,r,1.0,Non-Congested,Non-Congested
2089,cluster_2461783448_38980632_5243070374,5,11,2,5,G,r,0.0,Non-Congested,Non-Congested
2089,cluster_2461880040_2461880142_8131892137,0,2,0,2,r,r,0.0,Non-Congested,Congested
2089,cluster_2461880136_4910664147_50607912_8131882097,0,2,0,0,r,G,0.0,Non-Congested,Non-Congested
2090,132200274,0,5,0,5,r,G,2.0,Non-Congested,Congested
2090,181747232,2,1,0,0,r,G,0.0,Non-Congested,Non-Congested
2090,47217361,1,0,0,0,G,r,0.0,Non-Congested,Non-Congested
2090,cluster_1420096799_47154676,0,1,0,0,r,r,0.0,Non-Congested,Non-Congested
2090,cluster_2461783448_38980632_5243070374,4,10,2,5,G,r,1.0,Non-Congested,Non-Congested
2090,cluster_2461880040_2461880142_8131892137,0,2,0,2,r,r,1.0,Non-Congested,Congested
2090,cluster_2461880136_4910664147_50607912_8131882097,0,3,0,0,r,y,2.0,Non-Congested,Non-Congested
2091,132200274,0,5,0,5,r,G,1.0,Non-Congested,Congested
2091,181747232,2,1,0,0,r,y,3.0,Non-Congested,Non-Congested
2091,47217361,1,1,0,0,G,r,0.0,Non-Congested,Non-Congested
2091,cluster_1420096799_47154676,0,1,0,0,r,r,3.0,Non-Congested,Non-Congested
2091,cluster_2461783448_38980632_5243070374,6,10,2,5,G,r,0.0,Non-Congested,Non-Congested
2091,cluster_2461880040_2461880142_8131892137,0,2,0,2,r,r,0.0,Non-Congested,Congested
2091,cluster_2461880136_4910664147_50607912_8131882097,0,3,0,0,r,y,1.0,Non-Congested,Non-Congested
2092,132200274,0,5,0,5,r,G,0.0,Non-Congested,Congested
2092,181747232,2,1,0,0,r,y,2.0,Non-Congested,Non-Congested
2092,47217361,1,2,0,0,y,r,2.0,Non-Congested,Non-Congested
2092,cluster_1420096799_47154676,0,1,0,0,r,r,2.0,Non-Congested,Non-Congested
2092,cluster_2461783448_38980632_5243070374,6,10,2,4,G,r,1.0,Non-Congested,Non-Congested
2092,cluster_2461880040_2461880142_8131892137,0,2,0,2,r,r,1.0,Non-Congested,Congested
2092,cluster_2461880136_4910664147_50607912_8131882097,0,3,0,0,r,y,0.0,Non-Congested,Non-Congested
2093,132200274,0,5,0,5,r,y,2.0,Non-Congested,Congested
2093,181747232,2,1,0,0,r,y,1.0,Non-Congested,Non-Congested
2093,47217361,1,2,1,0,y,r,1.0,Non-Congested,Non-Congested
2093,cluster_1420096799_47154676,0,1,0,0,r,r,1.0,Non-Congested,Non-Congested
2093,cluster_2455590523_389713_47212064,0,1,0,0,y,r,0.0,Non-Congested,Non-Congested
2093,cluster_2461783448_38980632_5243070374,6,10,2,5,G,r,0.0,Non-Congested,Non-Congested
2093,cluster_2461880040_2461880142_8131892137,0,2,0,2,r,r,0.0,Non-Congested,Congested
2093,cluster_2461880136_4910664147_50607912_8131882097,0,3,0,0,r,r,0.0,Non-Congested,Non-Congested
2094,132200274,0,5,0,5,r,y,1.0,Non-Congested,Congested
2094,181747232,2,1,0,0,r,y,0.0,Non-Congested,Non-Congested
2094,47217361,1,2,1,0,y,r,0.0,Non-Congested,Non-Congested
2094,cluster_2455590523_389713_47212064,0,2,0,0,r,r,6.0,Non-Congested,Congested
2094,cluster_2461783448_38980632_5243070374,5,10,2,6,G,r,1.0,Non-Congested,Non-Congested
2094,cluster_2461880040_2461880142_8131892137,0,2,0,2,r,r,1.0,Non-Congested,Congested
2094,cluster_2461880136_4910664147_50607912_8131882097,0,2,0,0,G,r,4.0,Non-Congested,Non-Congested
2095,132200274,0,5,0,5,r,y,0.0,Non-Congested,Congested
2095,181747232,2,1,0,0,G,r,6.0,Non-Congested,Non-Congested
2095,47217361,1,2,1,0,r,r,4.0,Non-Congested,Non-Congested
2095,cluster_2455590523_389713_47212064,0,1,0,0,r,r,5.0,Non-Congested,Congested
2095,cluster_2461783448_38980632_5243070374,5,10,2,6,G,r,0.0,Non-Congested,Non-Congested
2095,cluster_2461880040_2461880142_8131892137,0,2,0,2,r,r,0.0,Non-Congested,Congested
2095,cluster_2461880136_4910664147_50607912_8131882097,0,2,0,0,G,r,3.0,Non-Congested,Non-Congested
2096,132200274,0,5,0,5,G,r,4.0,Non-Congested,Congested
2096,181747232,2,1,0,0,G,r,5.0,Non-Congested,Non-Congested
2096,47217361,1,2,0,0,r,r,3.0,Non-Congested,Non-Congested
2096,cluster_2455590523_389713_47212064,0,1,0,1,r,r,4.0,Non-Congested,Congested
2096,cluster_2461783448_38980632_5243070374,5,10,2,7,G,r,0.0,Non-Congested,Non-Congested
2096,cluster_2461880040_2461880142_8131892137,0,2,0,2,r,r,1.0,Non-Congested,Congested
2096,cluster_2461880136_4910664147_50607912_8131882097,0,2,0,0,G,r,2.0,Non-Congested,Non-Congested
2096,cluster_59665162_8742497506,1,0,0,0,G,r,3.0,Non-Congested,Non-Congested
2097,132200274,0,5,0,5,G,r,3.0,Non-Congested,Congested
2097,181747232,2,1,0,0,G,r,4.0,Non-Congested,Non-Congested
2097,47217361,0,2,0,0,r,r,2.0,Non-Congested,Non-Congested
2097,cluster_2455590523_389713_47212064,0,1,0,1,r,r,3.0,Non-Congested,Congested
2097,cluster_2461783448_38980632_5243070374,5,10,2,7,G,r,0.0,Congested,Non-Congested
2097,cluster_2461880040_2461880142_8131892137,0,2,0,2,r,r,0.0,Non-Congested,Congested
2097,cluster_2461880136_4910664147_50607912_8131882097,0,2,0,1,G,r,1.0,Non-Congested,Non-Congested
2098,132200274,0,5,0,5,G,r,2.0,Non-Congested,Congested
2098,181747232,2,1,0,0,G,r,3.0,Non-Congested,Non-Congested
2098,47217361,0,1,0,0,r,r,1.0,Non-Congested,Non-Congested
2098,cluster_2455590523_389713_47212064,0,1,0,1,r,r,2.0,Non-Congested,Congested
2098,cluster_2461783448_38980632_5243070374,5,10,2,8,G,r,4.0,Congested,Non-Congested
2098,cluster_2461880040_2461880142_8131892137,0,2,0,2,r,r,1.0,Non-Congested,Congested
2098,cluster_2461880136_4910664147_50607912_8131882097,0,2,0,1,G,r,0.0,Non-Congested,Non-Congested
2099,132200274,0,5,0,5,G,r,1.0,Non-Congested,Congested
2099,181747232,2,1,0,0,G,r,2.0,Non-Congested,Non-Congested
2099,47217361,0,2,0,0,r,r,0.0,Non-Congested,Non-Congested
2099,cluster_2455590523_389713_47212064,0,1,0,1,r,r,1.0,Non-Congested,Congested
2099,cluster_2461783448_38980632_5243070374,4,10,2,8,G,r,3.0,Congested,Non-Congested
2099,cluster_2461880040_2461880142_8131892137,0,2,0,2,r,r,0.0,Non-Congested,Congested
2099,cluster_2461880136_4910664147_50607912_8131882097,0,2,0,2,y,r,2.0,Non-Congested,Non-Congested
2100,132200274,0,5,0,5,G,r,0.0,Non-Congested,Congested
2100,181747232,2,1,0,0,G,r,1.0,Non-Congested,Non-Congested
2100,47217361,0,2,0,0,r,r,2.0,Non-Congested,Non-Congested
2100,cluster_2455590523_389713_47212064,0,1,0,1,r,r,0.0,Non-Congested,Congested
2100,cluster_2461783448_38980632_5243070374,4,10,2,9,G,r,2.0,Congested,Non-Congested
2100,cluster_2461880040_2461880142_8131892137,0,2,0,2,r,r,1.0,Non-Congested,Congested
2100,cluster_2461880136_4910664147_50607912_8131882097,0,2,0,2,y,r,1.0,Non-Congested,Non-Congested
2101,132200274,0,5,0,5,y,r,2.0,Non-Congested,Congested
2101,181747232,2,1,0,0,G,r,0.0,Non-Congested,Non-Congested
2101,47217361,0,2,0,0,r,r,1.0,Non-Congested,Non-Congested
2101,cluster_2455590523_389713_47212064,0,1,0,1,r,r,0.0,Non-Congested,Congested
2101,cluster_2461783448_38980632_5243070374,3,10,3,9,G,r,1.0,Congested,Non-Congested
2101,cluster_2461880040_2461880142_8131892137,0,2,0,2,r,r,0.0,Non-Congested,Congested
2101,cluster_2461880136_4910664147_50607912_8131882097,0,2,0,2,y,r,0.0,Non-Congested,Non-Congested
2102,132200274,0,5,0,5,y,r,1.0,Non-Congested,Congested
2102,181747232,2,1,0,0,y,r,3.0,Non-Congested,Non-Congested
2102,47217361,0,2,0,0,r,r,0.0,Non-Congested,Non-Congested
2102,cluster_2455590523_389713_47212064,0,1,0,1,r,r,0.0,Non-Congested,Congested
2102,cluster_2461783448_38980632_5243070374,3,10,3,10,G,r,0.0,Congested,Non-Congested
2102,cluster_2461880040_2461880142_8131892137,0,2,0,2,r,r,1.0,Non-Congested,Congested
2102,cluster_2461880136_4910664147_50607912_8131882097,0,2,0,1,r,G,4.0,Non-Congested,Non-Congested
2103,132200274,0,5,0,5,y,r,0.0,Non-Congested,Congested
2103,181747232,2,1,1,1,y,r,2.0,Non-Congested,Non-Congested
2103,47217361,0,2,0,0,r,G,4.0,Non-Congested,Non-Congested
2103,cluster_2455590523_389713_47212064,0,1,0,1,r,r,3.0,Non-Congested,Congested
2103,cluster_2461783448_38980632_5243070374,3,10,3,10,G,r,9.0,Congested,Non-Congested
2103,cluster_2461880040_2461880142_8131892137,0,2,0,2,r,r,0.0,Non-Congested,Congested
2103,cluster_2461880136_4910664147_50607912_8131882097,0,1,0,0,r,G,3.0,Non-Congested,Non-Congested
2104,132200274,0,5,0,5,r,G,4.0,Non-Congested,Congested
2104,181747232,2,1,1,1,y,r,1.0,Non-Congested,Non-Congested
2104,47217361,0,2,0,0,r,G,3.0,Non-Congested,Non-Congested
2104,cluster_2455590523_389713_47212064,1,1,0,1,r,r,2.0,Congested,Congested
2104,cluster_2461783448_38980632_5243070374,3,10,3,10,G,r,8.0,Congested,Non-Congested
2104,cluster_2461880040_2461880142_8131892137,0,2,0,2,r,r,4.0,Non-Congested,Congested
2104,cluster_2461880136_4910664147_50607912_8131882097,0,1,0,0,r,G,2.0,Non-Congested,Non-Congested
2105,132200274,0,5,0,5,r,G,3.0,Non-Congested,Congested
2105,181747232,2,1,1,1,y,r,0.0,Non-Congested,Non-Congested
2105,47217361,0,1,0,0,r,G,2.0,Non-Congested,Non-Congested
2105,cluster_2455590523_389713_47212064,1,1,1,1,r,r,1.0,Non-Congested,Congested
2105,cluster_2461783448_38980632_5243070374,3,10,3,10,G,r,7.0,Congested,Non-Congested
2105,cluster_2461880040_2461880142_8131892137,0,2,0,2,r,r,3.0,Non-Congested,Congested
2105,cluster_2461880136_4910664147_50607912_8131882097,0,1,0,0,r,G,1.0,Non-Congested,Non-Congested
2106,132200274,0,5,0,5,r,G,2.0,Non-Congested,Congested
2106,181747232,2,1,1,1,r,G,6.0,Non-Congested,Non-Congested
2106,47217361,0,1,0,0,r,G,1.0,Non-Congested,Non-Congested
2106,cluster_2455590523_389713_47212064,1,1,0,1,r,r,0.0,Non-Congested,Congested
2106,cluster_2461783448_38980632_5243070374,3,10,3,10,G,r,6.0,Congested,Non-Congested
2106,cluster_2461880040_2461880142_8131892137,0,2,0,2,r,r,2.0,Non-Congested,Congested
2106,cluster_2461880136_4910664147_50607912_8131882097,0,1,0,0,r,G,0.0,Non-Congested,Non-Congested
2107,132200274,0,5,0,5,r,G,1.0,Non-Congested,Congested
2107,181747232,2,1,1,1,r,G,5.0,Non-Congested,Non-Congested
2107,cluster_1420096799_47154676,0,1,0,0,G,r,5.0,Non-Congested,Non-Congested
2107,cluster_2461783448_38980632_5243070374,3,10,3,10,G,r,5.0,Congested,Non-Congested
2107,cluster_2461880040_2461880142_8131892137,0,2,0,2,r,r,1.0,Non-Congested,Congested
2107,cluster_2461880136_4910664147_50607912_8131882097,0,1,0,0,r,y,2.0,Non-Congested,Non-Congested
2108,132200274,0,5,0,5,r,G,0.0,Non-Congested,Congested
2108,181747232,2,1,1,1,r,G,4.0,Non-Congested,Non-Congested
2108,cluster_1420096799_47154676,0,1,0,0,G,r,4.0,Non-Congested,Non-Congested
2108,cluster_2461783448_38980632_5243070374,3,10,3,10,G,r,4.0,Congested,Non-Congested
2108,cluster_2461880040_2461880142_8131892137,0,2,0,2,r,r,0.0,Non-Congested,Congested
2108,cluster_2461880136_4910664147_50607912_8131882097,0,1,0,0,r,y,1.0,Non-Congested,Non-Congested
2109,132200274,0,5,0,5,r,y,2.0,Non-Congested,Congested
2109,181747232,2,1,1,1,r,G,3.0,Non-Congested,Non-Congested
2109,47217361,1,0,0,0,r,G,0.0,Non-Congested,Non-Congested
2109,cluster_1420096799_47154676,0,1,0,0,G,r,3.0,Non-Congested,Non-Congested
2109,cluster_2455590523_389713_47212064,0,1,0,0,r,G,2.0,Non-Congested,Non-Congested
2109,cluster_2461783448_38980632_5243070374,3,10,3,10,G,r,3.0,Congested,Non-Congested
2109,cluster_2461880040_2461880142_8131892137,0,2,0,2,G,r,4.0,Non-Congested,Congested
2109,cluster_2461880136_4910664147_50607912_8131882097,0,1,0,0,r,y,0.0,Non-Congested,Non-Congested
2110,132200274,0,5,0,5,r,y,1.0,Non-Congested,Congested
2110,181747232,2,1,1,1,r,G,2.0,Non-Congested,Non-Congested
2110,47217361,1,0,0,0,r,y,2.0,Non-Congested,Non-Congested
2110,cluster_1420096799_47154676,0,1,0,1,G,r,2.0,Non-Congested,Non-Congested
2110,cluster_2455590523_389713_47212064,0,1,0,0,r,G,1.0,Non-Congested,Non-Congested
2110,cluster_2461783448_38980632_5243070374,3,10,3,10,G,r,2.0,Congested,Non-Congested
2110,cluster_2461880040_2461880142_8131892137,0,2,0,2,G,r,3.0,Non-Congested,Congested
2110,cluster_2461880136_4910664147_50607912_8131882097,0,2,0,1,r,r,0.0,Non-Congested,Non-Congested
2111,132200274,0,5,0,5,r,y,0.0,Non-Congested,Congested
2111,181747232,2,1,1,1,r,G,1.0,Non-Congested,Non-Congested
2111,47217361,1,0,0,0,r,y,1.0,Non-Congested,Non-Congested
2111,cluster_1420096799_47154676,0,1,0,1,G,r,1.0,Non-Congested,Non-Congested
2111,cluster_2455590523_389713_47212064,0,1,0,0,r,G,0.0,Non-Congested,Congested
2111,cluster_2461783448_38980632_5243070374,3,10,3,10,G,r,1.0,Congested,Non-Congested
2111,cluster_2461880040_2461880142_8131892137,0,2,0,2,G,r,2.0,Non-Congested,Congested
2111,cluster_2461880136_4910664147_50607912_8131882097,0,2,0,1,G,r,4.0,Non-Congested,Non-Congested
2112,132200274,0,5,0,5,G,r,4.0,Non-Congested,Congested
2112,181747232,2,1,1,1,r,G,0.0,Non-Congested,Non-Congested
2112,47217361,1,0,0,0,r,y,0.0,Non-Congested,Non-Congested
2112,cluster_1420096799_47154676,0,1,0,1,G,r,0.0,Non-Congested,Non-Congested
2112,cluster_2455590523_389713_47212064,0,1,0,0,r,y,3.0,Non-Congested,Congested
2112,cluster_2461783448_38980632_5243070374,3,10,3,10,G,r,0.0,Congested,Non-Congested
2112,cluster_2461880040_2461880142_8131892137,0,2,0,2,G,r,1.0,Non-Congested,Congested
2112,cluster_2461880136_4910664147_50607912_8131882097,0,2,0,1,G,r,3.0,Non-Congested,Non-Congested
2113,132200274,0,5,0,5,G,r,3.0,Non-Congested,Congested
2113,181747232,2,1,1,1,r,y,3.0,Non-Congested,Non-Congested
2113,47217361,1,0,0,0,G,r,4.0,Non-Congested,Non-Congested
2113,cluster_1420096799_47154676,0,1,0,1,y,r,3.0,Non-Congested,Non-Congested
2113,cluster_2455590523_389713_47212064,0,1,0,1,r,y,2.0,Non-Congested,Congested
2113,cluster_2461783448_38980632_5243070374,3,10,3,10,y,r,4.0,Congested,Non-Congested
2113,cluster_2461880040_2461880142_8131892137,0,2,0,2,G,r,0.0,Non-Congested,Congested
2113,cluster_2461880136_4910664147_50607912_8131882097,0,2,0,1,G,r,2.0,Non-Congested,Non-Congested
2114,132200274,0,5,0,5,G,r,2.0,Non-Congested,Congested
2114,181747232,3,1,1,1,r,y,2.0,Non-Congested,Non-Congested
2114,47217361,1,0,0,0,G,r,3.0,Non-Congested,Non-Congested
2114,cluster_1420096799_47154676,0,1,0,1,y,r,2.0,Non-Congested,Non-Congested
2114,cluster_2455590523_389713_47212064,0,1,0,1,r,y,1.0,Non-Congested,Congested
2114,cluster_2461783448_38980632_5243070374,3,10,3,10,y,r,3.0,Congested,Non-Congested
2114,cluster_2461880040_2461880142_8131892137,0,2,0,2,y,r,4.0,Non-Congested,Congested
2114,cluster_2461880136_4910664147_50607912_8131882097,0,2,0,1,G,r,1.0,Non-Congested,Non-Congested
2115,132200274,0,5,0,5,G,r,1.0,Non-Congested,Congested
2115,181747232,3,1,1,1,r,y,1.0,Non-Congested,Non-Congested
2115,47217361,1,0,0,0,G,r,2.0,Non-Congested,Non-Congested
2115,cluster_1420096799_47154676,0,1,0,1,y,r,1.0,Non-Congested,Non-Congested
2115,cluster_2455590523_389713_47212064,0,2,0,1,r,y,0.0,Non-Congested,Congested
2115,cluster_2461783448_38980632_5243070374,3,10,3,10,y,r,2.0,Congested,Non-Congested
2115,cluster_2461880040_2461880142_8131892137,0,2,0,2,y,r,3.0,Non-Congested,Congested
2115,cluster_2461880136_4910664147_50607912_8131882097,0,2,0,1,G,r,0.0,Non-Congested,Non-Congested
2116,132200274,0,5,0,5,G,r,0.0,Non-Congested,Congested
2116,181747232,3,1,1,1,r,y,0.0,Non-Congested,Non-Congested
2116,cluster_1420096799_47154676,0,1,0,1,y,r,0.0,Non-Congested,Non-Congested
2116,cluster_2455590523_389713_47212064,0,3,0,1,G,r,4.0,Non-Congested,Congested
2116,cluster_2461783448_38980632_5243070374,3,10,3,10,y,r,1.0,Congested,Non-Congested
2116,cluster_2461880040_2461880142_8131892137,0,2,0,2,y,r,2.0,Non-Congested,Congested
2116,cluster_2461880136_4910664147_50607912_8131882097,0,2,0,1,y,r,2.0,Non-Congested,Non-Congested
2117,132200274,0,5,0,5,y,r,2.0,Non-Congested,Congested
2117,181747232,3,1,1,1,G,r,6.0,Non-Congested,Non-Congested
2117,cluster_1420096799_47154676,0,1,0,1,r,r,6.0,Non-Congested,Non-Congested
2117,cluster_2455590523_389713_47212064,0,2,0,1,G,r,3.0,Non-Congested,Congested
2117,cluster_2461783448_38980632_5243070374,3,10,3,10,y,r,0.0,Congested,Non-Congested
2117,cluster_2461880040_2461880142_8131892137,0,2,0,2,y,r,1.0,Non-Congested,Congested
2117,cluster_2461880136_4910664147_50607912_8131882097,0,2,0,1,y,r,1.0,Non-Congested,Non-Congested
2118,132200274,0,5,0,5,y,r,1.0,Non-Congested,Congested
2118,181747232,2,1,1,1,G,r,5.0,Non-Congested,Non-Congested
2118,cluster_1420096799_47154676,0,1,0,1,r,r,5.0,Non-Congested,Non-Congested
2118,cluster_2455590523_389713_47212064,0,1,0,1,G,r,2.0,Non-Congested,Congested
2118,cluster_2461783448_38980632_5243070374,2,10,2,9,r,G,4.0,Congested,Non-Congested
2118,cluster_2461880040_2461880142_8131892137,0,2,0,2,y,r,0.0,Non-Congested,Congested
2118,cluster_2461880136_4910664147_50607912_8131882097,0,2,0,1,y,r,0.0,Non-Congested,Non-Congested
2119,132200274,0,5,0,5,y,r,0.0,Non-Congested,Congested
2119,181747232,3,2,1,1,G,r,4.0,Non-Congested,Non-Congested
2119,cluster_1420096799_47154676,0,1,0,1,r,r,4.0,Non-Congested,Non-Congested
2119,cluster_2455590523_389713_47212064,0,1,0,1,G,r,1.0,Non-Congested,Congested
2119,cluster_2461783448_38980632_5243070374,2,9,1,8,r,G,3.0,Congested,Non-Congested
2119,cluster_2461880040_2461880142_8131892137,0,1,0,1,r,G,9.0,Non-Congested,Congested
2119,cluster_2461880136_4910664147_50607912_8131882097,0,1,0,0,r,G,4.0,Non-Congested,Non-Congested
2120,132200274,0,5,0,5,r,G,4.0,Non-Congested,Congested
2120,181747232,3,2,1,1,G,r,3.0,Non-Congested,Non-Congested
2120,cluster_1420096799_47154676,0,1,0,1,r,r,3.0,Non-Congested,Non-Congested
2120,cluster_2455590523_389713_47212064,0,1,0,1,G,r,0.0,Non-Congested,Congested
2120,cluster_2461783448_38980632_5243070374,2,9,0,7,r,G,2.0,Non-Congested,Non-Congested
2120,cluster_2461880040_2461880142_8131892137,0,1,0,0,r,G,8.0,Non-Congested,Congested
2120,cluster_2461880136_4910664147_50607912_8131882097,0,1,0,0,r,G,3.0,Non-Congested,Non-Congested
2121,132200274,0,5,0,5,r,G,3.0,Non-Congested,Congested
2121,181747232,3,2,1,1,G,r,2.0,Non-Congested,Non-Congested
2121,cluster_1420096799_47154676,0,1,0,1,r,r,2.0,Non-Congested,Non-Congested
2121,cluster_2455590523_389713_47212064,0,1,0,1,G,r,1.0,Non-Congested,Congested
2121,cluster_2461783448_38980632_5243070374,2,9,0,6,r,G,1.0,Non-Congested,Non-Congested
2121,cluster_2461880040_2461880142_8131892137,0,1,0,0,r,G,7.0,Non-Congested,Non-Congested
2122,132200274,0,5,0,5,r,G,2.0,Non-Congested,Congested
2122,181747232,3,2,1,1,G,r,1.0,Non-Congested,Non-Congested
2122,cluster_1420096799_47154676,0,1,0,1,r,r,1.0,Non-Congested,Non-Congested
2122,cluster_2455590523_389713_47212064,0,1,0,1,G,r,0.0,Non-Congested,Congested
2122,cluster_2461783448_38980632_5243070374,1,10,0,5,r,G,0.0,Non-Congested,Non-Congested
2122,cluster_2461880040_2461880142_8131892137,0,1,0,0,r,G,6.0,Non-Congested,Congested
2123,132200274,0,5,0,5,r,G,1.0,Non-Congested,Congested
2123,181747232,3,2,1,1,G,r,0.0,Non-Congested,Non-Congested
2123,cluster_1420096799_47154676,0,1,0,1,r,r,0.0,Non-Congested,Non-Congested
2123,cluster_2455590523_389713_47212064,0,2,0,1,G,r,0.0,Non-Congested,Congested
2123,cluster_2461783448_38980632_5243070374,2,9,0,4,r,G,1.0,Non-Congested,Non-Congested
2123,cluster_2461880040_2461880142_8131892137,0,1,0,0,r,G,5.0,Non-Congested,Congested
2124,132200274,0,5,0,5,r,G,0.0,Non-Congested,Congested
2124,181747232,3,2,1,1,y,r,3.0,Non-Congested,Non-Congested
2124,cluster_1420096799_47154676,0,1,0,1,r,r,3.0,Non-Congested,Non-Congested
2124,cluster_2455590523_389713_47212064,0,2,0,1,y,r,3.0,Non-Congested,Congested
2124,cluster_2461783448_38980632_5243070374,2,9,0,3,r,G,0.0,Non-Congested,Non-Congested
2124,cluster_2461880040_2461880142_8131892137,0,1,0,0,r,G,4.0,Non-Congested,Non-Congested
2125,132200274,0,4,0,4,r,y,2.0,Non-Congested,Congested
2125,181747232,2,1,0,0,y,r,2.0,Non-Congested,Non-Congested
2125,cluster_1420096799_47154676,0,1,0,1,r,r,2.0,Non-Congested,Non-Congested
2125,cluster_2455590523_389713_47212064,0,2,0,1,y,r,2.0,Non-Congested,Congested
2125,cluster_2461783448_38980632_5243070374,2,10,0,2,r,G,1.0,Non-Congested,Non-Congested
2125,cluster_2461880040_2461880142_8131892137,1,2,0,0,r,G,3.0,Non-Congested,Non-Congested
2126,132200274,0,4,0,3,r,y,1.0,Non-Congested,Congested
2126,181747232,1,0,0,0,y,r,1.0,Non-Congested,Non-Congested
2126,47217361,0,1,0,0,r,r,2.0,Non-Congested,Non-Congested
2126,cluster_1420096799_47154676,0,1,0,1,r,r,1.0,Non-Congested,Non-Congested
2126,cluster_2455590523_389713_47212064,0,1,0,1,y,r,1.0,Non-Congested,Congested
2126,cluster_2461783448_38980632_5243070374,3,8,0,2,r,G,0.0,Non-Congested,Non-Congested
2126,cluster_2461880040_2461880142_8131892137,1,2,0,0,r,G,2.0,Non-Congested,Non-Congested
2127,132200274,0,4,0,2,r,y,0.0,Non-Congested,Congested
2127,181747232,1,0,0,0,y,r,0.0,Non-Congested,Non-Congested
2127,47217361,0,1,0,0,r,r,1.0,Non-Congested,Non-Congested
2127,cluster_1420096799_47154676,0,1,0,1,r,r,0.0,Non-Congested,Non-Congested
2127,cluster_181310323_5380872437,1,0,0,0,G,r,5.0,Non-Congested,Non-Congested
2127,cluster_2455590523_389713_47212064,0,1,0,1,y,r,0.0,Non-Congested,Congested
2127,cluster_2461783448_38980632_5243070374,2,8,0,1,r,G,1.0,Non-Congested,Non-Congested
2127,cluster_2461880040_2461880142_8131892137,2,3,0,0,r,G,1.0,Non-Congested,Non-Congested
2127,cluster_2461880136_4910664147_50607912_8131882097,0,1,0,0,r,r,0.0,Non-Congested,Non-Congested
2128,132200274,0,4,0,2,G,r,4.0,Non-Congested,Congested
2128,181747232,1,0,0,0,r,G,6.0,Non-Congested,Non-Congested
2128,47217361,0,1,0,0,r,r,0.0,Non-Congested,Non-Congested
2128,cluster_181310323_5380872437,2,0,0,0,G,r,4.0,Non-Congested,Non-Congested
2128,cluster_2455590523_389713_47212064,0,1,0,1,r,r,6.0,Non-Congested,Congested
2128,cluster_2461783448_38980632_5243070374,2,8,0,0,r,G,0.0,Non-Congested,Non-Congested
2128,cluster_2461880040_2461880142_8131892137,2,3,0,0,r,G,0.0,Non-Congested,Non-Congested
2128,cluster_2461880136_4910664147_50607912_8131882097,0,1,0,0,G,r,4.0,Non-Congested,Non-Congested
2129,132200274,0,4,0,2,G,r,3.0,Non-Congested,Congested
2129,181747232,1,0,0,0,r,G,5.0,Non-Congested,Non-Congested
2129,47217361,0,2,0,0,r,G,4.0,Non-Congested,Non-Congested
2129,cluster_181310323_5380872437,2,0,0,0,G,r,3.0,Non-Congested,Non-Congested
2129,cluster_2455590523_389713_47212064,0,1,0,1,r,r,5.0,Non-Congested,Congested
2129,cluster_2461783448_38980632_5243070374,3,7,0,0,r,G,1.0,Non-Congested,Non-Congested
2129,cluster_2461880040_2461880142_8131892137,2,3,0,0,r,G,1.0,Non-Congested,Non-Congested
2129,cluster_2461880136_4910664147_50607912_8131882097,0,1,0,0,G,r,3.0,Non-Congested,Non-Congested
2130,132200274,0,3,0,2,G,r,2.0,Non-Congested,Congested
2130,181747232,1,0,0,0,r,G,4.0,Non-Congested,Non-Congested
2130,47217361,0,2,0,0,r,G,3.0,Non-Congested,Non-Congested
2130,cluster_181310323_5380872437,2,0,0,0,G,r,2.0,Non-Congested,Non-Congested
2130,cluster_2455590523_389713_47212064,0,1,0,1,r,r,4.0,Non-Congested,Congested
2130,cluster_2461783448_38980632_5243070374,3,7,0,0,r,G,0.0,Non-Congested,Non-Congested
2130,cluster_2461880040_2461880142_8131892137,3,3,0,0,r,G,0.0,Non-Congested,Non-Congested
2130,cluster_2461880136_4910664147_50607912_8131882097,0,1,0,0,G,r,2.0,Non-Congested,Non-Congested
2131,132200274,0,3,0,2,G,r,1.0,Non-Congested,Congested
2131,181747232,1,0,0,0,r,G,3.0,Non-Congested,Non-Congested
2131,47217361,0,2,0,0,r,G,2.0,Non-Congested,Non-Congested
2131,cluster_181310323_5380872437,2,0,0,0,G,r,1.0,Non-Congested,Non-Congested
2131,cluster_2455590523_389713_47212064,0,1,0,1,r,r,3.0,Non-Congested,Congested
2131,cluster_2461783448_38980632_5243070374,3,7,0,1,r,G,0.0,Non-Congested,Non-Congested
2131,cluster_2461880040_2461880142_8131892137,3,3,0,0,r,G,0.0,Non-Congested,Non-Congested
2131,cluster_2461880136_4910664147_50607912_8131882097,0,1,0,0,G,r,1.0,Non-Congested,Non-Congested
2131,cluster_59665162_8742497506,1,0,0,0,G,r,1.0,Non-Congested,Non-Congested
2132,132200274,0,3,0,2,G,r,0.0,Non-Congested,Congested
2132,181747232,1,0,0,0,r,G,2.0,Non-Congested,Non-Congested
2132,47217361,0,2,0,0,r,G,1.0,Non-Congested,Non-Congested
2132,cluster_181310323_5380872437,2,0,0,0,G,r,0.0,Non-Congested,Non-Congested
2132,cluster_2455590523_389713_47212064,0,2,0,1,r,r,2.0,Non-Congested,Congested
2132,cluster_2461783448_38980632_5243070374,4,7,0,0,r,G,1.0,Non-Congested,Non-Congested
2132,cluster_2461880040_2461880142_8131892137,4,5,0,0,r,y,4.0,Non-Congested,Non-Congested
2132,cluster_2461880136_4910664147_50607912_8131882097,0,2,0,0,G,r,0.0,Non-Congested,Non-Congested
2133,132200274,0,3,0,2,y,r,2.0,Non-Congested,Congested
2133,181747232,1,0,0,0,r,G,1.0,Non-Congested,Non-Congested
2133,47217361,0,2,0,0,r,G,0.0,Non-Congested,Non-Congested
2133,cluster_181310323_5380872437,1,0,0,0,G,r,0.0,Non-Congested,Non-Congested
2133,cluster_2455590523_389713_47212064,0,2,0,1,r,r,1.0,Non-Congested,Congested
2133,cluster_2461783448_38980632_5243070374,4,6,0,0,r,G,0.0,Non-Congested,Non-Congested
2133,cluster_2461880040_2461880142_8131892137,3,4,0,0,r,y,3.0,Non-Congested,Non-Congested
2133,cluster_2461880136_4910664147_50607912_8131882097,0,2,0,0,y,r,2.0,Non-Congested,Non-Congested
2134,132200274,0,2,0,2,y,r,1.0,Non-Congested,Congested
2134,181747232,1,0,0,0,r,G,0.0,Non-Congested,Non-Congested
2134,47217361,0,2,0,0,r,y,2.0,Non-Congested,Non-Congested
2134,cluster_1420096799_47154676,1,0,0,0,r,G,0.0,Non-Congested,Non-Congested
2134,cluster_181310323_5380872437,1,0,0,0,y,r,3.0,Non-Congested,Non-Congested
2134,cluster_2455590523_389713_47212064,0,2,0,1,r,r,0.0,Non-Congested,Congested
2134,cluster_2461783448_38980632_5243070374,5,6,0,0,r,G,1.0,Non-Congested,Non-Congested
2134,cluster_2461880040_2461880142_8131892137,3,5,0,0,r,y,2.0,Non-Congested,Non-Congested
2134,cluster_2461880136_4910664147_50607912_8131882097,0,2,0,0,y,r,1.0,Non-Congested,Non-Congested
2135,132200274,0,2,0,2,y,r,0.0,Non-Congested,Congested
2135,181747232,1,0,0,0,r,G,1.0,Non-Congested,Congested
2135,47217361,0,2,0,0,r,y,1.0,Non-Congested,Non-Congested
2135,cluster_1420096799_47154676,1,0,0,0,r,G,1.0,Non-Congested,Non-Congested
2135,cluster_181310323_5380872437,2,0,0,0,y,r,2.0,Non-Congested,Non-Congested
2135,cluster_2455590523_389713_47212064,0,1,0,1,r,r,1.0,Non-Congested,Congested
2135,cluster_2461783448_38980632_5243070374,5,6,0,0,r,G,0.0,Non-Congested,Non-Congested
2135,cluster_2461880040_2461880142_8131892137,3,5,0,1,r,y,1.0,Non-Congested,Congested
2135,cluster_2461880136_4910664147_50607912_8131882097,0,2,0,0,y,r,0.0,Non-Congested,Non-Congested
2136,132200274,0,2,0,1,r,G,4.0,Non-Congested,Congested
2136,181747232,1,0,0,0,r,G,0.0,Non-Congested,Non-Congested
2136,47217361,0,2,0,0,r,y,0.0,Non-Congested,Non-Congested
2136,cluster_1420096799_47154676,1,1,0,0,r,G,0.0,Non-Congested,Non-Congested
2136,cluster_181310323_5380872437,2,0,0,0,y,r,1.0,Non-Congested,Non-Congested
2136,cluster_2455590523_389713_47212064,0,1,0,1,r,r,0.0,Non-Congested,Congested
2136,cluster_2461783448_38980632_5243070374,4,7,1,0,r,G,1.0,Non-Congested,Non-Congested
2136,cluster_2461880040_2461880142_8131892137,2,4,0,1,r,y,0.0,Non-Congested,Congested
2136,cluster_2461880136_4910664147_50607912_8131882097,0,2,0,0,r,G,4.0,Non-Congested,Non-Congested
2137,132200274,0,1,0,0,r,G,3.0,Non-Congested,Congested
2137,181747232,2,1,0,0,r,G,0.0,Non-Congested,Non-Congested
2137,47217361,0,2,0,0,G,r,4.0,Non-Congested,Non-Congested
2137,cluster_1420096799_47154676,1,0,0,0,r,G,0.0,Non-Congested,Non-Congested
2137,cluster_181310323_5380872437,2,0,0,0,y,r,0.0,Non-Congested,Non-Congested
2137,cluster_2455590523_389713_47212064,0,1,0,1,r,r,1.0,Non-Congested,Congested
2137,cluster_2461783448_38980632_5243070374,4,6,1,0,r,G,0.0,Non-Congested,Non-Congested
2137,cluster_2461880040_2461880142_8131892137,2,4,0,1,r,r,4.0,Non-Congested,Congested
2137,cluster_2461880136_4910664147_50607912_8131882097,0,2,0,0,r,G,3.0,Non-Congested,Non-Congested
2138,132200274,0,1,0,0,r,G,2.0,Non-Congested,Non-Congested
2138,181747232,2,1,0,0,r,y,3.0,Non-Congested,Non-Congested
2138,47217361,0,2,0,0,G,r,3.0,Non-Congested,Non-Congested
2138,cluster_1420096799_47154676,1,0,0,0,r,G,0.0,Non-Congested,Non-Congested
2138,cluster_181310323_5380872437,2,0,0,0,r,G,4.0,Non-Congested,Non-Congested
2138,cluster_2455590523_389713_47212064,0,1,0,1,r,r,0.0,Non-Congested,Congested
2138,cluster_2461783448_38980632_5243070374,4,6,1,0,r,G,0.0,Non-Congested,Non-Congested
2138,cluster_2461880040_2461880142_8131892137,1,3,0,2,r,r,3.0,Non-Congested,Congested
2138,cluster_2461880136_4910664147_50607912_8131882097,0,1,0,0,r,G,2.0,Non-Congested,Non-Congested
2139,132200274,0,1,0,0,r,G,1.0,Non-Congested,Non-Congested
2139,181747232,2,1,0,0,r,y,2.0,Non-Congested,Non-Congested
2139,47217361,0,2,0,0,G,r,2.0,Non-Congested,Non-Congested
2139,cluster_1420096799_47154676,1,0,0,0,r,y,3.0,Non-Congested,Non-Congested
2139,cluster_181310323_5380872437,2,0,0,0,r,G,3.0,Non-Congested,Non-Congested
2139,cluster_2455590523_389713_47212064,0,1,0,1,r,r,3.0,Non-Congested,Congested
2139,cluster_2461783448_38980632_5243070374,4,5,2,0,r,G,1.0,Congested,Non-Congested
2139,cluster_2461880040_2461880142_8131892137,1,3,0,2,r,r,2.0,Non-Congested,Congested
2139,cluster_2461880136_4910664147_50607912_8131882097,0,1,0,0,r,G,1.0,Non-Congested,Non-Congested
2140,132200274,0,1,0,0,r,G,0.0,Non-Congested,Non-Congested
2140,181747232,2,1,0,0,r,y,1.0,Non-Congested,Non-Congested
2140,47217361,0,2,0,0,G,r,1.0,Non-Congested,Non-Congested
2140,cluster_1420096799_47154676,1,0,0,0,r,y,2.0,Non-Congested,Non-Congested
2140,cluster_181310323_5380872437,2,0,0,0,r,G,2.0,Non-Congested,Non-Congested
2140,cluster_2455590523_389713_47212064,0,1,0,1,r,r,2.0,Non-Congested,Congested
2140,cluster_2461783448_38980632_5243070374,5,4,3,0,r,G,0.0,Congested,Non-Congested
2140,cluster_2461880040_2461880142_8131892137,0,2,0,2,r,r,1.0,Non-Congested,Congested
2141,132200274,0,2,0,0,r,G,0.0,Non-Congested,Non-Congested
2141,181747232,2,1,0,0,r,y,0.0,Non-Congested,Non-Congested
2141,47217361,0,2,0,0,G,r,0.0,Non-Congested,Non-Congested
2141,cluster_1420096799_47154676,1,1,0,0,r,y,1.0,Non-Congested,Non-Congested
2141,cluster_181310323_5380872437,2,0,0,0,r,G,1.0,Non-Congested,Non-Congested
2141,cluster_2455590523_389713_47212064,0,1,0,1,r,r,1.0,Non-Congested,Congested
2141,cluster_2461783448_38980632_5243070374,6,4,3,0,r,G,0.0,Congested,Non-Congested
2141,cluster_2461880040_2461880142_8131892137,0,2,0,2,r,r,0.0,Non-Congested,Congested
2142,132200274,0,2,0,0,r,G,1.0,Non-Congested,Non-Congested
2142,181747232,1,1,0,0,G,r,6.0,Non-Congested,Non-Congested
2142,47217361,0,2,0,0,G,r,0.0,Non-Congested,Non-Congested
2142,cluster_1420096799_47154676,1,1,0,0,r,y,0.0,Non-Congested,Non-Congested
2142,cluster_181310323_5380872437,2,0,0,0,r,G,0.0,Non-Congested,Non-Congested
2142,cluster_2455590523_389713_47212064,0,1,0,1,r,r,0.0,Non-Congested,Congested
2142,cluster_2461783448_38980632_5243070374,6,4,4,0,r,G,1.0,Congested,Non-Congested
2142,cluster_2461880040_2461880142_8131892137,0,2,0,2,r,r,4.0,Non-Congested,Congested
2142,cluster_2461880136_4910664147_50607912_8131882097,0,1,0,0,r,y,2.0,Non-Congested,Non-Congested
2143,132200274,0,2,0,0,r,G,0.0,Non-Congested,Non-Congested
2143,181747232,1,1,0,0,G,r,5.0,Non-Congested,Non-Congested
2143,47217361,0,3,0,0,G,r,1.0,Non-Congested,Non-Congested
2143,cluster_1420096799_47154676,1,1,0,0,G,r,6.0,Non-Congested,Non-Congested
2143,cluster_181310323_5380872437,2,0,0,0,r,y,3.0,Non-Congested,Non-Congested
2143,cluster_2461783448_38980632_5243070374,5,4,4,1,r,G,0.0,Congested,Non-Congested
2143,cluster_2461880040_2461880142_8131892137,0,2,0,2,r,r,3.0,Non-Congested,Congested
2143,cluster_2461880136_4910664147_50607912_8131882097,0,1,0,0,r,y,1.0,Non-Congested,Non-Congested
2144,132200274,0,3,0,0,r,G,1.0,Non-Congested,Non-Congested
2144,181747232,1,1,0,0,G,r,4.0,Non-Congested,Non-Congested
2144,47217361,0,3,0,1,G,r,0.0,Non-Congested,Non-Congested
2144,cluster_1420096799_47154676,1,1,0,1,G,r,5.0,Non-Congested,Non-Congested
2144,cluster_181310323_5380872437,2,0,0,0,r,y,2.0,Non-Congested,Non-Congested
2144,cluster_2461783448_38980632_5243070374,4,4,4,1,r,G,1.0,Congested,Non-Congested
2144,cluster_2461880040_2461880142_8131892137,0,2,0,2,r,r,2.0,Non-Congested,Congested
2144,cluster_2461880136_4910664147_50607912_8131882097,0,1,0,0,r,y,0.0,Non-Congested,Non-Congested
2145,132200274,0,2,0,0,r,G,0.0,Non-Congested,Non-Congested
2145,181747232,1,1,0,0,G,r,3.0,Non-Congested,Non-Congested
2145,47217361,0,3,0,1,G,r,1.0,Non-Congested,Non-Congested
2145,cluster_1420096799_47154676,1,1,0,1,G,r,4.0,Non-Congested,Non-Congested
2145,cluster_181310323_5380872437,2,0,0,0,r,y,1.0,Non-Congested,Non-Congested
2145,cluster_2461783448_38980632_5243070374,4,4,4,2,r,G,0.0,Congested,Non-Congested
2145,cluster_2461880040_2461880142_8131892137,0,2,0,2,r,r,1.0,Non-Congested,Congested
2145,cluster_2461880136_4910664147_50607912_8131882097,0,1,0,0,r,r,0.0,Non-Congested,Non-Congested
2146,132200274,0,2,0,0,r,G,0.0,Non-Congested,Non-Congested
2146,181747232,1,1,0,0,G,r,2.0,Non-Congested,Non-Congested
2146,47217361,0,3,0,2,G,r,0.0,Non-Congested,Non-Congested
2146,cluster_1420096799_47154676,0,1,0,1,G,r,3.0,Non-Congested,Non-Congested
2146,cluster_181310323_5380872437,1,0,0,0,r,y,0.0,Non-Congested,Non-Congested
2146,cluster_2455590523_389713_47212064,0,1,0,0,r,G,1.0,Non-Congested,Non-Congested
2146,cluster_2461783448_38980632_5243070374,5,4,4,1,r,G,0.0,Congested,Non-Congested
2146,cluster_2461880040_2461880142_8131892137,0,2,0,2,r,r,0.0,Non-Congested,Congested
2146,cluster_2461880136_4910664147_50607912_8131882097,0,2,0,0,G,r,4.0,Non-Congested,Non-Congested
2147,132200274,0,3,0,0,r,y,2.0,Non-Congested,Non-Congested
2147,181747232,1,1,0,0,G,r,1.0,Non-Congested,Non-Congested
2147,47217361,0,3,0,2,G,r,0.0,Non-Congested,Non-Congested
2147,cluster_1420096799_47154676,0,1,0,1,G,r,2.0,Non-Congested,Non-Congested
2147,cluster_181310323_5380872437,1,0,0,0,G,r,6.0,Non-Congested,Non-Congested
2147,cluster_2455590523_389713_47212064,0,1,0,0,r,G,0.0,Non-Congested,Non-Congested
2147,cluster_2461783448_38980632_5243070374,5,4,4,1,r,y,4.0,Congested,Non-Congested
2147,cluster_2461880040_2461880142_8131892137,0,2,0,2,G,r,4.0,Non-Congested,Congested
2147,cluster_2461880136_4910664147_50607912_8131882097,0,2,0,0,G,r,3.0,Non-Congested,Non-Congested
2148,132200274,0,3,0,1,r,y,1.0,Non-Congested,Congested
2148,181747232,1,1,0,0,G,r,0.0,Non-Congested,Non-Congested
2148,47217361,0,3,0,2,y,r,2.0,Non-Congested,Non-Congested
2148,cluster_1420096799_47154676,0,1,0,1,G,r,1.0,Non-Congested,Non-Congested
2148,cluster_181310323_5380872437,1,0,0,0,G,r,5.0,Non-Congested,Non-Congested
2148,cluster_2455590523_389713_47212064,0,1,0,0,r,G,1.0,Non-Congested,Non-Congested
2148,cluster_2461783448_38980632_5243070374,5,4,4,1,r,y,3.0,Congested,Non-Congested
2148,cluster_2461880040_2461880142_8131892137,0,2,0,2,G,r,3.0,Non-Congested,Congested
2148,cluster_2461880136_4910664147_50607912_8131882097,0,2,0,0,G,r,2.0,Non-Congested,Non-Congested
2149,132200274,0,3,0,1,r,y,0.0,Non-Congested,Congested
2149,181747232,1,1,0,0,y,r,3.0,Non-Congested,Non-Congested
2149,47217361,0,3,0,2,y,r,1.0,Non-Congested,Non-Congested
2149,cluster_1420096799_47154676,0,1,0,1,G,r,0.0,Non-Congested,Non-Congested
2149,cluster_181310323_5380872437,1,0,0,0,G,r,4.0,Non-Congested,Non-Congested
2149,cluster_2455590523_389713_47212064,0,1,0,0,r,G,0.0,Non-Congested,Non-Congested
2149,cluster_2461783448_38980632_5243070374,5,4,4,0,r,y,2.0,Congested,Non-Congested
2149,cluster_2461880040_2461880142_8131892137,0,2,0,2,G,r,2.0,Non-Congested,Congested
2149,cluster_2461880136_4910664147_50607912_8131882097,0,3,0,0,G,r,1.0,Non-Congested,Non-Congested
2150,132200274,0,3,0,2,G,r,4.0,Non-Congested,Congested
2150,181747232,1,1,0,0,y,r,2.0,Non-Congested,Non-Congested
2150,47217361,0,3,0,2,y,r,0.0,Non-Congested,Non-Congested
2150,cluster_1420096799_47154676,0,1,0,1,y,r,3.0,Non-Congested,Non-Congested
2150,cluster_181310323_5380872437,1,1,0,0,G,r,3.0,Non-Congested,Non-Congested
2150,cluster_2455590523_389713_47212064,0,1,0,0,r,G,0.0,Non-Congested,Non-Congested
2150,cluster_2461783448_38980632_5243070374,4,4,4,0,r,y,1.0,Congested,Non-Congested
2150,cluster_2461880040_2461880142_8131892137,0,2,0,2,G,r,1.0,Non-Congested,Congested
2150,cluster_2461880136_4910664147_50607912_8131882097,0,3,0,0,G,r,0.0,Non-Congested,Non-Congested
2151,132200274,0,3,0,2,G,r,3.0,Non-Congested,Congested
2151,181747232,1,1,0,0,y,r,1.0,Non-Congested,Non-Congested
2151,47217361,0,4,0,2,r,r,4.0,Non-Congested,Non-Congested
2151,cluster_1420096799_47154676,0,1,0,1,y,r,2.0,Non-Congested,Non-Congested
2151,cluster_181310323_5380872437,1,1,0,0,G,r,2.0,Non-Congested,Non-Congested
2151,cluster_2455590523_389713_47212064,0,2,0,0,r,y,3.0,Non-Congested,Non-Congested
2151,cluster_2461783448_38980632_5243070374,4,4,4,0,r,y,0.0,Congested,Non-Congested
2151,cluster_2461880040_2461880142_8131892137,0,2,0,2,G,r,0.0,Non-Congested,Congested
2151,cluster_2461880136_4910664147_50607912_8131882097,0,4,0,0,y,r,2.0,Non-Congested,Non-Congested
2152,132200274,0,4,0,3,G,r,2.0,Non-Congested,Congested
2152,181747232,1,1,0,0,y,r,0.0,Non-Congested,Non-Congested
2152,47217361,0,4,0,2,r,r,3.0,Non-Congested,Non-Congested
2152,cluster_1420096799_47154676,0,1,0,1,y,r,1.0,Non-Congested,Non-Congested
2152,cluster_181310323_5380872437,1,1,0,0,G,r,1.0,Non-Congested,Non-Congested
2152,cluster_2455590523_389713_47212064,0,2,0,0,r,y,2.0,Non-Congested,Non-Congested
2152,cluster_2461783448_38980632_5243070374,5,4,3,1,G,r,4.0,Congested,Non-Congested
2152,cluster_2461880040_2461880142_8131892137,0,2,0,2,y,r,4.0,Non-Congested,Congested
2152,cluster_2461880136_4910664147_50607912_8131882097,0,4,0,0,y,r,1.0,Non-Congested,Non-Congested
2153,132200274,0,4,0,3,G,r,1.0,Non-Congested,Congested
2153,181747232,1,1,0,0,r,G,6.0,Non-Congested,Non-Congested
2153,47217361,0,4,0,2,r,r,2.0,Non-Congested,Non-Congested
2153,cluster_1420096799_47154676,0,1,0,1,y,r,0.0,Non-Congested,Non-Congested
2153,cluster_181310323_5380872437,1,1,0,0,G,r,0.0,Non-Congested,Non-Congested
2153,cluster_2455590523_389713_47212064,0,2,0,0,r,y,1.0,Non-Congested,Non-Congested
2153,cluster_2461783448_38980632_5243070374,4,4,2,1,G,r,3.0,Congested,Non-Congested
2153,cluster_2461880040_2461880142_8131892137,0,2,0,2,y,r,3.0,Non-Congested,Congested
2153,cluster_2461880136_4910664147_50607912_8131882097,0,4,0,0,y,r,0.0,Non-Congested,Non-Congested
2154,132200274,0,4,0,3,G,r,0.0,Non-Congested,Congested
2154,181747232,1,1,0,0,r,G,5.0,Non-Congested,Non-Congested
2154,47217361,0,5,0,2,r,r,1.0,Non-Congested,Non-Congested
2154,cluster_1420096799_47154676,0,1,0,1,r,r,6.0,Non-Congested,Non-Congested
2154,cluster_181310323_5380872437,0,1,0,0,G,r,1.0,Non-Congested,Non-Congested
2154,cluster_2455590523_389713_47212064,0,2,0,0,r,y,0.0,Non-Congested,Non-Congested
2154,cluster_2461783448_38980632_5243070374,4,4,1,2,G,r,2.0,Congested,Non-Congested
2154,cluster_2461880040_2461880142_8131892137,0,2,0,2,y,r,2.0,Non-Congested,Congested
2154,cluster_2461880136_4910664147_50607912_8131882097,0,2,0,0,r,G,4.0,Non-Congested,Non-Congested
2155,132200274,0,4,0,3,G,r,1.0,Non-Congested,Congested
2155,181747232,2,1,1,0,r,G,4.0,Non-Congested,Non-Congested
2155,47217361,0,5,0,2,r,r,0.0,Non-Congested,Non-Congested
2155,cluster_1420096799_47154676,0,1,0,1,r,r,5.0,Non-Congested,Non-Congested
2155,cluster_181310323_5380872437,1,1,0,1,G,r,0.0,Non-Congested,Non-Congested
2155,cluster_2455590523_389713_47212064,0,1,0,1,G,r,4.0,Non-Congested,Non-Congested
2155,cluster_2461783448_38980632_5243070374,5,4,0,3,G,r,1.0,Non-Congested,Non-Congested
2155,cluster_2461880040_2461880142_8131892137,0,2,0,2,y,r,1.0,Non-Congested,Congested
2155,cluster_2461880136_4910664147_50607912_8131882097,0,3,0,0,r,G,3.0,Non-Congested,Non-Congested
2156,132200274,0,4,0,3,G,r,0.0,Non-Congested,Congested
2156,181747232,2,1,0,0,r,G,3.0,Non-Congested,Non-Congested
2156,47217361,0,5,0,2,r,r,2.0,Non-Congested,Non-Congested
2156,cluster_1420096799_47154676,0,1,0,1,r,r,4.0,Non-Congested,Non-Congested
2156,cluster_181310323_5380872437,1,1,0,1,G,r,0.0,Non-Congested,Non-Congested
2156,cluster_2455590523_389713_47212064,0,1,0,1,G,r,3.0,Non-Congested,Non-Congested
2156,cluster_2461783448_38980632_5243070374,4,4,0,3,G,r,0.0,Non-Congested,Non-Congested
2156,cluster_2461880040_2461880142_8131892137,0,2,0,2,y,r,0.0,Non-Congested,Congested
2156,cluster_2461880136_4910664147_50607912_8131882097,0,3,0,0,r,G,2.0,Non-Congested,Non-Congested
2157,132200274,0,4,0,4,G,r,0.0,Non-Congested,Congested
2157,181747232,2,1,0,0,r,G,2.0,Non-Congested,Non-Congested
2157,47217361,0,5,0,2,r,r,1.0,Non-Congested,Non-Congested
2157,cluster_1420096799_47154676,0,1,0,1,r,r,3.0,Non-Congested,Non-Congested
2157,cluster_181310323_5380872437,1,1,0,1,y,r,3.0,Non-Congested,Non-Congested
2157,cluster_2455590523_389713_47212064,0,1,0,1,G,r,2.0,Non-Congested,Non-Congested
2157,cluster_2461783448_38980632_5243070374,3,4,0,4,G,r,1.0,Non-Congested,Non-Congested
2157,cluster_2461880040_2461880142_8131892137,0,2,0,1,r,G,9.0,Non-Congested,Congested
2157,cluster_2461880136_4910664147_50607912_8131882097,0,3,0,0,r,G,1.0,Non-Congested,Non-Congested
2158,132200274,0,4,0,4,y,r,2.0,Non-Congested,Congested
2158,181747232,2,1,0,0,r,G,1.0,Non-Congested,Non-Congested
2158,47217361,0,5,0,2,r,r,0.0,Non-Congested,Non-Congested
2158,cluster_1420096799_47154676,0,1,0,1,r,r,2.0,Non-Congested,Non-Congested
2158,cluster_181310323_5380872437,1,1,0,1,y,r,2.0,Non-Congested,Non-Congested
2158,cluster_2455590523_389713_47212064,0,1,0,1,G,r,1.0,Non-Congested,Non-Congested
2158,cluster_2461783448_38980632_5243070374,4,4,0,4,G,r,0.0,Non-Congested,Non-Congested
2158,cluster_2461880040_2461880142_8131892137,0,1,0,0,r,G,8.0,Non-Congested,Non-Congested
2158,cluster_2461880136_4910664147_50607912_8131882097,0,3,0,0,r,G,0.0,Non-Congested,Non-Congested
2158,cluster_59665162_8742497506,1,0,0,0,r,G,0.0,Non-Congested,Non-Congested
2159,132200274,0,4,0,4,y,r,1.0,Non-Congested,Congested
2159,181747232,2,1,0,0,r,G,0.0,Non-Congested,Non-Congested
2159,47217361,0,5,0,1,r,G,4.0,Non-Congested,Non-Congested
2159,cluster_1420096799_47154676,0,1,0,1,r,r,1.0,Non-Congested,Non-Congested
2159,cluster_181310323_5380872437,1,1,0,1,y,r,1.0,Non-Congested,Non-Congested
2159,cluster_2455590523_389713_47212064,1,1,0,1,G,r,0.0,Non-Congested,Non-Congested
2159,cluster_2461783448_38980632_5243070374,5,4,0,4,G,r,0.0,Non-Congested,Non-Congested
2159,cluster_2461880040_2461880142_8131892137,0,1,0,0,r,G,7.0,Non-Congested,Non-Congested
2159,cluster_2461880136_4910664147_50607912_8131882097,0,3,0,0,r,G,1.0,Non-Congested,Non-Congested
2159,cluster_59665162_8742497506,1,0,0,0,r,y,2.0,Non-Congested,Non-Congested
2160,132200274,0,4,0,4,y,r,0.0,Non-Congested,Congested
2160,181747232,2,1,1,1,r,y,3.0,Non-Congested,Non-Congested
2160,47217361,0,4,0,1,r,G,3.0,Non-Congested,Non-Congested
2160,cluster_1420096799_47154676,0,1,0,1,r,r,0.0,Non-Congested,Non-Congested
2160,cluster_181310323_5380872437,1,1,0,1,y,r,0.0,Non-Congested,Non-Congested
2160,cluster_2455590523_389713_47212064,1,1,0,1,G,r,1.0,Non-Congested,Non-Congested
2160,cluster_2461783448_38980632_5243070374,6,4,0,4,G,r,1.0,Non-Congested,Non-Congested
2160,cluster_2461880040_2461880142_8131892137,0,2,0,0,r,G,6.0,Non-Congested,Non-Congested
2160,cluster_2461880136_4910664147_50607912_8131882097,0,3,0,0,r,G,0.0,Non-Congested,Non-Congested
2160,cluster_59665162_8742497506,1,0,1,0,r,y,1.0,Non-Congested,Non-Congested
2161,132200274,0,4,0,4,r,G,4.0,Non-Congested,Congested
2161,181747232,2,1,1,1,r,y,2.0,Non-Congested,Non-Congested
2161,47217361,0,4,0,0,r,G,2.0,Non-Congested,Non-Congested
2161,cluster_1420096799_47154676,0,1,0,1,r,r,3.0,Non-Congested,Non-Congested
2161,cluster_181310323_5380872437,1,0,0,0,r,G,4.0,Non-Congested,Non-Congested
2161,cluster_2455590523_389713_47212064,1,1,0,1,G,r,0.0,Non-Congested,Non-Congested
2161,cluster_2461783448_38980632_5243070374,5,4,0,4,G,r,0.0,Non-Congested,Non-Congested
2161,cluster_2461880040_2461880142_8131892137,0,2,0,0,r,G,5.0,Non-Congested,Non-Congested
2161,cluster_2461880136_4910664147_50607912_8131882097,0,3,0,0,r,G,0.0,Non-Congested,Non-Congested
2161,cluster_59665162_8742497506,1,0,1,0,r,y,0.0,Non-Congested,Non-Congested
2162,132200274,0,4,0,4,r,G,3.0,Non-Congested,Congested
2162,181747232,2,1,1,1,r,y,1.0,Non-Congested,Non-Congested
2162,47217361,0,5,0,0,r,G,1.0,Non-Congested,Non-Congested
2162,cluster_1420096799_47154676,0,1,0,1,r,r,2.0,Non-Congested,Non-Congested
2162,cluster_181310323_5380872437,1,0,0,0,r,G,3.0,Non-Congested,Non-Congested
2162,cluster_2455590523_389713_47212064,1,1,0,1,G,r,1.0,Non-Congested,Non-Congested
2162,cluster_2461783448_38980632_5243070374,5,4,0,4,G,r,1.0,Non-Congested,Non-Congested
2162,cluster_2461880040_2461880142_8131892137,0,1,0,0,r,G,4.0,Non-Congested,Non-Congested
2162,cluster_2461880136_4910664147_50607912_8131882097,0,4,0,0,r,G,1.0,Non-Congested,Non-Congested
2163,132200274,0,4,0,4,r,G,2.0,Non-Congested,Congested
2163,181747232,2,1,1,1,r,y,0.0,Non-Congested,Non-Congested
2163,47217361,1,5,0,0,r,G,0.0,Non-Congested,Non-Congested
2163,cluster_1420096799_47154676,0,1,0,1,r,r,1.0,Non-Congested,Non-Congested
2163,cluster_2455590523_389713_47212064,0,1,0,1,G,r,0.0,Non-Congested,Non-Congested
2163,cluster_2461783448_38980632_5243070374,5,4,0,4,G,r,0.0,Non-Congested,Non-Congested
2163,cluster_2461880040_2461880142_8131892137,1,2,0,0,r,G,3.0,Non-Congested,Non-Congested
2163,cluster_2461880136_4910664147_50607912_8131882097,0,3,0,0,r,G,0.0,Non-Congested,Non-Congested
2164,132200274,0,4,0,4,r,G,1.0,Non-Congested,Congested
2164,181747232,2,1,1,1,G,r,6.0,Non-Congested,Non-Congested
2164,47217361,1,4,0,0,r,G,1.0,Non-Congested,Non-Congested
2164,cluster_1420096799_47154676,0,1,0,1,r,r,0.0,Non-Congested,Non-Congested
2164,cluster_2455590523_389713_47212064,0,2,0,1,G,r,0.0,Non-Congested,Non-Congested
2164,cluster_2461783448_38980632_5243070374,5,4,0,4,G,r,1.0,Non-Congested,Non-Congested
2164,cluster_2461880040_2461880142_8131892137,1,1,0,0,r,G,2.0,Non-Congested,Non-Congested
2164,cluster_2461880136_4910664147_50607912_8131882097,0,3,0,0,r,G,0.0,Non-Congested,Non-Congested
2165,132200274,0,4,0,4,r,G,0.0,Non-Congested,Congested
2165,181747232,2,1,1,1,G,r,5.0,Non-Congested,Non-Congested
2165,47217361,1,4,0,0,r,G,0.0,Non-Congested,Non-Congested
2165,cluster_181310323_5380872437,1,0,0,0,r,G,0.0,Non-Congested,Non-Congested
2165,cluster_2455590523_389713_47212064,0,2,0,1,y,r,3.0,Non-Congested,Non-Congested
2165,cluster_2461783448_38980632_5243070374,5,4,0,4,G,r,0.0,Non-Congested,Non-Congested
2165,cluster_2461880040_2461880142_8131892137,2,2,0,0,r,G,1.0,Non-Congested,Non-Congested
2165,cluster_2461880136_4910664147_50607912_8131882097,0,3,0,0,r,G,0.0,Non-Congested,Non-Congested
2166,132200274,0,4,0,4,r,y,2.0,Non-Congested,Congested
2166,181747232,2,1,1,1,G,r,4.0,Non-Congested,Non-Congested
2166,47217361,2,4,0,0,r,G,0.0,Non-Congested,Non-Congested
2166,cluster_181310323_5380872437,1,0,0,0,r,y,3.0,Non-Congested,Non-Congested
2166,cluster_2455590523_389713_47212064,0,2,0,1,y,r,2.0,Non-Congested,Non-Congested
2166,cluster_2461783448_38980632_5243070374,5,4,0,4,G,r,0.0,Non-Congested,Non-Congested
2166,cluster_2461880040_2461880142_8131892137,2,2,0,0,r,G,0.0,Non-Congested,Non-Congested
2166,cluster_2461880136_4910664147_50607912_8131882097,0,4,0,0,r,y,2.0,Non-Congested,Non-Congested
2167,132200274,0,4,0,4,r,y,1.0,Non-Congested,Congested
2167,181747232,2,1,1,1,G,r,3.0,Non-Congested,Non-Congested
2167,47217361,2,4,0,0,r,G,1.0,Non-Congested,Non-Congested
2167,cluster_181310323_5380872437,1,0,0,0,r,y,2.0,Non-Congested,Non-Congested
2167,cluster_2455590523_389713_47212064,0,2,0,1,y,r,1.0,Non-Congested,Non-Congested
2167,cluster_2461783448_38980632_5243070374,5,4,0,4,G,r,1.0,Non-Congested,Non-Congested
2167,cluster_2461880040_2461880142_8131892137,3,3,0,0,r,y,4.0,Non-Congested,Non-Congested
2167,cluster_2461880136_4910664147_50607912_8131882097,0,3,0,0,r,y,1.0,Non-Congested,Non-Congested
2168,132200274,0,4,0,4,r,y,0.0,Non-Congested,Congested
2168,181747232,2,1,1,1,G,r,2.0,Non-Congested,Non-Congested
2168,47217361,2,3,0,0,r,G,0.0,Non-Congested,Non-Congested
2168,cluster_181310323_5380872437,1,0,0,0,r,y,1.0,Non-Congested,Non-Congested
2168,cluster_2455590523_389713_47212064,0,2,0,1,y,r,0.0,Non-Congested,Non-Congested
2168,cluster_2461783448_38980632_5243070374,4,4,0,4,G,r,0.0,Non-Congested,Non-Congested
2168,cluster_2461880040_2461880142_8131892137,3,3,0,0,r,y,3.0,Non-Congested,Non-Congested
2168,cluster_2461880136_4910664147_50607912_8131882097,0,3,0,0,r,y,0.0,Non-Congested,Non-Congested
2169,132200274,0,4,0,4,G,r,4.0,Non-Congested,Congested
2169,181747232,2,1,0,0,G,r,1.0,Non-Congested,Non-Congested
2169,47217361,2,3,0,0,r,G,1.0,Non-Congested,Non-Congested
2169,cluster_181310323_5380872437,1,0,0,0,r,y,0.0,Non-Congested,Non-Congested
2169,cluster_2455590523_389713_47212064,0,4,0,1,r,r,6.0,Non-Congested,Non-Congested
2169,cluster_2461783448_38980632_5243070374,4,4,0,4,G,r,1.0,Non-Congested,Non-Congested
2169,cluster_2461880040_2461880142_8131892137,3,4,0,0,r,y,2.0,Non-Congested,Non-Congested
2169,cluster_2461880136_4910664147_50607912_8131882097,0,3,0,0,r,r,0.0,Non-Congested,Non-Congested
2170,132200274,0,4,0,4,G,r,3.0,Non-Congested,Congested
2170,181747232,1,0,0,0,G,r,0.0,Non-Congested,Non-Congested
2170,47217361,2,4,0,0,r,G,0.0,Non-Congested,Non-Congested
2170,cluster_181310323_5380872437,1,0,0,0,G,r,6.0,Non-Congested,Non-Congested
2170,cluster_2455590523_389713_47212064,0,2,0,1,r,r,5.0,Non-Congested,Congested
2170,cluster_2461783448_38980632_5243070374,3,5,0,4,G,r,0.0,Non-Congested,Non-Congested
2170,cluster_2461880040_2461880142_8131892137,3,4,0,0,r,y,1.0,Non-Congested,Non-Congested
2170,cluster_2461880136_4910664147_50607912_8131882097,0,2,0,0,G,r,4.0,Non-Congested,Non-Congested
2171,132200274,0,4,0,4,G,r,2.0,Non-Congested,Congested
2171,181747232,1,0,0,0,y,r,3.0,Non-Congested,Non-Congested
2171,47217361,2,3,0,0,r,G,1.0,Non-Congested,Non-Congested
2171,cluster_1420096799_47154676,1,0,0,0,r,G,0.0,Non-Congested,Non-Congested
2171,cluster_181310323_5380872437,1,0,0,0,G,r,5.0,Non-Congested,Non-Congested
2171,cluster_2455590523_389713_47212064,0,1,0,1,r,r,4.0,Non-Congested,Congested
2171,cluster_2461783448_38980632_5243070374,4,5,0,4,G,r,0.0,Non-Congested,Non-Congested
2171,cluster_2461880040_2461880142_8131892137,2,3,0,0,r,y,0.0,Non-Congested,Congested
2171,cluster_2461880136_4910664147_50607912_8131882097,0,2,0,0,G,r,3.0,Non-Congested,Non-Congested
2172,132200274,0,4,0,4,G,r,1.0,Non-Congested,Congested
2172,181747232,1,0,0,0,y,r,2.0,Non-Congested,Non-Congested
2172,47217361,3,3,0,0,r,G,0.0,Non-Congested,Non-Congested
2172,cluster_1420096799_47154676,1,0,0,0,r,y,3.0,Non-Congested,Non-Congested
2172,cluster_181310323_5380872437,1,0,0,0,G,r,4.0,Non-Congested,Non-Congested
2172,cluster_2455590523_389713_47212064,0,1,0,1,r,r,3.0,Non-Congested,Congested
2172,cluster_2461783448_38980632_5243070374,4,5,0,4,G,r,1.0,Non-Congested,Non-Congested
2172,cluster_2461880040_2461880142_8131892137,2,3,0,0,r,r,4.0,Non-Congested,Congested
2172,cluster_2461880136_4910664147_50607912_8131882097,0,1,0,0,G,r,2.0,Non-Congested,Non-Congested
2173,132200274,0,4,0,4,G,r,0.0,Non-Congested,Congested
2173,181747232,1,0,0,0,y,r,1.0,Non-Congested,Non-Congested
2173,47217361,3,2,0,0,r,G,1.0,Non-Congested,Non-Congested
2173,cluster_1420096799_47154676,1,0,0,0,r,y,2.0,Non-Congested,Non-Congested
2173,cluster_181310323_5380872437,1,0,0,0,G,r,3.0,Non-Congested,Non-Congested
2173,cluster_2455590523_389713_47212064,0,2,0,1,r,r,2.0,Non-Congested,Non-Congested
2173,cluster_2461783448_38980632_5243070374,3,5,0,4,G,r,0.0,Non-Congested,Non-Congested
2173,cluster_2461880040_2461880142_8131892137,1,3,0,0,r,r,3.0,Non-Congested,Congested
2173,cluster_2461880136_4910664147_50607912_8131882097,0,1,0,0,G,r,1.0,Non-Congested,Non-Congested
2174,132200274,0,4,0,4,y,r,2.0,Non-Congested,Congested
2174,181747232,1,0,0,0,y,r,0.0,Non-Congested,Non-Congested
2174,47217361,3,2,0,0,r,G,0.0,Non-Congested,Non-Congested
2174,cluster_1420096799_47154676,2,0,0,0,r,y,1.0,Non-Congested,Non-Congested
2174,cluster_2455590523_389713_47212064,0,2,0,1,r,r,1.0,Non-Congested,Non-Congested
2174,cluster_2461783448_38980632_5243070374,4,6,0,4,G,r,1.0,Non-Congested,Non-Congested
2174,cluster_2461880040_2461880142_8131892137,1,3,0,0,r,r,2.0,Non-Congested,Congested
2174,cluster_2461880136_4910664147_50607912_8131882097,0,1,0,0,G,r,0.0,Non-Congested,Non-Congested
2175,132200274,0,4,0,4,y,r,1.0,Non-Congested,Congested
2175,181747232,1,0,0,0,r,G,6.0,Non-Congested,Non-Congested
2175,47217361,4,2,1,0,r,G,0.0,Non-Congested,Non-Congested
2175,cluster_1420096799_47154676,2,0,0,0,r,y,0.0,Non-Congested,Non-Congested
2175,cluster_2455590523_389713_47212064,0,1,0,1,r,r,0.0,Non-Congested,Non-Congested
2175,cluster_2461783448_38980632_5243070374,3,6,0,4,G,r,0.0,Non-Congested,Non-Congested
2175,cluster_2461880040_2461880142_8131892137,0,2,0,1,r,r,1.0,Non-Congested,Congested
2175,cluster_2461880136_4910664147_50607912_8131882097,0,1,0,0,y,r,2.0,Non-Congested,Non-Congested
2176,132200274,0,4,0,4,y,r,0.0,Non-Congested,Congested
2176,181747232,1,0,0,0,r,G,5.0,Non-Congested,Non-Congested
2176,47217361,4,1,2,0,r,G,1.0,Non-Congested,Non-Congested
2176,cluster_1420096799_47154676,2,0,0,0,G,r,6.0,Non-Congested,Non-Congested
2176,cluster_2455590523_389713_47212064,0,1,0,1,r,r,0.0,Non-Congested,Non-Congested
2176,cluster_2461783448_38980632_5243070374,5,6,0,4,G,r,0.0,Non-Congested,Non-Congested
2176,cluster_2461880040_2461880142_8131892137,0,2,0,1,r,r,0.0,Non-Congested,Congested
2176,cluster_2461880136_4910664147_50607912_8131882097,0,1,0,0,y,r,1.0,Non-Congested,Non-Congested
2177,132200274,0,4,0,4,r,G,4.0,Non-Congested,Congested
2177,181747232,1,0,0,0,r,G,4.0,Non-Congested,Non-Congested
2177,47217361,4,1,1,0,r,G,0.0,Non-Congested,Non-Congested
2177,cluster_1420096799_47154676,1,0,0,0,G,r,5.0,Non-Congested,Non-Congested
2177,cluster_2455590523_389713_47212064,0,1,0,1,r,r,0.0,Non-Congested,Non-Congested
2177,cluster_2461783448_38980632_5243070374,5,6,0,4,G,r,0.0,Non-Congested,Non-Congested
2177,cluster_2461880040_2461880142_8131892137,0,2,0,2,r,r,1.0,Non-Congested,Congested
2178,132200274,0,5,0,4,r,G,3.0,Non-Congested,Congested
2178,181747232,1,0,0,0,r,G,3.0,Non-Congested,Non-Congested
2178,47217361,3,0,0,0,r,G,0.0,Non-Congested,Non-Congested
2178,cluster_1420096799_47154676,1,0,0,0,G,r,4.0,Non-Congested,Non-Congested
2178,cluster_2455590523_389713_47212064,1,1,0,1,r,r,3.0,Non-Congested,Non-Congested
2178,cluster_2461783448_38980632_5243070374,6,6,1,4,G,r,1.0,Non-Congested,Non-Congested
2178,cluster_2461880040_2461880142_8131892137,0,2,0,2,r,r,0.0,Non-Congested,Congested
2179,132200274,0,5,0,4,r,G,2.0,Non-Congested,Congested
2179,181747232,1,0,0,0,r,G,2.0,Non-Congested,Non-Congested
2179,47217361,4,0,0,0,r,G,0.0,Non-Congested,Non-Congested
2179,cluster_1420096799_47154676,1,0,0,0,G,r,3.0,Non-Congested,Non-Congested
2179,cluster_2455590523_389713_47212064,1,1,0,1,r,r,2.0,Congested,Non-Congested
2179,cluster_2461783448_38980632_5243070374,5,6,2,5,G,r,0.0,Non-Congested,Non-Congested
2179,cluster_2461880040_2461880142_8131892137,0,2,0,2,r,r,1.0,Non-Congested,Congested
2180,132200274,0,5,0,4,r,G,1.0,Non-Congested,Congested
2180,181747232,1,0,0,0,r,G,1.0,Non-Congested,Non-Congested
2180,47217361,4,0,0,0,r,y,2.0,Non-Congested,Non-Congested
2180,cluster_2455590523_389713_47212064,1,1,0,1,r,r,1.0,Non-Congested,Non-Congested
2180,cluster_2461783448_38980632_5243070374,6,6,3,5,G,r,1.0,Non-Congested,Non-Congested
2180,cluster_2461880040_2461880142_8131892137,0,2,0,2,r,r,0.0,Non-Congested,Congested
2181,132200274,0,5,0,4,r,G,0.0,Non-Congested,Congested
2181,181747232,1,0,0,0,r,G,0.0,Non-Congested,Non-Congested
2181,47217361,4,0,0,0,r,y,1.0,Non-Congested,Non-Congested
2181,cluster_2455590523_389713_47212064,1,1,0,1,r,r,0.0,Non-Congested,Non-Congested
2181,cluster_2461783448_38980632_5243070374,7,6,3,5,G,r,0.0,Non-Congested,Non-Congested
2181,cluster_2461880040_2461880142_8131892137,0,2,0,2,r,r,1.0,Non-Congested,Congested
2182,132200274,0,4,0,4,r,G,0.0,Non-Congested,Congested
2182,181747232,1,0,0,0,r,y,3.0,Non-Congested,Non-Congested
2182,47217361,3,0,0,0,r,y,0.0,Non-Congested,Non-Congested
2182,cluster_1420096799_47154676,0,1,0,0,G,r,0.0,Non-Congested,Non-Congested
2182,cluster_2455590523_389713_47212064,1,0,0,0,r,G,4.0,Non-Congested,Non-Congested
2182,cluster_2461783448_38980632_5243070374,7,6,4,5,G,r,0.0,Non-Congested,Non-Congested
2182,cluster_2461880040_2461880142_8131892137,0,2,0,2,r,r,0.0,Non-Congested,Congested
2183,132200274,0,4,0,4,r,y,2.0,Non-Congested,Congested
2183,181747232,1,0,0,0,r,y,2.0,Non-Congested,Non-Congested
2183,47217361,3,1,0,0,G,r,4.0,Non-Congested,Non-Congested
2183,cluster_1420096799_47154676,0,1,0,0,y,r,3.0,Non-Congested,Non-Congested
2183,cluster_2455590523_389713_47212064,1,0,0,0,r,G,3.0,Non-Congested,Non-Congested
2183,cluster_2461783448_38980632_5243070374,8,6,4,5,G,r,1.0,Congested,Non-Congested
2183,cluster_2461880040_2461880142_8131892137,0,2,0,2,r,r,1.0,Non-Congested,Congested
2184,132200274,1,4,0,4,r,y,1.0,Non-Congested,Congested
2184,181747232,1,0,0,0,r,y,1.0,Non-Congested,Non-Congested
2184,47217361,3,1,0,0,G,r,3.0,Non-Congested,Non-Congested
2184,cluster_1420096799_47154676,0,1,0,0,y,r,2.0,Non-Congested,Non-Congested
2184,cluster_2455590523_389713_47212064,1,0,1,0,r,G,2.0,Non-Congested,Non-Congested
2184,cluster_2461783448_38980632_5243070374,8,6,5,6,G,r,0.0,Congested,Non-Congested
2184,cluster_2461880040_2461880142_8131892137,0,2,0,2,r,r,0.0,Non-Congested,Congested
2185,132200274,1,4,0,4,r,y,0.0,Non-Congested,Congested
2185,181747232,1,0,0,0,r,y,0.0,Non-Congested,Non-Congested
2185,47217361,3,1,0,0,G,r,2.0,Non-Congested,Non-Congested
2185,cluster_1420096799_47154676,0,1,0,0,y,r,1.0,Non-Congested,Non-Congested
2185,cluster_2455590523_389713_47212064,1,0,1,0,r,G,1.0,Non-Congested,Non-Congested
2185,cluster_2461783448_38980632_5243070374,9,6,5,6,G,r,1.0,Congested,Non-Congested
2185,cluster_2461880040_2461880142_8131892137,0,2,0,2,r,r,1.0,Non-Congested,Congested
2185,cluster_2461880136_4910664147_50607912_8131882097,0,1,0,0,r,y,0.0,Non-Congested,Non-Congested
2186,132200274,1,4,0,4,G,r,4.0,Non-Congested,Congested
2186,47217361,2,1,0,0,G,r,1.0,Non-Congested,Non-Congested
2186,cluster_1420096799_47154676,0,2,0,0,y,r,0.0,Non-Congested,Non-Congested
2186,cluster_2455590523_389713_47212064,1,0,1,0,r,G,0.0,Non-Congested,Non-Congested
2186,cluster_2461783448_38980632_5243070374,9,6,7,6,G,r,0.0,Congested,Non-Congested
2186,cluster_2461880040_2461880142_8131892137,0,2,0,2,r,r,0.0,Non-Congested,Congested
2186,cluster_2461880136_4910664147_50607912_8131882097,0,1,0,0,r,r,0.0,Non-Congested,Non-Congested
2187,132200274,1,4,0,4,G,r,3.0,Non-Congested,Congested
2187,47217361,2,1,0,0,G,r,0.0,Non-Congested,Non-Congested
2187,cluster_1420096799_47154676,0,2,0,0,r,r,6.0,Non-Congested,Non-Congested
2187,cluster_2455590523_389713_47212064,1,1,1,0,r,y,3.0,Non-Congested,Non-Congested
2187,cluster_2461783448_38980632_5243070374,9,6,7,6,G,r,1.0,Congested,Non-Congested
2187,cluster_2461880040_2461880142_8131892137,0,2,0,2,r,r,1.0,Non-Congested,Congested
2187,cluster_2461880136_4910664147_50607912_8131882097,0,2,0,0,G,r,4.0,Non-Congested,Non-Congested
2188,132200274,1,4,0,4,G,r,2.0,Non-Congested,Congested
2188,181747232,1,1,0,0,G,r,4.0,Non-Congested,Non-Congested
2188,47217361,2,2,0,0,y,r,2.0,Non-Congested,Non-Congested
2188,cluster_1420096799_47154676,0,2,0,0,r,r,5.0,Non-Congested,Non-Congested
2188,cluster_2455590523_389713_47212064,1,1,1,0,r,y,2.0,Non-Congested,Non-Congested
2188,cluster_2461783448_38980632_5243070374,9,6,7,6,G,r,0.0,Congested,Non-Congested
2188,cluster_2461880040_2461880142_8131892137,0,2,0,2,r,r,0.0,Non-Congested,Congested
2188,cluster_2461880136_4910664147_50607912_8131882097,0,2,0,0,G,r,3.0,Non-Congested,Non-Congested
2189,132200274,1,4,0,4,G,r,1.0,Non-Congested,Congested
2189,181747232,1,1,0,0,G,r,3.0,Non-Congested,Non-Congested
2189,47217361,1,2,0,0,y,r,1.0,Non-Congested,Non-Congested
2189,cluster_1420096799_47154676,0,2,0,0,r,r,4.0,Non-Congested,Non-Congested
2189,cluster_2455590523_389713_47212064,1,0,1,0,r,y,1.0,Non-Congested,Non-Congested
2189,cluster_2461783448_38980632_5243070374,9,6,8,6,G,r,0.0,Congested,Non-Congested
2189,cluster_2461880040_2461880142_8131892137,0,2,0,2,r,r,1.0,Non-Congested,Congested
2189,cluster_2461880136_4910664147_50607912_8131882097,0,3,0,0,G,r,2.0,Non-Congested,Non-Congested
2190,132200274,0,4,0,4,G,r,0.0,Non-Congested,Congested
2190,181747232,1,1,0,0,G,r,2.0,Non-Congested,Non-Congested
2190,47217361,1,2,0,0,y,r,0.0,Non-Congested,Non-Congested
2190,cluster_1420096799_47154676,0,2,0,1,r,r,3.0,Non-Congested,Non-Congested
2190,cluster_2455590523_389713_47212064,1,1,1,0,r,y,0.0,Non-Congested,Non-Congested
2190,cluster_2461783448_38980632_5243070374,9,6,8,6,G,r,0.0,Congested,Non-Congested
2190,cluster_2461880040_2461880142_8131892137,0,2,0,2,r,r,0.0,Non-Congested,Congested
2190,cluster_2461880136_4910664147_50607912_8131882097,0,3,0,0,G,r,1.0,Non-Congested,Non-Congested
2191,132200274,0,4,0,4,y,r,2.0,Non-Congested,Congested
2191,181747232,1,1,0,0,G,r,1.0,Non-Congested,Non-Congested
2191,47217361,1,2,0,0,r,r,4.0,Non-Congested,Non-Congested
2191,cluster_1420096799_47154676,0,2,0,1,r,r,2.0,Non-Congested,Non-Congested
2191,cluster_2455590523_389713_47212064,0,1,0,0,G,r,4.0,Non-Congested,Non-Congested
2191,cluster_2461783448_38980632_5243070374,9,6,9,6,G,r,4.0,Congested,Non-Congested
2191,cluster_2461880040_2461880142_8131892137,0,2,0,2,r,r,1.0,Non-Congested,Congested
2191,cluster_2461880136_4910664147_50607912_8131882097,0,3,0,0,G,r,0.0,Non-Congested,Non-Congested
2192,132200274,0,4,0,4,y,r,1.0,Non-Congested,Congested
2192,181747232,1,1,0,0,G,r,0.0,Non-Congested,Non-Congested
2192,47217361,0,2,0,0,r,r,3.0,Non-Congested,Non-Congested
2192,cluster_1420096799_47154676,0,2,0,1,r,r,1.0,Non-Congested,Non-Congested
2192,cluster_2455590523_389713_47212064,0,1,0,0,G,r,3.0,Non-Congested,Non-Congested
2192,cluster_2461783448_38980632_5243070374,9,6,9,6,G,r,3.0,Congested,Non-Congested
2192,cluster_2461880040_2461880142_8131892137,0,2,0,2,r,r,0.0,Non-Congested,Congested
2192,cluster_2461880136_4910664147_50607912_8131882097,0,3,0,0,y,r,2.0,Non-Congested,Non-Congested
2193,132200274,0,4,0,4,y,r,0.0,Non-Congested,Congested
2193,181747232,1,1,0,0,y,r,3.0,Non-Congested,Non-Congested
2193,47217361,0,2,0,0,r,r,2.0,Non-Congested,Non-Congested
2193,cluster_1420096799_47154676,0,2,0,1,r,r,0.0,Non-Congested,Non-Congested
2193,cluster_2455590523_389713_47212064,0,1,0,0,G,r,2.0,Non-Congested,Non-Congested
2193,cluster_2461783448_38980632_5243070374,9,6,9,6,G,r,2.0,Congested,Non-Congested
2193,cluster_2461880040_2461880142_8131892137,0,2,0,2,r,r,1.0,Non-Congested,Congested
2193,cluster_2461880136_4910664147_50607912_8131882097,0,3,0,0,y,r,1.0,Non-Congested,Non-Congested
2194,132200274,0,4,0,4,r,G,4.0,Non-Congested,Congested
2194,181747232,1,1,0,0,y,r,2.0,Non-Congested,Non-Congested
2194,47217361,0,3,0,0,r,r,1.0,Non-Congested,Non-Congested
2194,cluster_1420096799_47154676,0,2,0,1,r,r,3.0,Non-Congested,Non-Congested
2194,cluster_2455590523_389713_47212064,0,1,0,1,G,r,1.0,Non-Congested,Non-Congested
2194,cluster_2461783448_38980632_5243070374,9,6,9,6,G,r,1.0,Congested,Non-Congested
2194,cluster_2461880040_2461880142_8131892137,0,2,0,2,r,r,0.0,Non-Congested,Congested
2194,cluster_2461880136_4910664147_50607912_8131882097,0,3,0,0,y,r,0.0,Non-Congested,Non-Congested
2195,132200274,0,4,0,4,r,G,3.0,Non-Congested,Congested
2195,181747232,1,1,0,0,y,r,1.0,Non-Congested,Non-Congested
2195,47217361,0,3,0,0,r,r,0.0,Non-Congested,Non-Congested
2195,cluster_1420096799_47154676,0,2,0,1,r,r,2.0,Non-Congested,Non-Congested
2195,cluster_2455590523_389713_47212064,0,1,0,1,G,r,0.0,Non-Congested,Non-Congested
2195,cluster_2461783448_38980632_5243070374,9,6,9,6,G,r,0.0,Congested,Non-Congested
2195,cluster_2461880040_2461880142_8131892137,0,2,0,2,r,r,1.0,Non-Congested,Congested
2195,cluster_2461880136_4910664147_50607912_8131882097,0,2,0,0,r,G,4.0,Non-Congested,Non-Congested
2196,132200274,0,4,0,4,r,G,2.0,Non-Congested,Congested
2196,47217361,0,3,0,0,r,r,2.0,Non-Congested,Non-Congested
2196,cluster_1420096799_47154676,0,1,0,1,r,r,1.0,Non-Congested,Non-Congested
2196,cluster_2455590523_389713_47212064,0,1,0,1,y,r,3.0,Non-Congested,Non-Congested
2196,cluster_2461783448_38980632_5243070374,9,6,9,6,G,r,9.0,Congested,Non-Congested
2196,cluster_2461880040_2461880142_8131892137,0,2,0,2,r,r,0.0,Non-Congested,Congested
2196,cluster_2461880136_4910664147_50607912_8131882097,0,2,0,0,r,G,3.0,Non-Congested,Non-Congested
2197,132200274,0,4,0,4,r,G,1.0,Non-Congested,Congested
2197,47217361,1,3,0,0,r,r,1.0,Non-Congested,Non-Congested
2197,cluster_1420096799_47154676,0,1,0,1,r,r,0.0,Non-Congested,Non-Congested
2197,cluster_2455590523_389713_47212064,0,1,0,1,y,r,2.0,Non-Congested,Non-Congested
2197,cluster_2461783448_38980632_5243070374,9,6,9,6,G,r,8.0,Congested,Non-Congested
2197,cluster_2461880040_2461880142_8131892137,0,2,0,2,r,r,1.0,Non-Congested,Congested
2197,cluster_2461880136_4910664147_50607912_8131882097,0,2,0,0,r,G,2.0,Non-Congested,Non-Congested
2197,cluster_59665162_8742497506,1,0,0,0,r,y,0.0,Non-Congested,Non-Congested
2198,132200274,0,4,0,4,r,G,0.0,Non-Congested,Congested
2198,47217361,1,3,0,0,r,r,0.0,Non-Congested,Non-Congested
2198,cluster_1420096799_47154676,0,2,0,0,r,G,6.0,Non-Congested,Non-Congested
2198,cluster_2455590523_389713_47212064,0,1,0,1,y,r,1.0,Non-Congested,Non-Congested
2198,cluster_2461783448_38980632_5243070374,9,6,9,6,G,r,7.0,Congested,Non-Congested
2198,cluster_2461880040_2461880142_8131892137,0,2,0,2,r,r,0.0,Non-Congested,Congested
2198,cluster_2461880136_4910664147_50607912_8131882097,0,2,0,0,r,G,1.0,Non-Congested,Non-Congested
2199,132200274,0,4,0,4,r,y,2.0,Non-Congested,Congested
2199,47217361,1,2,0,0,r,G,4.0,Non-Congested,Non-Congested
2199,cluster_1420096799_47154676,0,1,0,0,r,G,5.0,Non-Congested,Non-Congested
2199,cluster_2455590523_389713_47212064,0,1,0,1,y,r,0.0,Non-Congested,Non-Congested
2199,cluster_2461783448_38980632_5243070374,9,6,9,6,G,r,6.0,Congested,Non-Congested
2199,cluster_2461880040_2461880142_8131892137,0,2,0,2,r,r,1.0,Non-Congested,Congested
2199,cluster_2461880136_4910664147_50607912_8131882097,0,1,0,0,r,G,0.0,Non-Congested,Non-Congested
2200,132200274,0,4,0,4,r,y,1.0,Non-Congested,Congested
2200,47217361,1,2,0,0,r,G,3.0,Non-Congested,Non-Congested
2200,cluster_1420096799_47154676,0,1,0,0,r,G,4.0,Non-Congested,Non-Congested
2200,cluster_2455590523_389713_47212064,0,2,0,1,r,r,6.0,Non-Congested,Congested
2200,cluster_2461783448_38980632_5243070374,9,6,9,6,G,r,5.0,Congested,Non-Congested
2200,cluster_2461880040_2461880142_8131892137,0,2,0,2,r,r,0.0,Non-Congested,Congested
2200,cluster_2461880136_4910664147_50607912_8131882097,0,1,0,0,r,G,0.0,Non-Congested,Non-Congested
2201,132200274,0,4,0,4,r,y,0.0,Non-Congested,Congested
2201,47217361,1,2,0,0,r,G,2.0,Non-Congested,Non-Congested
2201,cluster_1420096799_47154676,0,1,0,0,r,G,3.0,Non-Congested,Non-Congested
2201,cluster_2455590523_389713_47212064,1,2,0,1,r,r,5.0,Non-Congested,Congested
2201,cluster_2461783448_38980632_5243070374,9,6,9,6,G,r,4.0,Congested,Non-Congested
2201,cluster_2461880040_2461880142_8131892137,0,2,0,2,r,r,1.0,Non-Congested,Congested
2201,cluster_2461880136_4910664147_50607912_8131882097,0,2,0,0,r,y,2.0,Non-Congested,Non-Congested
2202,132200274,0,4,0,4,G,r,4.0,Non-Congested,Congested
2202,47217361,1,2,0,0,r,G,1.0,Non-Congested,Non-Congested
2202,cluster_1420096799_47154676,0,1,0,0,r,G,2.0,Non-Congested,Non-Congested
2202,cluster_2455590523_389713_47212064,1,1,0,1,r,r,4.0,Non-Congested,Congested
2202,cluster_2461783448_38980632_5243070374,9,6,9,6,G,r,3.0,Congested,Non-Congested
2202,cluster_2461880040_2461880142_8131892137,0,2,0,2,r,r,0.0,Non-Congested,Congested
2202,cluster_2461880136_4910664147_50607912_8131882097,0,2,0,0,r,y,1.0,Non-Congested,Non-Congested
2203,132200274,0,4,0,4,G,r,3.0,Non-Congested,Congested
2203,47217361,1,3,0,0,r,G,0.0,Non-Congested,Non-Congested
2203,cluster_1420096799_47154676,0,1,0,0,r,G,1.0,Non-Congested,Non-Congested
2203,cluster_2455590523_389713_47212064,1,1,0,1,r,r,3.0,Non-Congested,Non-Congested
2203,cluster_2461783448_38980632_5243070374,9,6,9,6,G,r,2.0,Congested,Non-Congested
2203,cluster_2461880040_2461880142_8131892137,0,2,0,2,r,r,1.0,Non-Congested,Congested
2203,cluster_2461880136_4910664147_50607912_8131882097,0,2,0,0,r,y,0.0,Non-Congested,Non-Congested
2204,132200274,0,4,0,4,G,r,2.0,Non-Congested,Congested
2204,47217361,1,2,1,0,r,G,0.0,Non-Congested,Non-Congested
2204,cluster_1420096799_47154676,0,1,0,0,r,G,0.0,Non-Congested,Non-Congested
2204,cluster_2455590523_389713_47212064,1,1,0,1,r,r,2.0,Non-Congested,Non-Congested
2204,cluster_2461783448_38980632_5243070374,9,6,9,6,G,r,1.0,Congested,Non-Congested
2204,cluster_2461880040_2461880142_8131892137,0,2,0,2,r,r,0.0,Non-Congested,Congested
2204,cluster_2461880136_4910664147_50607912_8131882097,0,3,0,1,r,r,0.0,Non-Congested,Non-Congested
2205,132200274,0,4,0,4,G,r,1.0,Non-Congested,Congested
2205,47217361,2,2,1,0,r,G,0.0,Non-Congested,Non-Congested
2205,cluster_1420096799_47154676,0,1,0,0,r,G,1.0,Non-Congested,Non-Congested
2205,cluster_2455590523_389713_47212064,1,1,0,1,r,r,1.0,Non-Congested,Non-Congested
2205,cluster_2461783448_38980632_5243070374,9,6,9,6,G,r,0.0,Congested,Non-Congested
2205,cluster_2461880040_2461880142_8131892137,0,2,0,2,r,r,4.0,Non-Congested,Congested
2205,cluster_2461880136_4910664147_50607912_8131882097,0,3,0,1,G,r,4.0,Non-Congested,Non-Congested
2206,132200274,0,4,0,4,G,r,0.0,Non-Congested,Congested
2206,47217361,2,2,1,0,r,y,2.0,Non-Congested,Non-Congested
2206,cluster_2455590523_389713_47212064,1,1,1,1,r,r,0.0,Non-Congested,Non-Congested
2206,cluster_2461783448_38980632_5243070374,9,6,9,6,y,r,4.0,Congested,Non-Congested
2206,cluster_2461880040_2461880142_8131892137,0,2,0,2,r,r,3.0,Non-Congested,Congested
2206,cluster_2461880136_4910664147_50607912_8131882097,0,3,0,1,G,r,3.0,Non-Congested,Non-Congested
2207,132200274,0,4,0,4,y,r,2.0,Non-Congested,Congested
2207,47217361,2,2,1,0,r,y,1.0,Non-Congested,Non-Congested
2207,cluster_1420096799_47154676,0,1,0,0,r,G,0.0,Non-Congested,Non-Congested
2207,cluster_2455590523_389713_47212064,1,1,1,1,r,r,1.0,Non-Congested,Non-Congested
2207,cluster_2461783448_38980632_5243070374,9,6,9,6,y,r,3.0,Congested,Non-Congested
2207,cluster_2461880040_2461880142_8131892137,0,2,0,2,r,r,2.0,Non-Congested,Congested
2207,cluster_2461880136_4910664147_50607912_8131882097,0,3,0,1,G,r,2.0,Non-Congested,Non-Congested
2208,132200274,0,4,0,4,y,r,1.0,Non-Congested,Congested
2208,47217361,2,2,1,0,r,y,0.0,Non-Congested,Non-Congested
2208,cluster_1420096799_47154676,0,1,0,0,r,y,3.0,Non-Congested,Non-Congested
2208,cluster_2455590523_389713_47212064,2,1,1,1,r,r,0.0,Non-Congested,Non-Congested
2208,cluster_2461783448_38980632_5243070374,9,6,9,6,y,r,2.0,Congested,Non-Congested
2208,cluster_2461880040_2461880142_8131892137,0,2,0,2,r,r,1.0,Non-Congested,Congested
2208,cluster_2461880136_4910664147_50607912_8131882097,0,3,0,1,G,r,1.0,Non-Congested,Non-Congested
2209,132200274,0,4,0,4,y,r,0.0,Non-Congested,Congested
2209,47217361,1,2,0,0,G,r,4.0,Non-Congested,Non-Congested
2209,cluster_1420096799_47154676,0,1,0,0,r,y,2.0,Non-Congested,Non-Congested
2209,cluster_2455590523_389713_47212064,1,1,1,1,r,r,0.0,Non-Congested,Non-Congested
2209,cluster_2461783448_38980632_5243070374,9,6,9,6,y,r,1.0,Congested,Non-Congested
2209,cluster_2461880040_2461880142_8131892137,0,2,0,2,r,r,0.0,Non-Congested,Congested
2209,cluster_2461880136_4910664147_50607912_8131882097,0,3,0,1,G,r,0.0,Non-Congested,Non-Congested
2210,132200274,0,4,0,4,r,G,4.0,Non-Congested,Congested
2210,47217361,2,2,0,0,G,r,3.0,Non-Congested,Non-Congested
2210,cluster_1420096799_47154676,0,1,0,0,r,y,1.0,Non-Congested,Non-Congested
2210,cluster_2455590523_389713_47212064,1,1,1,1,r,r,0.0,Non-Congested,Non-Congested
2210,cluster_2461783448_38980632_5243070374,9,7,9,6,y,r,0.0,Congested,Non-Congested
2210,cluster_2461880040_2461880142_8131892137,0,2,0,2,G,r,4.0,Non-Congested,Congested
2210,cluster_2461880136_4910664147_50607912_8131882097,0,3,0,1,y,r,2.0,Non-Congested,Non-Congested
2211,132200274,0,4,0,4,r,G,3.0,Non-Congested,Congested
2211,47217361,2,1,0,0,G,r,2.0,Non-Congested,Non-Congested
2211,cluster_1420096799_47154676,0,1,0,0,r,y,0.0,Non-Congested,Non-Congested
2211,cluster_2455590523_389713_47212064,1,1,1,1,r,r,3.0,Non-Congested,Congested
2211,cluster_2461783448_38980632_5243070374,9,6,9,5,r,G,4.0,Congested,Non-Congested
2211,cluster_2461880040_2461880142_8131892137,0,2,0,2,G,r,3.0,Non-Congested,Congested
2211,cluster_2461880136_4910664147_50607912_8131882097,0,3,0,1,y,r,1.0,Non-Congested,Non-Congested
2212,132200274,0,4,0,4,r,G,2.0,Non-Congested,Congested
2212,47217361,2,2,0,0,G,r,1.0,Non-Congested,Non-Congested
2212,cluster_1420096799_47154676,1,1,0,0,G,r,6.0,Non-Congested,Non-Congested
2212,cluster_181310323_5380872437,1,0,0,0,G,r,4.0,Non-Congested,Non-Congested
2212,cluster_2455590523_389713_47212064,1,1,1,1,r,r,2.0,Non-Congested,Non-Congested
2212,cluster_2461783448_38980632_5243070374,9,6,9,4,r,G,3.0,Congested,Non-Congested
2212,cluster_2461880040_2461880142_8131892137,0,2,0,2,G,r,2.0,Non-Congested,Congested
2212,cluster_2461880136_4910664147_50607912_8131882097,0,3,0,1,y,r,0.0,Non-Congested,Non-Congested
2213,132200274,0,4,0,4,r,G,1.0,Non-Congested,Congested
2213,47217361,2,2,1,0,G,r,0.0,Non-Congested,Non-Congested
2213,cluster_1420096799_47154676,1,1,0,0,G,r,5.0,Non-Congested,Non-Congested
2213,cluster_181310323_5380872437,1,0,0,0,G,r,3.0,Non-Congested,Non-Congested
2213,cluster_2455590523_389713_47212064,1,1,1,1,r,r,1.0,Non-Congested,Non-Congested
2213,cluster_2461783448_38980632_5243070374,9,6,9,3,r,G,2.0,Congested,Non-Congested
2213,cluster_2461880040_2461880142_8131892137,0,2,0,2,G,r,1.0,Non-Congested,Congested
2213,cluster_2461880136_4910664147_50607912_8131882097,0,1,0,0,r,G,4.0,Non-Congested,Non-Congested
2214,132200274,0,4,0,4,r,G,0.0,Non-Congested,Congested
2214,47217361,1,2,1,0,G,r,1.0,Non-Congested,Non-Congested
2214,cluster_1420096799_47154676,1,1,0,0,G,r,4.0,Non-Congested,Non-Congested
2214,cluster_181310323_5380872437,1,0,0,0,G,r,2.0,Non-Congested,Non-Congested
2214,cluster_2455590523_389713_47212064,1,1,1,1,r,r,0.0,Non-Congested,Non-Congested
2214,cluster_2461783448_38980632_5243070374,8,7,8,2,r,G,1.0,Congested,Non-Congested
2214,cluster_2461880040_2461880142_8131892137,0,2,0,2,G,r,0.0,Non-Congested,Congested
2214,cluster_2461880136_4910664147_50607912_8131882097,0,1,0,0,r,G,3.0,Non-Congested,Non-Congested
2215,132200274,0,4,0,4,r,y,2.0,Non-Congested,Congested
2215,47217361,1,3,1,0,G,r,0.0,Non-Congested,Non-Congested
2215,cluster_1420096799_47154676,1,1,0,0,G,r,3.0,Non-Congested,Non-Congested
2215,cluster_181310323_5380872437,1,0,0,0,G,r,1.0,Non-Congested,Non-Congested
2215,cluster_2455590523_389713_47212064,2,0,1,0,r,G,4.0,Non-Congested,Non-Congested
2215,cluster_2461783448_38980632_5243070374,8,7,7,1,r,G,0.0,Congested,Non-Congested
2215,cluster_2461880040_2461880142_8131892137,0,2,0,2,y,r,4.0,Non-Congested,Congested
2216,132200274,0,3,0,3,r,y,1.0,Non-Congested,Congested
2216,47217361,1,3,1,0,G,r,0.0,Non-Congested,Non-Congested
2216,cluster_1420096799_47154676,1,1,0,0,G,r,2.0,Non-Congested,Non-Congested
2216,cluster_181310323_5380872437,1,0,0,0,G,r,0.0,Non-Congested,Non-Congested
2216,cluster_2455590523_389713_47212064,2,0,1,0,r,G,3.0,Congested,Non-Congested
2216,cluster_2461783448_38980632_5243070374,8,6,6,0,r,G,0.0,Congested,Non-Congested
2216,cluster_2461880040_2461880142_8131892137,0,2,0,2,y,r,3.0,Non-Congested,Congested
2217,132200274,0,4,0,2,r,y,0.0,Non-Congested,Congested
2217,181747232,1,0,0,0,y,r,1.0,Non-Congested,Non-Congested
2217,47217361,1,3,1,0,G,r,0.0,Non-Congested,Non-Congested
2217,cluster_1420096799_47154676,1,1,0,0,G,r,1.0,Non-Congested,Non-Congested
2217,cluster_181310323_5380872437,1,0,0,0,y,r,3.0,Non-Congested,Non-Congested
2217,cluster_2455590523_389713_47212064,2,0,1,0,r,G,2.0,Non-Congested,Non-Congested
2217,cluster_2461783448_38980632_5243070374,8,7,5,0,r,G,0.0,Non-Congested,Non-Congested
2217,cluster_2461880040_2461880142_8131892137,0,2,0,2,y,r,2.0,Non-Congested,Congested
2218,132200274,0,4,0,1,G,r,4.0,Non-Congested,Congested
2218,181747232,1,0,0,0,y,r,0.0,Non-Congested,Non-Congested
2218,47217361,1,3,1,0,y,r,2.0,Non-Congested,Non-Congested
2218,cluster_181310323_5380872437,1,0,0,0,y,r,2.0,Non-Congested,Non-Congested
2218,cluster_2455590523_389713_47212064,2,0,1,0,r,G,1.0,Non-Congested,Non-Congested
2218,cluster_2461783448_38980632_5243070374,8,7,4,0,r,G,1.0,Non-Congested,Non-Congested
2218,cluster_2461880040_2461880142_8131892137,0,2,0,2,y,r,1.0,Non-Congested,Congested
2218,cluster_2461880136_4910664147_50607912_8131882097,0,1,0,0,r,y,2.0,Non-Congested,Non-Congested
2219,132200274,0,4,0,1,G,r,3.0,Non-Congested,Congested
2219,181747232,1,0,0,0,r,G,6.0,Non-Congested,Non-Congested
2219,47217361,1,3,1,1,y,r,1.0,Non-Congested,Non-Congested
2219,cluster_181310323_5380872437,1,0,0,0,y,r,1.0,Non-Congested,Non-Congested
2219,cluster_2455590523_389713_47212064,2,0,1,0,r,G,0.0,Non-Congested,Non-Congested
2219,cluster_2461783448_38980632_5243070374,7,5,3,0,r,G,0.0,Non-Congested,Non-Congested
2219,cluster_2461880040_2461880142_8131892137,0,2,0,2,y,r,0.0,Non-Congested,Congested
2219,cluster_2461880136_4910664147_50607912_8131882097,0,1,0,0,r,y,1.0,Non-Congested,Non-Congested
2220,132200274,0,4,0,1,G,r,2.0,Non-Congested,Congested
2220,181747232,1,0,0,0,r,G,5.0,Non-Congested,Non-Congested
2220,47217361,1,2,0,1,y,r,0.0,Non-Congested,Non-Congested
2220,cluster_181310323_5380872437,1,0,0,0,y,r,0.0,Non-Congested,Non-Congested
2220,cluster_2455590523_389713_47212064,2,2,2,0,r,G,1.0,Non-Congested,Non-Congested
2220,cluster_2461783448_38980632_5243070374,6,6,3,0,r,G,1.0,Non-Congested,Non-Congested
2220,cluster_2461880040_2461880142_8131892137,0,2,0,1,r,G,9.0,Non-Congested,Congested
2220,cluster_2461880136_4910664147_50607912_8131882097,0,1,0,0,r,y,0.0,Non-Congested,Non-Congested
2221,132200274,0,3,0,1,G,r,1.0,Non-Congested,Congested
2221,181747232,1,0,0,0,r,G,4.0,Non-Congested,Non-Congested
2221,47217361,0,2,0,1,r,r,4.0,Non-Congested,Non-Congested
2221,cluster_181310323_5380872437,1,0,0,0,r,G,4.0,Non-Congested,Non-Congested
2221,cluster_2455590523_389713_47212064,2,2,2,0,r,G,0.0,Non-Congested,Non-Congested
2221,cluster_2461783448_38980632_5243070374,6,5,3,0,r,G,0.0,Non-Congested,Non-Congested
2221,cluster_2461880040_2461880142_8131892137,0,1,0,0,r,G,8.0,Non-Congested,Congested
2221,cluster_2461880136_4910664147_50607912_8131882097,0,1,0,0,r,r,0.0,Non-Congested,Non-Congested
2222,132200274,0,3,0,2,G,r,0.0,Non-Congested,Congested
2222,181747232,1,0,0,0,r,G,3.0,Non-Congested,Non-Congested
2222,47217361,0,2,0,1,r,r,3.0,Non-Congested,Non-Congested
2222,cluster_181310323_5380872437,1,0,0,0,r,G,3.0,Non-Congested,Non-Congested
2222,cluster_2455590523_389713_47212064,2,2,2,0,r,G,0.0,Non-Congested,Non-Congested
2222,cluster_2461783448_38980632_5243070374,5,4,3,0,r,G,1.0,Non-Congested,Non-Congested
2222,cluster_2461880040_2461880142_8131892137,0,1,0,0,r,G,7.0,Non-Congested,Congested
2222,cluster_2461880136_4910664147_50607912_8131882097,0,1,0,0,G,r,4.0,Non-Congested,Non-Congested
2223,132200274,0,3,0,2,y,r,2.0,Non-Congested,Congested
2223,181747232,1,0,0,0,r,G,2.0,Non-Congested,Non-Congested
2223,47217361,0,1,0,1,r,r,2.0,Non-Congested,Non-Congested
2223,cluster_181310323_5380872437,1,0,0,0,r,G,2.0,Non-Congested,Non-Congested
2223,cluster_2455590523_389713_47212064,2,1,2,1,r,y,3.0,Non-Congested,Non-Congested
2223,cluster_2461783448_38980632_5243070374,5,4,3,0,r,G,0.0,Non-Congested,Non-Congested
2223,cluster_2461880040_2461880142_8131892137,0,1,0,0,r,G,6.0,Non-Congested,Non-Congested
2223,cluster_2461880136_4910664147_50607912_8131882097,0,1,0,0,G,r,3.0,Non-Congested,Non-Congested
2224,132200274,0,2,0,2,y,r,1.0,Non-Congested,Congested
2224,181747232,1,0,0,0,r,G,1.0,Non-Congested,Non-Congested
2224,47217361,0,1,0,1,r,r,1.0,Non-Congested,Non-Congested
2224,cluster_181310323_5380872437,1,0,0,0,r,G,1.0,Non-Congested,Non-Congested
2224,cluster_2455590523_389713_47212064,2,2,2,1,r,y,2.0,Non-Congested,Non-Congested
2224,cluster_2461783448_38980632_5243070374,5,3,3,0,r,G,1.0,Non-Congested,Non-Congested
2224,cluster_2461880040_2461880142_8131892137,0,1,0,0,r,G,5.0,Non-Congested,Non-Congested
2224,cluster_2461880136_4910664147_50607912_8131882097,0,1,0,0,G,r,2.0,Non-Congested,Non-Congested
2225,132200274,0,2,0,2,y,r,0.0,Non-Congested,Congested
2225,181747232,1,0,0,0,r,G,0.0,Non-Congested,Non-Congested
2225,47217361,0,1,0,1,r,r,0.0,Non-Congested,Non-Congested
2225,cluster_181310323_5380872437,1,0,0,0,r,G,0.0,Non-Congested,Non-Congested
2225,cluster_2455590523_389713_47212064,2,2,2,1,r,y,1.0,Non-Congested,Non-Congested
2225,cluster_2461783448_38980632_5243070374,5,4,3,0,r,G,0.0,Non-Congested,Non-Congested
2225,cluster_2461880040_2461880142_8131892137,0,1,0,0,r,G,4.0,Non-Congested,Non-Congested
2225,cluster_2461880136_4910664147_50607912_8131882097,0,2,0,0,G,r,1.0,Non-Congested,Non-Congested
2226,132200274,0,1,0,0,r,G,4.0,Non-Congested,Congested
2226,181747232,1,0,0,0,r,y,3.0,Non-Congested,Non-Congested
2226,47217361,0,1,0,1,r,r,2.0,Non-Congested,Non-Congested
2226,cluster_181310323_5380872437,1,0,0,0,r,y,3.0,Non-Congested,Non-Congested
2226,cluster_2455590523_389713_47212064,2,2,2,1,r,y,0.0,Non-Congested,Non-Congested
2226,cluster_2461783448_38980632_5243070374,6,2,3,0,r,G,0.0,Non-Congested,Non-Congested
2226,cluster_2461880040_2461880142_8131892137,1,1,0,0,r,G,3.0,Non-Congested,Non-Congested
2226,cluster_2461880136_4910664147_50607912_8131882097,0,2,0,0,G,r,0.0,Non-Congested,Non-Congested
2227,181747232,1,0,0,0,r,y,2.0,Non-Congested,Non-Congested
2227,47217361,0,2,0,1,r,r,1.0,Non-Congested,Non-Congested
2227,cluster_181310323_5380872437,1,0,0,0,r,y,2.0,Non-Congested,Non-Congested
2227,cluster_2455590523_389713_47212064,1,2,1,2,G,r,4.0,Non-Congested,Non-Congested
2227,cluster_2461783448_38980632_5243070374,6,2,4,0,r,G,1.0,Non-Congested,Non-Congested
2227,cluster_2461880040_2461880142_8131892137,1,1,0,0,r,G,2.0,Non-Congested,Non-Congested
2227,cluster_2461880136_4910664147_50607912_8131882097,0,2,0,0,y,r,2.0,Non-Congested,Non-Congested
2228,181747232,1,0,0,0,r,y,1.0,Non-Congested,Non-Congested
2228,47217361,0,2,0,1,r,r,0.0,Non-Congested,Non-Congested
2228,cluster_181310323_5380872437,1,0,0,0,r,y,1.0,Non-Congested,Non-Congested
2228,cluster_2455590523_389713_47212064,1,2,0,2,G,r,3.0,Non-Congested,Non-Congested
2228,cluster_2461783448_38980632_5243070374,6,0,5,0,r,G,0.0,Non-Congested,Non-Congested
2228,cluster_2461880040_2461880142_8131892137,1,1,0,0,r,G,1.0,Non-Congested,Non-Congested
2228,cluster_2461880136_4910664147_50607912_8131882097,0,1,0,0,y,r,1.0,Non-Congested,Non-Congested
2229,181747232,1,0,0,0,r,y,0.0,Non-Congested,Non-Congested
2229,47217361,0,3,0,0,r,G,4.0,Non-Congested,Non-Congested
2229,cluster_181310323_5380872437,1,0,0,0,r,y,0.0,Non-Congested,Non-Congested
2229,cluster_2455590523_389713_47212064,1,2,0,2,G,r,2.0,Non-Congested,Non-Congested
2229,cluster_2461783448_38980632_5243070374,6,1,5,0,r,G,0.0,Non-Congested,Non-Congested
2229,cluster_2461880040_2461880142_8131892137,2,2,0,0,r,G,0.0,Non-Congested,Non-Congested
2229,cluster_2461880136_4910664147_50607912_8131882097,0,1,0,0,y,r,0.0,Non-Congested,Non-Congested
2230,132200274,0,1,0,0,r,G,0.0,Non-Congested,Non-Congested
2230,181747232,1,0,0,0,G,r,6.0,Non-Congested,Non-Congested
2230,47217361,0,2,0,0,r,G,3.0,Non-Congested,Non-Congested
2230,cluster_181310323_5380872437,1,0,0,0,G,r,6.0,Non-Congested,Non-Congested
2230,cluster_2455590523_389713_47212064,1,2,0,2,G,r,1.0,Non-Congested,Non-Congested
2230,cluster_2461783448_38980632_5243070374,6,1,5,0,r,G,0.0,Non-Congested,Non-Congested
2230,cluster_2461880040_2461880142_8131892137,2,2,0,0,r,y,4.0,Non-Congested,Non-Congested
2230,cluster_2461880136_4910664147_50607912_8131882097,0,1,0,0,r,G,4.0,Non-Congested,Non-Congested
2231,132200274,0,2,0,0,r,y,2.0,Non-Congested,Non-Congested
2231,181747232,1,0,0,0,G,r,5.0,Non-Congested,Non-Congested
2231,47217361,0,2,0,0,r,G,2.0,Non-Congested,Non-Congested
2231,cluster_181310323_5380872437,1,0,0,0,G,r,5.0,Non-Congested,Non-Congested
2231,cluster_2455590523_389713_47212064,1,2,0,2,G,r,0.0,Non-Congested,Non-Congested
2231,cluster_2461783448_38980632_5243070374,6,0,6,0,r,y,4.0,Non-Congested,Non-Congested
2231,cluster_2461880040_2461880142_8131892137,2,2,0,0,r,y,3.0,Non-Congested,Non-Congested
2231,cluster_2461880136_4910664147_50607912_8131882097,0,1,0,0,r,G,3.0,Non-Congested,Non-Congested
2232,132200274,0,2,0,0,r,y,1.0,Non-Congested,Non-Congested
2232,181747232,1,0,0,0,G,r,4.0,Non-Congested,Non-Congested
2232,47217361,0,2,0,0,r,G,1.0,Non-Congested,Non-Congested
2232,cluster_181310323_5380872437,1,0,0,0,G,r,4.0,Non-Congested,Non-Congested
2232,cluster_2455590523_389713_47212064,1,2,1,2,y,r,3.0,Non-Congested,Non-Congested
2232,cluster_2461783448_38980632_5243070374,6,0,6,0,r,y,3.0,Non-Congested,Non-Congested
2232,cluster_2461880040_2461880142_8131892137,2,2,0,0,r,y,2.0,Non-Congested,Non-Congested
2232,cluster_2461880136_4910664147_50607912_8131882097,0,1,0,0,r,G,2.0,Non-Congested,Non-Congested
2233,132200274,0,2,0,0,r,y,0.0,Non-Congested,Non-Congested
2233,181747232,1,0,0,0,G,r,3.0,Non-Congested,Non-Congested
2233,47217361,0,2,0,0,r,G,0.0,Non-Congested,Non-Congested
2233,cluster_1420096799_47154676,1,0,0,0,r,r,0.0,Non-Congested,Non-Congested
2233,cluster_181310323_5380872437,1,0,0,0,G,r,3.0,Non-Congested,Non-Congested
2233,cluster_2455590523_389713_47212064,1,2,1,2,y,r,2.0,Non-Congested,Non-Congested
2233,cluster_2461783448_38980632_5243070374,6,0,6,0,r,y,2.0,Non-Congested,Non-Congested
2233,cluster_2461880040_2461880142_8131892137,2,2,0,0,r,y,1.0,Non-Congested,Non-Congested
2233,cluster_2461880136_4910664147_50607912_8131882097,0,1,0,0,r,G,1.0,Non-Congested,Non-Congested
2234,132200274,0,3,0,0,G,r,4.0,Non-Congested,Non-Congested
2234,181747232,1,0,0,0,G,r,2.0,Non-Congested,Non-Congested
2234,47217361,0,3,0,0,r,y,2.0,Non-Congested,Non-Congested
2234,cluster_1420096799_47154676,1,0,0,0,r,G,6.0,Non-Congested,Non-Congested
2234,cluster_181310323_5380872437,1,0,0,0,G,r,2.0,Non-Congested,Non-Congested
2234,cluster_2455590523_389713_47212064,1,2,1,2,y,r,1.0,Non-Congested,Non-Congested
2234,cluster_2461783448_38980632_5243070374,6,0,6,0,r,y,1.0,Non-Congested,Non-Congested
2234,cluster_2461880040_2461880142_8131892137,2,2,0,0,r,y,0.0,Non-Congested,Non-Congested
2235,132200274,0,2,0,1,G,r,3.0,Non-Congested,Non-Congested
2235,181747232,1,0,0,0,G,r,1.0,Non-Congested,Non-Congested
2235,47217361,0,3,0,0,r,y,1.0,Non-Congested,Non-Congested
2235,cluster_1420096799_47154676,1,0,0,0,r,G,5.0,Non-Congested,Non-Congested
2235,cluster_181310323_5380872437,1,0,0,0,G,r,1.0,Non-Congested,Non-Congested
2235,cluster_2455590523_389713_47212064,1,2,1,2,y,r,0.0,Non-Congested,Non-Congested
2235,cluster_2461783448_38980632_5243070374,6,0,6,0,r,y,0.0,Non-Congested,Non-Congested
2235,cluster_2461880040_2461880142_8131892137,1,2,0,0,r,r,4.0,Non-Congested,Non-Congested
2236,132200274,0,2,0,1,G,r,2.0,Non-Congested,Non-Congested
2236,181747232,1,0,0,0,G,r,0.0,Non-Congested,Non-Congested
2236,47217361,0,3,0,0,r,y,0.0,Non-Congested,Non-Congested
2236,cluster_1420096799_47154676,1,0,0,0,r,G,4.0,Non-Congested,Non-Congested
2236,cluster_181310323_5380872437,1,0,0,0,G,r,0.0,Non-Congested,Non-Congested
2236,cluster_2455590523_389713_47212064,1,2,1,2,r,r,6.0,Non-Congested,Congested
2236,cluster_2461783448_38980632_5243070374,6,0,5,0,G,r,4.0,Non-Congested,Non-Congested
2236,cluster_2461880040_2461880142_8131892137,1,2,0,0,r,r,3.0,Non-Congested,Congested
2237,132200274,0,2,0,2,G,r,1.0,Non-Congested,Non-Congested
2237,181747232,1,0,0,0,y,r,3.0,Non-Congested,Non-Congested
2237,47217361,0,3,0,0,G,r,4.0,Non-Congested,Non-Congested
2237,cluster_1420096799_47154676,1,0,0,0,r,G,3.0,Non-Congested,Non-Congested
2237,cluster_181310323_5380872437,1,0,0,0,y,r,3.0,Non-Congested,Non-Congested
2237,cluster_2455590523_389713_47212064,1,2,1,2,r,r,5.0,Non-Congested,Congested
2237,cluster_2461783448_38980632_5243070374,5,0,4,0,G,r,3.0,Non-Congested,Non-Congested
2237,cluster_2461880040_2461880142_8131892137,0,1,0,0,r,r,2.0,Non-Congested,Congested
2237,cluster_2461880136_4910664147_50607912_8131882097,0,1,0,0,r,y,1.0,Non-Congested,Non-Congested
2238,132200274,0,3,0,2,G,r,0.0,Non-Congested,Non-Congested
2238,181747232,1,0,0,0,y,r,2.0,Non-Congested,Non-Congested
2238,47217361,0,3,0,0,G,r,3.0,Non-Congested,Non-Congested
2238,cluster_1420096799_47154676,1,0,0,0,r,G,2.0,Non-Congested,Non-Congested
2238,cluster_181310323_5380872437,1,0,0,0,y,r,2.0,Non-Congested,Non-Congested
2238,cluster_2455590523_389713_47212064,1,2,1,2,r,r,4.0,Non-Congested,Congested
2238,cluster_2461783448_38980632_5243070374,5,0,3,0,G,r,2.0,Non-Congested,Non-Congested
2238,cluster_2461880040_2461880142_8131892137,0,2,0,0,r,r,1.0,Non-Congested,Congested
2238,cluster_2461880136_4910664147_50607912_8131882097,0,1,0,0,r,y,0.0,Non-Congested,Non-Congested
2239,132200274,0,3,0,2,G,r,1.0,Non-Congested,Congested
2239,181747232,1,0,0,0,y,r,1.0,Non-Congested,Non-Congested
2239,47217361,0,3,0,0,G,r,2.0,Non-Congested,Non-Congested
2239,cluster_1420096799_47154676,1,0,0,0,r,G,1.0,Non-Congested,Non-Congested
2239,cluster_181310323_5380872437,1,0,0,0,y,r,1.0,Non-Congested,Non-Congested
2239,cluster_2455590523_389713_47212064,1,2,1,2,r,r,3.0,Non-Congested,Non-Congested
2239,cluster_2461783448_38980632_5243070374,5,0,3,0,G,r,1.0,Non-Congested,Non-Congested
2239,cluster_2461880040_2461880142_8131892137,0,2,0,1,r,r,0.0,Non-Congested,Congested
2239,cluster_2461880136_4910664147_50607912_8131882097,0,1,0,0,r,r,0.0,Non-Congested,Non-Congested
2240,132200274,0,3,0,2,G,r,0.0,Non-Congested,Congested
2240,181747232,1,0,0,0,y,r,0.0,Non-Congested,Non-Congested
2240,47217361,0,3,0,0,G,r,1.0,Non-Congested,Non-Congested
2240,cluster_1420096799_47154676,1,0,0,0,r,G,0.0,Non-Congested,Non-Congested
2240,cluster_181310323_5380872437,1,0,0,0,y,r,0.0,Non-Congested,Non-Congested
2240,cluster_2455590523_389713_47212064,1,2,1,2,r,r,2.0,Non-Congested,Non-Congested
2240,cluster_2461783448_38980632_5243070374,6,0,3,0,G,r,0.0,Non-Congested,Non-Congested
2240,cluster_2461880040_2461880142_8131892137,0,2,0,1,r,r,1.0,Non-Congested,Congested
2240,cluster_2461880136_4910664147_50607912_8131882097,0,1,0,0,G,r,4.0,Non-Congested,Non-Congested
2241,132200274,0,3,0,2,G,r,1.0,Non-Congested,Congested
2241,181747232,1,0,0,0,r,G,6.0,Non-Congested,Non-Congested
2241,47217361,0,3,0,0,G,r,0.0,Non-Congested,Non-Congested
2241,cluster_1420096799_47154676,1,0,0,0,r,y,3.0,Non-Congested,Non-Congested
2241,cluster_181310323_5380872437,1,0,0,0,r,G,4.0,Non-Congested,Non-Congested
2241,cluster_2455590523_389713_47212064,1,2,1,2,r,r,1.0,Non-Congested,Non-Congested
2241,cluster_2461783448_38980632_5243070374,6,0,3,0,G,r,1.0,Congested,Non-Congested
2241,cluster_2461880040_2461880142_8131892137,0,2,0,2,r,r,0.0,Non-Congested,Congested
2241,cluster_2461880136_4910664147_50607912_8131882097,0,1,0,0,G,r,3.0,Non-Congested,Non-Congested
2242,132200274,0,3,0,3,G,r,0.0,Non-Congested,Congested
2242,181747232,1,0,0,0,r,G,5.0,Non-Congested,Non-Congested
2242,47217361,0,3,0,0,G,r,1.0,Non-Congested,Non-Congested
2242,cluster_1420096799_47154676,1,0,1,0,r,y,2.0,Non-Congested,Non-Congested
2242,cluster_181310323_5380872437,1,0,1,0,r,G,3.0,Non-Congested,Non-Congested
2242,cluster_2455590523_389713_47212064,1,2,1,2,r,r,0.0,Non-Congested,Non-Congested
2242,cluster_2461783448_38980632_5243070374,6,0,3,0,G,r,0.0,Congested,Non-Congested
2242,cluster_2461880040_2461880142_8131892137,0,2,0,2,r,r,1.0,Non-Congested,Congested
2242,cluster_2461880136_4910664147_50607912_8131882097,0,1,0,0,G,r,2.0,Non-Congested,Non-Congested
2243,132200274,0,3,0,3,G,r,1.0,Non-Congested,Congested
2243,181747232,1,0,0,0,r,G,4.0,Non-Congested,Non-Congested
2243,47217361,0,4,0,0,G,r,0.0,Non-Congested,Non-Congested
2243,cluster_1420096799_47154676,1,0,1,0,r,y,1.0,Non-Congested,Non-Congested
2243,cluster_181310323_5380872437,1,0,1,0,r,G,2.0,Non-Congested,Non-Congested
2243,cluster_2455590523_389713_47212064,1,2,1,2,r,r,3.0,Non-Congested,Non-Congested
2243,cluster_2461783448_38980632_5243070374,7,0,3,0,G,r,1.0,Congested,Non-Congested
2243,cluster_2461880040_2461880142_8131892137,0,2,0,2,r,r,0.0,Non-Congested,Congested
2243,cluster_2461880136_4910664147_50607912_8131882097,0,1,0,0,G,r,1.0,Non-Congested,Non-Congested
2244,132200274,0,3,0,3,G,r,0.0,Non-Congested,Congested
2244,181747232,1,0,0,0,r,G,3.0,Non-Congested,Non-Congested
2244,47217361,0,4,0,0,G,r,1.0,Non-Congested,Non-Congested
2244,cluster_1420096799_47154676,1,0,1,0,r,y,0.0,Non-Congested,Non-Congested
2244,cluster_181310323_5380872437,1,0,1,0,r,G,1.0,Non-Congested,Non-Congested
2244,cluster_2455590523_389713_47212064,2,2,1,2,r,r,2.0,Non-Congested,Non-Congested
2244,cluster_2461783448_38980632_5243070374,7,0,4,0,G,r,0.0,Congested,Non-Congested
2244,cluster_2461880040_2461880142_8131892137,0,2,0,2,r,r,1.0,Non-Congested,Congested
2244,cluster_2461880136_4910664147_50607912_8131882097,0,1,0,0,G,r,0.0,Non-Congested,Non-Congested
2245,132200274,0,3,0,3,G,r,1.0,Non-Congested,Congested
2245,181747232,2,0,1,0,r,G,2.0,Non-Congested,Non-Congested
2245,47217361,0,4,0,1,G,r,0.0,Non-Congested,Non-Congested
2245,cluster_181310323_5380872437,1,0,1,0,r,G,0.0,Non-Congested,Non-Congested
2245,cluster_2455590523_389713_47212064,1,2,1,2,r,r,1.0,Non-Congested,Non-Congested
2245,cluster_2461783448_38980632_5243070374,7,0,5,0,G,r,0.0,Congested,Non-Congested
2245,cluster_2461880040_2461880142_8131892137,0,2,0,2,r,r,0.0,Non-Congested,Congested
2245,cluster_2461880136_4910664147_50607912_8131882097,0,1,0,0,y,r,2.0,Non-Congested,Non-Congested
2246,132200274,0,3,0,3,G,r,0.0,Non-Congested,Congested
2246,181747232,2,0,1,0,r,G,1.0,Non-Congested,Non-Congested
2246,47217361,0,4,0,1,G,r,0.0,Non-Congested,Non-Congested
2246,cluster_181310323_5380872437,1,0,1,0,r,y,3.0,Non-Congested,Non-Congested
2246,cluster_2455590523_389713_47212064,1,2,1,2,r,r,0.0,Non-Congested,Non-Congested
2246,cluster_2461783448_38980632_5243070374,7,0,6,0,G,r,4.0,Congested,Non-Congested
2246,cluster_2461880040_2461880142_8131892137,0,2,0,2,r,r,1.0,Non-Congested,Congested
2246,cluster_2461880136_4910664147_50607912_8131882097,0,1,0,0,y,r,1.0,Non-Congested,Non-Congested
2247,132200274,0,3,0,3,G,r,1.0,Non-Congested,Congested
2247,181747232,2,0,1,0,r,G,0.0,Non-Congested,Non-Congested
2247,47217361,0,4,0,2,y,r,2.0,Non-Congested,Non-Congested
2247,cluster_181310323_5380872437,1,0,1,0,r,y,2.0,Non-Congested,Non-Congested
2247,cluster_2455590523_389713_47212064,1,1,1,0,r,G,4.0,Non-Congested,Non-Congested
2247,cluster_2461783448_38980632_5243070374,7,0,6,0,G,r,3.0,Congested,Non-Congested
2247,cluster_2461880040_2461880142_8131892137,0,2,0,2,r,r,0.0,Non-Congested,Congested
2247,cluster_2461880136_4910664147_50607912_8131882097,0,1,0,0,y,r,0.0,Non-Congested,Non-Congested
2248,132200274,0,2,0,2,G,r,0.0,Non-Congested,Congested
2248,181747232,2,0,1,0,r,y,3.0,Non-Congested,Non-Congested
2248,47217361,0,4,0,2,y,r,1.0,Non-Congested,Non-Congested
2248,cluster_1420096799_47154676,0,1,0,0,G,r,3.0,Non-Congested,Non-Congested
2248,cluster_181310323_5380872437,1,0,1,0,r,y,1.0,Non-Congested,Non-Congested
2248,cluster_2455590523_389713_47212064,1,0,1,0,r,G,3.0,Non-Congested,Non-Congested
2248,cluster_2461783448_38980632_5243070374,7,0,6,0,G,r,2.0,Congested,Non-Congested
2248,cluster_2461880040_2461880142_8131892137,0,2,0,2,r,r,1.0,Non-Congested,Congested
2248,cluster_2461880136_4910664147_50607912_8131882097,0,1,0,0,r,G,4.0,Non-Congested,Non-Congested
2249,132200274,0,2,0,2,G,r,1.0,Non-Congested,Congested
2249,181747232,2,0,1,0,r,y,2.0,Non-Congested,Non-Congested
2249,47217361,0,4,0,2,y,r,0.0,Non-Congested,Non-Congested
2249,cluster_1420096799_47154676,0,1,0,0,G,r,2.0,Non-Congested,Non-Congested
2249,cluster_181310323_5380872437,1,0,1,0,r,y,0.0,Non-Congested,Non-Congested
2249,cluster_2455590523_389713_47212064,1,1,1,0,r,G,2.0,Non-Congested,Non-Congested
2249,cluster_2461783448_38980632_5243070374,6,0,5,0,G,r,1.0,Congested,Non-Congested
2249,cluster_2461880040_2461880142_8131892137,0,2,0,2,r,r,0.0,Non-Congested,Congested
2249,cluster_2461880136_4910664147_50607912_8131882097,0,1,0,0,r,G,3.0,Non-Congested,Non-Congested
2250,132200274,0,2,0,2,G,r,0.0,Non-Congested,Congested
2250,181747232,2,0,1,0,r,y,1.0,Non-Congested,Non-Congested
2250,47217361,0,4,0,2,r,r,4.0,Non-Congested,Non-Congested
2250,cluster_1420096799_47154676,0,1,0,0,G,r,1.0,Non-Congested,Non-Congested
2250,cluster_181310323_5380872437,1,0,0,0,G,r,6.0,Non-Congested,Non-Congested
2250,cluster_2455590523_389713_47212064,1,1,1,0,r,G,1.0,Non-Congested,Non-Congested
2250,cluster_2461783448_38980632_5243070374,6,0,5,0,G,r,0.0,Congested,Non-Congested
2250,cluster_2461880040_2461880142_8131892137,0,2,0,2,r,r,1.0,Non-Congested,Congested
2250,cluster_2461880136_4910664147_50607912_8131882097,0,2,0,0,r,G,2.0,Non-Congested,Non-Congested
2251,132200274,0,2,0,2,G,r,1.0,Non-Congested,Congested
2251,181747232,2,0,1,0,r,y,0.0,Non-Congested,Non-Congested
2251,47217361,0,4,0,2,r,r,3.0,Non-Congested,Non-Congested
2251,cluster_1420096799_47154676,0,1,0,0,G,r,0.0,Non-Congested,Non-Congested
2251,cluster_2455590523_389713_47212064,1,1,1,0,r,G,0.0,Non-Congested,Non-Congested
2251,cluster_2461783448_38980632_5243070374,6,0,4,0,G,r,9.0,Congested,Non-Congested
2251,cluster_2461880040_2461880142_8131892137,0,2,0,2,r,r,0.0,Non-Congested,Congested
2251,cluster_2461880136_4910664147_50607912_8131882097,0,2,0,0,r,G,1.0,Non-Congested,Non-Congested
2252,132200274,0,2,0,2,G,r,0.0,Non-Congested,Congested
2252,181747232,1,0,0,0,G,r,6.0,Non-Congested,Non-Congested
2252,47217361,0,5,0,2,r,r,2.0,Non-Congested,Non-Congested
2252,cluster_1420096799_47154676,0,1,0,0,y,r,3.0,Non-Congested,Non-Congested
2252,cluster_2455590523_389713_47212064,1,0,1,0,r,y,3.0,Non-Congested,Non-Congested
2252,cluster_2461783448_38980632_5243070374,6,0,3,0,G,r,8.0,Non-Congested,Non-Congested
2252,cluster_2461880040_2461880142_8131892137,0,2,0,2,r,r,1.0,Non-Congested,Congested
2252,cluster_2461880136_4910664147_50607912_8131882097,0,2,0,0,r,G,0.0,Non-Congested,Non-Congested
2253,132200274,0,2,0,2,G,r,1.0,Non-Congested,Congested
2253,181747232,1,0,0,0,G,r,5.0,Non-Congested,Non-Congested
2253,47217361,0,5,0,2,r,r,1.0,Non-Congested,Non-Congested
2253,cluster_1420096799_47154676,0,1,0,0,y,r,2.0,Non-Congested,Non-Congested
2253,cluster_2455590523_389713_47212064,1,1,1,0,r,y,2.0,Non-Congested,Non-Congested
2253,cluster_2461783448_38980632_5243070374,6,0,2,0,G,r,7.0,Non-Congested,Non-Congested
2253,cluster_2461880040_2461880142_8131892137,0,2,0,2,r,r,0.0,Non-Congested,Congested
2253,cluster_2461880136_4910664147_50607912_8131882097,0,2,0,0,r,y,2.0,Non-Congested,Non-Congested
2254,132200274,0,2,0,2,G,r,0.0,Non-Congested,Congested
2254,181747232,1,0,0,0,G,r,4.0,Non-Congested,Non-Congested
2254,47217361,0,5,0,2,r,r,0.0,Non-Congested,Non-Congested
2254,cluster_1420096799_47154676,0,1,0,0,y,r,1.0,Non-Congested,Non-Congested
2254,cluster_181310323_5380872437,1,0,0,0,G,r,2.0,Non-Congested,Non-Congested
2254,cluster_2455590523_389713_47212064,1,1,1,0,r,y,1.0,Non-Congested,Non-Congested
2254,cluster_2461783448_38980632_5243070374,5,0,1,0,G,r,6.0,Non-Congested,Non-Congested
2254,cluster_2461880040_2461880142_8131892137,0,2,0,2,r,r,1.0,Non-Congested,Congested
2254,cluster_2461880136_4910664147_50607912_8131882097,0,2,0,0,r,y,1.0,Non-Congested,Non-Congested
2255,132200274,0,2,0,2,G,r,1.0,Non-Congested,Congested
2255,181747232,2,1,0,0,G,r,3.0,Non-Congested,Non-Congested
2255,47217361,0,5,0,2,r,r,2.0,Non-Congested,Non-Congested
2255,cluster_1420096799_47154676,0,1,0,0,y,r,0.0,Non-Congested,Non-Congested
2255,cluster_181310323_5380872437,1,0,0,0,G,r,1.0,Non-Congested,Non-Congested
2255,cluster_2455590523_389713_47212064,1,0,1,0,r,y,0.0,Non-Congested,Non-Congested
2255,cluster_2461783448_38980632_5243070374,4,0,0,0,G,r,5.0,Non-Congested,Non-Congested
2255,cluster_2461880040_2461880142_8131892137,0,2,0,2,r,r,0.0,Non-Congested,Congested
2255,cluster_2461880136_4910664147_50607912_8131882097,0,2,0,0,r,y,0.0,Non-Congested,Non-Congested
2256,132200274,0,2,0,2,G,r,0.0,Non-Congested,Congested
2256,181747232,3,1,0,0,G,r,2.0,Non-Congested,Non-Congested
2256,47217361,0,5,0,2,r,r,1.0,Non-Congested,Non-Congested
2256,cluster_1420096799_47154676,0,1,0,0,r,r,6.0,Non-Congested,Non-Congested
2256,cluster_181310323_5380872437,1,0,0,0,G,r,0.0,Non-Congested,Non-Congested
2256,cluster_2455590523_389713_47212064,0,1,0,0,G,r,4.0,Non-Congested,Non-Congested
2256,cluster_2461783448_38980632_5243070374,5,0,0,0,G,r,4.0,Non-Congested,Non-Congested
2256,cluster_2461880040_2461880142_8131892137,0,2,0,2,r,r,1.0,Non-Congested,Congested
2256,cluster_2461880136_4910664147_50607912_8131882097,0,2,0,0,r,r,0.0,Non-Congested,Non-Congested
2257,132200274,0,2,0,2,G,r,1.0,Non-Congested,Congested
2257,181747232,3,1,0,0,G,r,1.0,Non-Congested,Non-Congested
2257,47217361,0,5,0,3,r,r,0.0,Non-Congested,Non-Congested
2257,cluster_1420096799_47154676,0,1,0,0,r,r,5.0,Non-Congested,Non-Congested
2257,cluster_181310323_5380872437,1,0,0,0,y,r,3.0,Non-Congested,Non-Congested
2257,cluster_2455590523_389713_47212064,0,1,0,0,G,r,3.0,Non-Congested,Non-Congested
2257,cluster_2461783448_38980632_5243070374,5,0,0,0,G,r,3.0,Non-Congested,Non-Congested
2257,cluster_2461880040_2461880142_8131892137,0,2,0,2,r,r,0.0,Non-Congested,Congested
2257,cluster_2461880136_4910664147_50607912_8131882097,0,2,0,0,G,r,4.0,Non-Congested,Non-Congested
2258,132200274,0,2,0,2,G,r,0.0,Non-Congested,Congested
2258,181747232,3,1,0,0,G,r,0.0,Non-Congested,Non-Congested
2258,47217361,0,4,0,2,r,G,4.0,Non-Congested,Non-Congested
2258,cluster_1420096799_47154676,0,1,0,0,r,r,4.0,Non-Congested,Non-Congested
2258,cluster_181310323_5380872437,1,0,0,0,y,r,2.0,Non-Congested,Non-Congested
2258,cluster_2455590523_389713_47212064,0,1,0,0,G,r,2.0,Non-Congested,Non-Congested
2258,cluster_2461783448_38980632_5243070374,3,0,0,0,G,r,2.0,Non-Congested,Non-Congested
2258,cluster_2461880040_2461880142_8131892137,0,2,0,2,r,r,1.0,Non-Congested,Congested
2258,cluster_2461880136_4910664147_50607912_8131882097,0,2,0,1,G,r,3.0,Non-Congested,Non-Congested
2259,132200274,0,2,0,2,G,r,1.0,Non-Congested,Congested
2259,181747232,3,1,0,0,y,r,3.0,Non-Congested,Non-Congested
2259,47217361,0,4,0,2,r,G,3.0,Non-Congested,Non-Congested
2259,cluster_1420096799_47154676,0,1,0,0,r,r,3.0,Non-Congested,Non-Congested
2259,cluster_181310323_5380872437,1,0,0,0,y,r,1.0,Non-Congested,Non-Congested
2259,cluster_2455590523_389713_47212064,0,1,0,0,G,r,1.0,Non-Congested,Non-Congested
2259,cluster_2461783448_38980632_5243070374,3,0,0,0,G,r,1.0,Non-Congested,Non-Congested
2259,cluster_2461880040_2461880142_8131892137,0,2,0,2,r,r,0.0,Non-Congested,Congested
2259,cluster_2461880136_4910664147_50607912_8131882097,0,2,0,1,G,r,2.0,Non-Congested,Non-Congested
2260,132200274,0,2,0,2,G,r,0.0,Non-Congested,Congested
2260,181747232,3,1,0,0,y,r,2.0,Non-Congested,Non-Congested
2260,47217361,0,4,0,1,r,G,2.0,Non-Congested,Non-Congested
2260,cluster_1420096799_47154676,0,1,0,0,r,r,2.0,Non-Congested,Non-Congested
2260,cluster_181310323_5380872437,1,0,0,0,y,r,0.0,Non-Congested,Non-Congested
2260,cluster_2455590523_389713_47212064,0,1,0,1,G,r,0.0,Non-Congested,Non-Congested
2260,cluster_2461783448_38980632_5243070374,5,0,0,0,G,r,0.0,Non-Congested,Non-Congested
2260,cluster_2461880040_2461880142_8131892137,0,2,0,2,r,r,1.0,Non-Congested,Congested
2260,cluster_2461880136_4910664147_50607912_8131882097,0,2,0,2,G,r,1.0,Non-Congested,Non-Congested
2261,132200274,0,2,0,2,G,r,1.0,Non-Congested,Congested
2261,181747232,3,1,0,0,y,r,1.0,Non-Congested,Non-Congested
2261,47217361,1,4,0,0,r,G,1.0,Non-Congested,Non-Congested
2261,cluster_1420096799_47154676,0,1,0,0,r,r,1.0,Non-Congested,Non-Congested
2261,cluster_181310323_5380872437,1,0,0,0,r,G,4.0,Non-Congested,Non-Congested
2261,cluster_2455590523_389713_47212064,0,1,0,1,y,r,3.0,Non-Congested,Non-Congested
2261,cluster_2461783448_38980632_5243070374,4,0,0,0,G,r,0.0,Non-Congested,Non-Congested
2261,cluster_2461880040_2461880142_8131892137,0,2,0,2,r,r,0.0,Non-Congested,Congested
2261,cluster_2461880136_4910664147_50607912_8131882097,0,2,0,2,G,r,0.0,Non-Congested,Non-Congested
2262,132200274,0,2,0,2,G,r,0.0,Non-Congested,Congested
2262,181747232,3,1,0,0,y,r,0.0,Non-Congested,Non-Congested
2262,47217361,1,4,0,0,r,G,0.0,Non-Congested,Non-Congested
2262,cluster_181310323_5380872437,1,0,0,0,r,G,3.0,Non-Congested,Non-Congested
2262,cluster_2455590523_389713_47212064,0,1,0,1,y,r,2.0,Non-Congested,Non-Congested
2262,cluster_2461783448_38980632_5243070374,5,0,0,0,y,r,4.0,Non-Congested,Non-Congested
2262,cluster_2461880040_2461880142_8131892137,0,2,0,2,r,r,1.0,Non-Congested,Congested
2262,cluster_2461880136_4910664147_50607912_8131882097,0,2,0,2,y,r,2.0,Non-Congested,Non-Congested
2263,132200274,0,3,0,2,G,r,1.0,Non-Congested,Congested
2263,181747232,2,0,0,0,r,G,6.0,Non-Congested,Non-Congested
2263,47217361,1,3,0,0,r,G,1.0,Non-Congested,Non-Congested
2263,cluster_181310323_5380872437,1,0,0,0,r,G,2.0,Non-Congested,Non-Congested
2263,cluster_2455590523_389713_47212064,0,1,0,1,y,r,1.0,Non-Congested,Non-Congested
2263,cluster_2461783448_38980632_5243070374,5,0,1,0,y,r,3.0,Congested,Non-Congested
2263,cluster_2461880040_2461880142_8131892137,0,2,0,2,r,r,0.0,Non-Congested,Congested
2263,cluster_2461880136_4910664147_50607912_8131882097,0,2,0,2,y,r,1.0,Non-Congested,Non-Congested
2264,132200274,0,3,0,2,G,r,0.0,Non-Congested,Congested
2264,181747232,2,0,0,0,r,G,5.0,Non-Congested,Non-Congested
2264,47217361,1,3,0,0,r,G,0.0,Non-Congested,Non-Congested
2264,cluster_181310323_5380872437,1,0,0,0,r,G,1.0,Non-Congested,Non-Congested
2264,cluster_2455590523_389713_47212064,1,1,0,1,y,r,0.0,Non-Congested,Non-Congested
2264,cluster_2461783448_38980632_5243070374,6,0,2,0,y,r,2.0,Congested,Non-Congested
2264,cluster_2461880040_2461880142_8131892137,0,2,0,2,r,r,1.0,Non-Congested,Congested
2264,cluster_2461880136_4910664147_50607912_8131882097,0,2,0,2,y,r,0.0,Non-Congested,Non-Congested
2265,132200274,0,3,0,2,G,r,1.0,Non-Congested,Congested
2265,181747232,2,0,0,0,r,G,4.0,Non-Congested,Non-Congested
2265,47217361,1,3,0,0,r,G,0.0,Non-Congested,Non-Congested
2265,cluster_181310323_5380872437,1,0,0,0,r,G,0.0,Non-Congested,Non-Congested
2265,cluster_2455590523_389713_47212064,1,3,0,1,r,r,6.0,Non-Congested,Non-Congested
2265,cluster_2461783448_38980632_5243070374,6,0,2,0,y,r,1.0,Congested,Non-Congested
2265,cluster_2461880040_2461880142_8131892137,0,2,0,2,r,r,0.0,Non-Congested,Congested
2265,cluster_2461880136_4910664147_50607912_8131882097,0,1,0,1,r,G,4.0,Non-Congested,Non-Congested
2266,132200274,0,3,0,2,G,r,0.0,Non-Congested,Congested
2266,181747232,2,0,0,0,r,G,3.0,Non-Congested,Non-Congested
2266,47217361,1,3,0,0,r,G,1.0,Non-Congested,Non-Congested
2266,cluster_181310323_5380872437,1,0,0,0,r,y,3.0,Non-Congested,Non-Congested
2266,cluster_2455590523_389713_47212064,1,3,0,1,r,r,5.0,Non-Congested,Congested
2266,cluster_2461783448_38980632_5243070374,6,0,3,0,y,r,0.0,Congested,Non-Congested
2266,cluster_2461880040_2461880142_8131892137,0,2,0,2,r,r,1.0,Non-Congested,Congested
2266,cluster_2461880136_4910664147_50607912_8131882097,0,1,0,0,r,G,3.0,Non-Congested,Non-Congested
2267,132200274,0,3,0,2,G,r,1.0,Non-Congested,Congested
2267,181747232,2,0,0,0,r,G,2.0,Non-Congested,Non-Congested
2267,47217361,1,4,0,0,r,G,0.0,Non-Congested,Non-Congested
2267,cluster_2455590523_389713_47212064,1,3,0,1,r,r,4.0,Non-Congested,Congested
2267,cluster_2461783448_38980632_5243070374,7,0,4,0,r,G,4.0,Congested,Non-Congested
2267,cluster_2461880040_2461880142_8131892137,0,2,0,2,r,r,0.0,Non-Congested,Congested
2267,cluster_2461880136_4910664147_50607912_8131882097,0,1,0,0,r,G,2.0,Non-Congested,Non-Congested
2268,132200274,0,3,0,3,G,r,0.0,Non-Congested,Congested
2268,181747232,2,0,0,0,r,G,1.0,Non-Congested,Non-Congested
2268,47217361,2,4,0,0,r,G,0.0,Non-Congested,Non-Congested
2268,cluster_2455590523_389713_47212064,1,3,0,1,r,r,3.0,Non-Congested,Congested
2268,cluster_2461783448_38980632_5243070374,7,0,4,0,r,G,3.0,Congested,Non-Congested
2268,cluster_2461880040_2461880142_8131892137,0,2,0,2,r,r,1.0,Non-Congested,Congested
2268,cluster_2461880136_4910664147_50607912_8131882097,0,1,0,0,r,G,1.0,Non-Congested,Non-Congested
2269,132200274,0,3,0,3,y,r,2.0,Non-Congested,Congested
2269,181747232,2,0,0,0,r,G,0.0,Non-Congested,Non-Congested
2269,47217361,2,3,1,0,r,G,1.0,Non-Congested,Non-Congested
2269,cluster_2455590523_389713_47212064,1,3,0,2,r,r,2.0,Non-Congested,Congested
2269,cluster_2461783448_38980632_5243070374,8,0,5,0,r,G,2.0,Congested,Non-Congested
2269,cluster_2461880040_2461880142_8131892137,0,2,0,2,r,r,0.0,Non-Congested,Congested
2269,cluster_2461880136_4910664147_50607912_8131882097,0,1,0,0,r,G,0.0,Non-Congested,Non-Congested
2270,132200274,0,3,0,3,y,r,1.0,Non-Congested,Congested
2270,181747232,2,0,0,0,r,y,3.0,Non-Congested,Non-Congested
2270,47217361,1,3,0,0,r,G,0.0,Non-Congested,Non-Congested
2270,cluster_2455590523_389713_47212064,1,3,1,2,r,r,1.0,Non-Congested,Non-Congested
2270,cluster_2461783448_38980632_5243070374,8,0,6,0,r,G,1.0,Congested,Non-Congested
2270,cluster_2461880040_2461880142_8131892137,0,2,0,2,r,r,4.0,Non-Congested,Congested
2270,cluster_2461880136_4910664147_50607912_8131882097,0,1,0,0,r,y,2.0,Non-Congested,Non-Congested
2271,132200274,0,4,0,3,y,r,0.0,Non-Congested,Congested
2271,181747232,2,0,0,0,r,y,2.0,Non-Congested,Non-Congested
2271,47217361,1,4,0,0,r,G,0.0,Non-Congested,Non-Congested
2271,cluster_2455590523_389713_47212064,1,3,1,2,r,r,0.0,Non-Congested,Non-Congested
2271,cluster_2461783448_38980632_5243070374,8,0,7,0,r,G,0.0,Congested,Non-Congested
2271,cluster_2461880040_2461880142_8131892137,0,2,0,2,r,r,3.0,Non-Congested,Congested
2271,cluster_2461880136_4910664147_50607912_8131882097,0,1,0,0,r,y,1.0,Non-Congested,Non-Congested
2272,132200274,0,2,0,1,r,G,4.0,Non-Congested,Congested
2272,181747232,2,0,0,0,r,y,1.0,Non-Congested,Non-Congested
2272,47217361,1,3,0,0,r,G,0.0,Non-Congested,Non-Congested
2272,cluster_2455590523_389713_47212064,1,3,1,2,r,r,3.0,Non-Congested,Non-Congested
2272,cluster_2461783448_38980632_5243070374,9,0,7,0,r,G,1.0,Congested,Non-Congested
2272,cluster_2461880040_2461880142_8131892137,0,2,0,2,r,r,2.0,Non-Congested,Congested
2272,cluster_2461880136_4910664147_50607912_8131882097,0,1,0,0,r,y,0.0,Non-Congested,Non-Congested
2273,132200274,0,2,0,0,r,G,3.0,Non-Congested,Non-Congested
2273,181747232,2,0,1,0,r,y,0.0,Non-Congested,Non-Congested
2273,47217361,2,2,0,0,r,y,2.0,Non-Congested,Non-Congested
2273,cluster_2455590523_389713_47212064,1,3,1,2,r,r,2.0,Non-Congested,Non-Congested
2273,cluster_2461783448_38980632_5243070374,9,0,7,0,r,G,0.0,Congested,Non-Congested
2273,cluster_2461880040_2461880142_8131892137,0,2,0,2,r,r,1.0,Non-Congested,Congested
2273,cluster_2461880136_4910664147_50607912_8131882097,0,2,0,1,r,r,0.0,Non-Congested,Non-Congested
2274,132200274,0,2,0,0,r,G,2.0,Non-Congested,Non-Congested
2274,181747232,1,0,0,0,G,r,6.0,Non-Congested,Non-Congested
2274,47217361,2,2,0,0,r,y,1.0,Non-Congested,Non-Congested
2274,cluster_2455590523_389713_47212064,2,3,1,2,r,r,1.0,Non-Congested,Non-Congested
2274,cluster_2461783448_38980632_5243070374,9,0,7,0,r,G,0.0,Congested,Non-Congested
2274,cluster_2461880040_2461880142_8131892137,0,2,0,2,r,r,0.0,Non-Congested,Congested
2274,cluster_2461880136_4910664147_50607912_8131882097,0,2,0,1,G,r,4.0,Non-Congested,Non-Congested
2275,132200274,0,3,0,0,r,G,1.0,Non-Congested,Non-Congested
2275,181747232,1,0,0,0,G,r,5.0,Non-Congested,Non-Congested
2275,47217361,1,2,0,0,r,y,0.0,Non-Congested,Non-Congested
2275,cluster_2455590523_389713_47212064,1,3,1,2,r,r,0.0,Congested,Non-Congested
2275,cluster_2461783448_38980632_5243070374,9,0,9,0,r,y,4.0,Congested,Non-Congested
2275,cluster_2461880040_2461880142_8131892137,0,2,0,2,G,r,4.0,Non-Congested,Congested
2275,cluster_2461880136_4910664147_50607912_8131882097,0,2,0,1,G,r,3.0,Non-Congested,Non-Congested
2276,132200274,0,4,0,0,r,G,0.0,Non-Congested,Non-Congested
2276,181747232,1,0,0,0,G,r,4.0,Non-Congested,Non-Congested
2276,47217361,1,1,0,0,G,r,4.0,Non-Congested,Non-Congested
2276,cluster_2455590523_389713_47212064,2,2,1,0,r,G,4.0,Non-Congested,Non-Congested
2276,cluster_2461783448_38980632_5243070374,9,0,9,0,r,y,3.0,Congested,Non-Congested
2276,cluster_2461880040_2461880142_8131892137,0,2,0,2,G,r,3.0,Non-Congested,Congested
2276,cluster_2461880136_4910664147_50607912_8131882097,0,2,0,1,G,r,2.0,Non-Congested,Non-Congested
2277,132200274,0,2,0,0,r,G,1.0,Non-Congested,Non-Congested
2277,181747232,1,0,0,0,G,r,3.0,Non-Congested,Non-Congested
2277,47217361,1,1,0,0,G,r,3.0,Non-Congested,Non-Congested
2277,cluster_2455590523_389713_47212064,2,1,1,1,r,G,3.0,Non-Congested,Non-Congested
2277,cluster_2461783448_38980632_5243070374,9,0,9,0,r,y,2.0,Congested,Non-Congested
2277,cluster_2461880040_2461880142_8131892137,0,2,0,2,G,r,2.0,Non-Congested,Congested
2277,cluster_2461880136_4910664147_50607912_8131882097,0,2,0,1,G,r,1.0,Non-Congested,Non-Congested
2278,132200274,0,3,0,0,r,G,0.0,Non-Congested,Non-Congested
2278,181747232,1,0,0,0,G,r,2.0,Non-Congested,Non-Congested
2278,47217361,1,1,0,0,G,r,2.0,Non-Congested,Non-Congested
2278,cluster_2455590523_389713_47212064,2,1,1,1,r,G,2.0,Non-Congested,Non-Congested
2278,cluster_2461783448_38980632_5243070374,9,0,9,0,r,y,1.0,Congested,Non-Congested
2278,cluster_2461880040_2461880142_8131892137,0,2,0,2,G,r,1.0,Non-Congested,Congested
2278,cluster_2461880136_4910664147_50607912_8131882097,0,2,0,1,G,r,0.0,Non-Congested,Non-Congested
2279,132200274,0,4,0,1,r,G,1.0,Non-Congested,Non-Congested
2279,181747232,1,0,0,0,G,r,1.0,Non-Congested,Non-Congested
2279,47217361,1,1,0,0,G,r,1.0,Non-Congested,Non-Congested
2279,cluster_2455590523_389713_47212064,2,1,2,1,r,G,1.0,Non-Congested,Non-Congested
2279,cluster_2461783448_38980632_5243070374,9,0,9,0,r,y,0.0,Congested,Non-Congested
2279,cluster_2461880040_2461880142_8131892137,0,2,0,2,G,r,0.0,Non-Congested,Congested
2279,cluster_2461880136_4910664147_50607912_8131882097,0,2,0,1,y,r,2.0,Non-Congested,Non-Congested
2280,132200274,0,4,0,1,r,G,0.0,Non-Congested,Non-Congested
2280,181747232,2,1,0,0,G,r,0.0,Non-Congested,Non-Congested
2280,47217361,1,1,0,0,G,r,0.0,Non-Congested,Non-Congested
2280,cluster_2455590523_389713_47212064,3,3,2,1,r,G,0.0,Non-Congested,Non-Congested
2280,cluster_2461783448_38980632_5243070374,9,0,9,0,G,r,4.0,Congested,Non-Congested
2280,cluster_2461880040_2461880142_8131892137,0,2,0,2,y,r,4.0,Non-Congested,Congested
2280,cluster_2461880136_4910664147_50607912_8131882097,0,2,0,1,y,r,1.0,Non-Congested,Non-Congested
2281,132200274,0,5,0,2,r,G,1.0,Non-Congested,Non-Congested
2281,181747232,2,1,0,0,y,r,3.0,Non-Congested,Non-Congested
2281,47217361,1,1,0,0,y,r,2.0,Non-Congested,Non-Congested
2281,cluster_2455590523_389713_47212064,3,3,2,1,r,y,3.0,Congested,Non-Congested
2281,cluster_2461783448_38980632_5243070374,9,1,9,0,G,r,3.0,Congested,Non-Congested
2281,cluster_2461880040_2461880142_8131892137,0,2,0,2,y,r,3.0,Non-Congested,Congested
2281,cluster_2461880136_4910664147_50607912_8131882097,0,2,0,1,y,r,0.0,Non-Congested,Non-Congested
2282,132200274,0,6,0,2,r,G,0.0,Non-Congested,Non-Congested
2282,181747232,2,1,0,0,y,r,2.0,Non-Congested,Non-Congested
2282,47217361,1,1,1,0,y,r,1.0,Non-Congested,Non-Congested
2282,cluster_2455590523_389713_47212064,3,3,2,1,r,y,2.0,Congested,Non-Congested
2282,cluster_2461783448_38980632_5243070374,9,1,9,0,G,r,2.0,Congested,Non-Congested
2282,cluster_2461880040_2461880142_8131892137,0,2,0,2,y,r,2.0,Non-Congested,Congested
2282,cluster_2461880136_4910664147_50607912_8131882097,0,1,0,0,r,G,4.0,Non-Congested,Non-Congested
2282,cluster_59665162_8742497506,1,0,0,0,G,r,4.0,Non-Congested,Non-Congested
2283,132200274,0,4,0,2,r,G,1.0,Non-Congested,Non-Congested
2283,181747232,2,1,0,0,y,r,1.0,Non-Congested,Non-Congested
2283,47217361,1,1,1,0,y,r,0.0,Non-Congested,Non-Congested
2283,cluster_2455590523_389713_47212064,3,2,3,1,r,y,1.0,Congested,Non-Congested
2283,cluster_2461783448_38980632_5243070374,9,1,9,0,G,r,1.0,Congested,Non-Congested
2283,cluster_2461880040_2461880142_8131892137,0,2,0,2,y,r,1.0,Non-Congested,Congested
2283,cluster_2461880136_4910664147_50607912_8131882097,0,1,0,0,r,G,3.0,Non-Congested,Non-Congested
2284,132200274,0,3,0,1,r,G,0.0,Non-Congested,Non-Congested
2284,181747232,2,1,0,0,y,r,0.0,Non-Congested,Non-Congested
2284,47217361,1,1,1,0,r,r,4.0,Non-Congested,Non-Congested
2284,cluster_2455590523_389713_47212064,3,2,3,1,r,y,0.0,Congested,Non-Congested
2284,cluster_2461783448_38980632_5243070374,9,1,9,0,G,r,0.0,Congested,Non-Congested
2284,cluster_2461880040_2461880142_8131892137,0,2,0,2,y,r,0.0,Non-Congested,Congested
2284,cluster_2461880136_4910664147_50607912_8131882097,0,2,0,0,r,G,2.0,Non-Congested,Non-Congested
2285,132200274,0,3,0,0,r,G,0.0,Non-Congested,Non-Congested
2285,181747232,2,1,0,0,r,G,6.0,Non-Congested,Non-Congested
2285,47217361,1,1,1,0,r,r,3.0,Non-Congested,Non-Congested
2285,cluster_2455590523_389713_47212064,2,2,2,1,G,r,4.0,Non-Congested,Non-Congested
2285,cluster_2461783448_38980632_5243070374,9,1,9,0,G,r,1.0,Congested,Non-Congested
2285,cluster_2461880040_2461880142_8131892137,0,1,0,1,r,G,9.0,Non-Congested,Congested
2285,cluster_2461880136_4910664147_50607912_8131882097,0,1,0,0,r,G,1.0,Non-Congested,Non-Congested
2286,132200274,0,3,0,1,r,y,2.0,Non-Congested,Non-Congested
2286,181747232,2,1,1,0,r,G,5.0,Non-Congested,Non-Congested
2286,47217361,1,1,1,1,r,r,2.0,Non-Congested,Non-Congested
2286,cluster_2455590523_389713_47212064,2,2,1,1,G,r,3.0,Non-Congested,Non-Congested
2286,cluster_2461783448_38980632_5243070374,9,1,9,0,G,r,0.0,Congested,Non-Congested
2286,cluster_2461880040_2461880142_8131892137,0,1,0,0,r,G,8.0,Non-Congested,Congested
2286,cluster_2461880136_4910664147_50607912_8131882097,0,1,0,0,r,G,0.0,Non-Congested,Non-Congested
2287,132200274,0,2,0,1,r,y,1.0,Non-Congested,Non-Congested
2287,181747232,2,1,1,0,r,G,4.0,Non-Congested,Non-Congested
2287,47217361,1,1,1,1,r,r,1.0,Non-Congested,Non-Congested
2287,cluster_2455590523_389713_47212064,2,2,0,2,G,r,2.0,Non-Congested,Non-Congested
2287,cluster_2461783448_38980632_5243070374,9,2,9,0,G,r,1.0,Congested,Non-Congested
2287,cluster_2461880040_2461880142_8131892137,0,1,0,0,r,G,7.0,Non-Congested,Congested
2287,cluster_2461880136_4910664147_50607912_8131882097,0,1,0,0,r,y,2.0,Non-Congested,Non-Congested
2288,132200274,0,1,0,1,r,y,0.0,Non-Congested,Non-Congested
2288,181747232,2,1,1,0,r,G,3.0,Non-Congested,Non-Congested
2288,47217361,0,1,0,1,r,r,0.0,Non-Congested,Non-Congested
2288,cluster_2455590523_389713_47212064,2,3,0,2,G,r,1.0,Non-Congested,Non-Congested
2288,cluster_2461783448_38980632_5243070374,9,2,9,0,G,r,0.0,Congested,Non-Congested
2288,cluster_2461880040_2461880142_8131892137,0,1,0,0,r,G,6.0,Non-Congested,Non-Congested
2288,cluster_2461880136_4910664147_50607912_8131882097,0,2,0,0,r,y,1.0,Non-Congested,Non-Congested
2289,132200274,0,2,0,1,G,r,4.0,Non-Congested,Non-Congested
2289,181747232,2,1,1,0,r,G,2.0,Non-Congested,Non-Congested
2289,47217361,0,2,0,1,r,r,2.0,Non-Congested,Non-Congested
2289,cluster_2455590523_389713_47212064,1,3,0,2,G,r,0.0,Non-Congested,Non-Congested
2289,cluster_2461783448_38980632_5243070374,9,2,9,0,G,r,1.0,Congested,Non-Congested
2289,cluster_2461880040_2461880142_8131892137,0,1,0,0,r,G,5.0,Non-Congested,Non-Congested
2289,cluster_2461880136_4910664147_50607912_8131882097,0,2,0,0,r,y,0.0,Non-Congested,Non-Congested
2290,132200274,0,2,0,1,G,r,3.0,Non-Congested,Non-Congested
2290,181747232,1,0,1,0,r,G,1.0,Non-Congested,Non-Congested
2290,47217361,0,2,0,1,r,r,1.0,Non-Congested,Non-Congested
2290,cluster_2455590523_389713_47212064,1,3,0,2,y,r,3.0,Non-Congested,Non-Congested
2290,cluster_2461783448_38980632_5243070374,9,2,9,0,G,r,0.0,Congested,Non-Congested
2290,cluster_2461880040_2461880142_8131892137,0,1,0,0,r,G,4.0,Non-Congested,Congested
2290,cluster_2461880136_4910664147_50607912_8131882097,0,2,0,0,r,r,0.0,Non-Congested,Non-Congested
2291,132200274,0,2,0,1,G,r,2.0,Non-Congested,Non-Congested
2291,181747232,1,0,1,0,r,G,0.0,Non-Congested,Non-Congested
2291,47217361,0,2,0,1,r,r,0.0,Non-Congested,Non-Congested
2291,cluster_181310323_5380872437,0,1,0,0,G,r,5.0,Non-Congested,Non-Congested
2291,cluster_2455590523_389713_47212064,1,4,0,2,y,r,2.0,Non-Congested,Non-Congested
2291,cluster_2461783448_38980632_5243070374,9,2,9,1,G,r,1.0,Congested,Non-Congested
2291,cluster_2461880040_2461880142_8131892137,1,1,0,0,r,G,3.0,Non-Congested,Non-Congested
2291,cluster_2461880136_4910664147_50607912_8131882097,0,2,0,0,G,r,4.0,Non-Congested,Non-Congested
2292,132200274,0,3,0,2,G,r,1.0,Non-Congested,Non-Congested
2292,181747232,1,0,1,0,r,y,3.0,Non-Congested,Non-Congested
2292,47217361,0,2,0,0,r,G,4.0,Non-Congested,Non-Congested
2292,cluster_181310323_5380872437,0,1,0,0,G,r,4.0,Non-Congested,Congested
2292,cluster_2455590523_389713_47212064,1,4,0,2,y,r,1.0,Non-Congested,Non-Congested
2292,cluster_2461783448_38980632_5243070374,9,2,9,1,G,r,0.0,Congested,Non-Congested
2292,cluster_2461880040_2461880142_8131892137,1,1,0,0,r,G,2.0,Non-Congested,Non-Congested
2292,cluster_2461880136_4910664147_50607912_8131882097,0,2,0,0,G,r,3.0,Non-Congested,Non-Congested
2293,132200274,0,3,0,2,G,r,0.0,Non-Congested,Congested
2293,181747232,1,0,1,0,r,y,2.0,Non-Congested,Non-Congested
2293,47217361,0,1,0,0,r,G,3.0,Non-Congested,Non-Congested
2293,cluster_181310323_5380872437,0,1,0,0,G,r,3.0,Non-Congested,Congested
2293,cluster_2455590523_389713_47212064,1,4,0,3,y,r,0.0,Non-Congested,Non-Congested
2293,cluster_2461783448_38980632_5243070374,9,1,9,1,G,r,1.0,Congested,Non-Congested
2293,cluster_2461880040_2461880142_8131892137,1,1,0,0,r,G,1.0,Non-Congested,Non-Congested
2293,cluster_2461880136_4910664147_50607912_8131882097,0,2,0,0,G,r,2.0,Non-Congested,Non-Congested
2294,132200274,0,3,0,2,G,r,1.0,Non-Congested,Congested
2294,181747232,1,0,1,0,r,y,1.0,Non-Congested,Non-Congested
2294,47217361,0,1,0,0,r,G,2.0,Non-Congested,Non-Congested
2294,cluster_181310323_5380872437,0,1,0,0,G,r,2.0,Non-Congested,Congested
2294,cluster_2455590523_389713_47212064,1,4,1,2,r,r,6.0,Non-Congested,Congested
2294,cluster_2461783448_38980632_5243070374,9,1,9,1,G,r,0.0,Congested,Non-Congested
2294,cluster_2461880040_2461880142_8131892137,2,2,0,0,r,G,0.0,Non-Congested,Non-Congested
2294,cluster_2461880136_4910664147_50607912_8131882097,0,2,0,0,G,r,1.0,Non-Congested,Non-Congested
2295,132200274,0,3,0,3,G,r,0.0,Non-Congested,Congested
2295,181747232,1,0,1,0,r,y,0.0,Non-Congested,Non-Congested
2295,47217361,0,1,0,0,r,G,1.0,Non-Congested,Non-Congested
2295,cluster_181310323_5380872437,0,1,0,1,G,r,1.0,Non-Congested,Congested
2295,cluster_2455590523_389713_47212064,1,4,1,2,r,r,5.0,Non-Congested,Congested
2295,cluster_2461783448_38980632_5243070374,9,2,9,1,G,r,1.0,Congested,Non-Congested
2295,cluster_2461880040_2461880142_8131892137,2,2,0,0,r,y,4.0,Non-Congested,Non-Congested
2295,cluster_2461880136_4910664147_50607912_8131882097,0,2,0,0,G,r,0.0,Non-Congested,Non-Congested
2296,132200274,0,3,0,3,G,r,1.0,Non-Congested,Congested
2296,47217361,0,1,0,0,r,G,0.0,Non-Congested,Non-Congested
2296,cluster_181310323_5380872437,0,1,0,1,G,r,0.0,Non-Congested,Congested
2296,cluster_2455590523_389713_47212064,1,3,1,2,r,r,4.0,Non-Congested,Non-Congested
2296,cluster_2461783448_38980632_5243070374,9,2,9,1,G,r,0.0,Congested,Non-Congested
2296,cluster_2461880040_2461880142_8131892137,2,2,0,0,r,y,3.0,Non-Congested,Non-Congested
2296,cluster_2461880136_4910664147_50607912_8131882097,0,2,0,0,y,r,2.0,Non-Congested,Non-Congested
2297,132200274,0,3,0,3,G,r,0.0,Non-Congested,Congested
2297,47217361,0,1,0,0,r,y,2.0,Non-Congested,Non-Congested
2297,cluster_181310323_5380872437,0,1,0,1,y,r,3.0,Non-Congested,Congested
2297,cluster_2455590523_389713_47212064,1,3,1,2,r,r,3.0,Non-Congested,Congested
2297,cluster_2461783448_38980632_5243070374,9,2,9,1,G,r,1.0,Congested,Non-Congested
2297,cluster_2461880040_2461880142_8131892137,2,3,0,0,r,y,2.0,Non-Congested,Non-Congested
2297,cluster_2461880136_4910664147_50607912_8131882097,0,2,0,0,y,r,1.0,Non-Congested,Non-Congested
2298,132200274,0,3,0,3,G,r,1.0,Non-Congested,Congested
2298,47217361,0,1,0,0,r,y,1.0,Non-Congested,Non-Congested
2298,cluster_1420096799_47154676,1,0,0,0,r,r,1.0,Non-Congested,Non-Congested
2298,cluster_181310323_5380872437,0,1,0,1,y,r,2.0,Non-Congested,Congested
2298,cluster_2455590523_389713_47212064,1,3,1,2,r,r,2.0,Non-Congested,Non-Congested
2298,cluster_2461783448_38980632_5243070374,9,2,9,1,G,r,0.0,Congested,Non-Congested
2298,cluster_2461880040_2461880142_8131892137,2,3,0,0,r,y,1.0,Non-Congested,Non-Congested
2298,cluster_2461880136_4910664147_50607912_8131882097,0,1,0,1,y,r,0.0,Non-Congested,Non-Congested
2299,132200274,0,3,0,3,G,r,0.0,Non-Congested,Congested
2299,181747232,1,1,0,0,G,r,3.0,Non-Congested,Non-Congested
2299,47217361,0,1,0,0,r,y,0.0,Non-Congested,Non-Congested
2299,cluster_1420096799_47154676,1,0,0,0,r,r,0.0,Non-Congested,Non-Congested
2299,cluster_181310323_5380872437,0,1,0,1,y,r,1.0,Non-Congested,Congested
2299,cluster_2455590523_389713_47212064,1,3,1,3,r,r,1.0,Non-Congested,Non-Congested
2299,cluster_2461783448_38980632_5243070374,9,2,9,1,G,r,4.0,Congested,Non-Congested
2299,cluster_2461880040_2461880142_8131892137,2,3,0,0,r,y,0.0,Non-Congested,Non-Congested
2300,132200274,0,3,0,3,G,r,1.0,Non-Congested,Congested
2300,181747232,1,1,0,0,G,r,2.0,Non-Congested,Non-Congested
2300,47217361,0,1,0,0,G,r,4.0,Non-Congested,Non-Congested
2300,cluster_1420096799_47154676,1,1,0,0,r,G,6.0,Non-Congested,Non-Congested
2300,cluster_181310323_5380872437,0,1,0,1,y,r,0.0,Non-Congested,Congested
2300,cluster_2455590523_389713_47212064,1,4,1,3,r,r,0.0,Non-Congested,Non-Congested
2300,cluster_2461783448_38980632_5243070374,9,2,9,1,G,r,3.0,Congested,Non-Congested
2300,cluster_2461880040_2461880142_8131892137,1,2,0,0,r,r,4.0,Non-Congested,Non-Congested
2301,132200274,0,3,0,3,G,r,0.0,Non-Congested,Congested
2301,181747232,1,1,0,0,G,r,1.0,Non-Congested,Non-Congested
2301,47217361,0,1,0,0,G,r,3.0,Non-Congested,Non-Congested
2301,cluster_1420096799_47154676,1,0,0,0,r,G,5.0,Non-Congested,Non-Congested
2301,cluster_2455590523_389713_47212064,1,5,1,3,r,r,1.0,Non-Congested,Congested
2301,cluster_2461783448_38980632_5243070374,9,2,9,1,G,r,2.0,Congested,Non-Congested
2301,cluster_2461880040_2461880142_8131892137,1,3,0,1,r,r,3.0,Non-Congested,Non-Congested
2301,cluster_2461880136_4910664147_50607912_8131882097,0,1,0,0,r,G,2.0,Non-Congested,Non-Congested
2302,132200274,0,3,0,3,G,r,1.0,Non-Congested,Congested
2302,181747232,1,1,0,0,G,r,0.0,Non-Congested,Non-Congested
2302,47217361,0,1,0,0,G,r,2.0,Non-Congested,Non-Congested
2302,cluster_1420096799_47154676,1,0,0,0,r,G,4.0,Non-Congested,Non-Congested
2302,cluster_2455590523_389713_47212064,1,5,1,3,r,r,0.0,Non-Congested,Non-Congested
2302,cluster_2461783448_38980632_5243070374,9,2,9,1,G,r,1.0,Congested,Non-Congested
2302,cluster_2461880040_2461880142_8131892137,0,2,0,1,r,r,2.0,Non-Congested,Congested
2302,cluster_2461880136_4910664147_50607912_8131882097,0,1,0,0,r,G,1.0,Non-Congested,Non-Congested
2303,132200274,0,4,0,3,G,r,0.0,Non-Congested,Congested
2303,181747232,1,1,0,0,y,r,3.0,Non-Congested,Non-Congested
2303,47217361,0,1,0,0,G,r,1.0,Non-Congested,Non-Congested
2303,cluster_1420096799_47154676,1,0,0,0,r,G,3.0,Non-Congested,Non-Congested
2303,cluster_2455590523_389713_47212064,2,5,1,3,r,r,0.0,Non-Congested,Non-Congested
2303,cluster_2461783448_38980632_5243070374,9,2,9,1,G,r,0.0,Congested,Non-Congested
2303,cluster_2461880040_2461880142_8131892137,0,2,0,1,r,r,1.0,Non-Congested,Congested
2303,cluster_2461880136_4910664147_50607912_8131882097,0,1,0,0,r,G,0.0,Non-Congested,Non-Congested
2304,132200274,0,4,0,3,G,r,1.0,Non-Congested,Congested
2304,181747232,1,1,0,0,y,r,2.0,Non-Congested,Non-Congested
2304,cluster_1420096799_47154676,2,0,0,0,r,G,2.0,Non-Congested,Non-Congested
2304,cluster_2455590523_389713_47212064,1,6,1,3,r,r,3.0,Non-Congested,Non-Congested
2304,cluster_2461783448_38980632_5243070374,9,2,9,1,G,r,9.0,Congested,Non-Congested
2304,cluster_2461880040_2461880142_8131892137,0,2,0,1,r,r,0.0,Non-Congested,Congested
2305,132200274,0,4,0,3,G,r,0.0,Non-Congested,Congested
2305,181747232,1,1,0,0,y,r,1.0,Non-Congested,Non-Congested
2305,47217361,0,1,0,0,y,r,2.0,Non-Congested,Non-Congested
2305,cluster_1420096799_47154676,2,0,0,0,r,G,1.0,Non-Congested,Non-Congested
2305,cluster_2455590523_389713_47212064,1,4,1,3,r,r,2.0,Non-Congested,Non-Congested
2305,cluster_2461783448_38980632_5243070374,9,2,9,1,G,r,8.0,Congested,Non-Congested
2305,cluster_2461880040_2461880142_8131892137,0,2,0,2,r,r,1.0,Non-Congested,Congested
2306,132200274,0,4,0,3,G,r,1.0,Non-Congested,Congested
2306,181747232,1,1,0,0,y,r,0.0,Non-Congested,Non-Congested
2306,47217361,0,1,0,0,y,r,1.0,Non-Congested,Non-Congested
2306,cluster_1420096799_47154676,2,0,1,0,r,G,0.0,Non-Congested,Non-Congested
2306,cluster_2455590523_389713_47212064,1,4,1,3,r,r,1.0,Non-Congested,Non-Congested
2306,cluster_2461783448_38980632_5243070374,9,2,9,2,G,r,7.0,Congested,Non-Congested
2306,cluster_2461880040_2461880142_8131892137,0,2,0,2,r,r,0.0,Non-Congested,Congested
2307,132200274,0,4,0,3,G,r,0.0,Non-Congested,Congested
2307,181747232,1,1,0,0,r,G,6.0,Non-Congested,Non-Congested
2307,47217361,0,1,0,0,y,r,0.0,Non-Congested,Non-Congested
2307,cluster_1420096799_47154676,2,0,1,0,r,y,3.0,Non-Congested,Non-Congested
2307,cluster_181310323_5380872437,1,0,0,0,r,y,2.0,Non-Congested,Non-Congested
2307,cluster_2455590523_389713_47212064,1,3,1,3,r,r,0.0,Non-Congested,Non-Congested
2307,cluster_2461783448_38980632_5243070374,9,2,9,2,G,r,6.0,Congested,Non-Congested
2307,cluster_2461880040_2461880142_8131892137,0,2,0,2,r,r,1.0,Non-Congested,Congested
2308,132200274,0,4,0,3,G,r,1.0,Non-Congested,Congested
2308,181747232,1,1,0,0,r,G,5.0,Non-Congested,Non-Congested
2308,47217361,0,1,0,0,r,r,4.0,Non-Congested,Non-Congested
2308,cluster_1420096799_47154676,2,0,1,0,r,y,2.0,Non-Congested,Non-Congested
2308,cluster_181310323_5380872437,1,0,0,0,r,y,1.0,Non-Congested,Non-Congested
2308,cluster_2455590523_389713_47212064,1,1,1,1,r,G,4.0,Non-Congested,Non-Congested
2308,cluster_2461783448_38980632_5243070374,9,2,9,2,G,r,5.0,Congested,Non-Congested
2308,cluster_2461880040_2461880142_8131892137,0,2,0,2,r,r,0.0,Non-Congested,Congested
2309,132200274,0,4,0,3,G,r,0.0,Non-Congested,Congested
2309,47217361,0,1,0,0,r,r,3.0,Non-Congested,Non-Congested
2309,cluster_1420096799_47154676,1,0,1,0,r,y,1.0,Non-Congested,Non-Congested
2309,cluster_181310323_5380872437,1,0,0,0,r,y,0.0,Non-Congested,Non-Congested
2309,cluster_2455590523_389713_47212064,1,1,1,0,r,G,3.0,Non-Congested,Non-Congested
2309,cluster_2461783448_38980632_5243070374,9,2,9,2,G,r,4.0,Congested,Non-Congested
2309,cluster_2461880040_2461880142_8131892137,0,2,0,2,r,r,1.0,Non-Congested,Congested
2310,132200274,0,4,0,4,G,r,1.0,Non-Congested,Congested
2310,47217361,0,1,0,0,r,r,2.0,Non-Congested,Non-Congested
2310,cluster_1420096799_47154676,1,0,1,0,r,y,0.0,Non-Congested,Non-Congested
2310,cluster_181310323_5380872437,1,0,0,0,G,r,6.0,Non-Congested,Non-Congested
2310,cluster_2455590523_389713_47212064,1,1,1,0,r,G,2.0,Non-Congested,Non-Congested
2310,cluster_2461783448_38980632_5243070374,9,3,9,2,G,r,3.0,Congested,Non-Congested
2310,cluster_2461880040_2461880142_8131892137,0,2,0,2,r,r,0.0,Non-Congested,Congested
2311,132200274,0,5,0,4,G,r,0.0,Non-Congested,Congested
2311,47217361,0,1,0,0,r,r,1.0,Non-Congested,Non-Congested
2311,cluster_181310323_5380872437,1,0,0,0,G,r,5.0,Non-Congested,Non-Congested
2311,cluster_2455590523_389713_47212064,1,2,1,0,r,G,1.0,Non-Congested,Non-Congested
2311,cluster_2461783448_38980632_5243070374,9,3,9,2,G,r,2.0,Congested,Non-Congested
2311,cluster_2461880040_2461880142_8131892137,0,2,0,2,r,r,1.0,Non-Congested,Congested
2312,132200274,0,5,0,4,G,r,1.0,Non-Congested,Congested
2312,47217361,0,1,0,0,r,r,0.0,Non-Congested,Non-Congested
2312,cluster_181310323_5380872437,1,0,0,0,G,r,4.0,Non-Congested,Non-Congested
2312,cluster_2455590523_389713_47212064,1,1,1,0,r,G,0.0,Non-Congested,Non-Congested
2312,cluster_2461783448_38980632_5243070374,9,3,9,2,G,r,1.0,Congested,Non-Congested
2312,cluster_2461880040_2461880142_8131892137,0,2,0,2,r,r,0.0,Non-Congested,Congested
2313,132200274,0,5,0,4,G,r,0.0,Non-Congested,Congested
2313,47217361,0,2,0,0,r,r,2.0,Non-Congested,Non-Congested
2313,cluster_1420096799_47154676,0,1,0,0,G,r,4.0,Non-Congested,Non-Congested
2313,cluster_181310323_5380872437,1,0,0,0,G,r,3.0,Non-Congested,Non-Congested
2313,cluster_2455590523_389713_47212064,1,2,1,0,r,y,3.0,Non-Congested,Non-Congested
2313,cluster_2461783448_38980632_5243070374,9,3,9,2,G,r,0.0,Congested,Non-Congested
2313,cluster_2461880040_2461880142_8131892137,0,2,0,2,r,r,1.0,Non-Congested,Congested
2314,132200274,0,5,0,4,G,r,1.0,Non-Congested,Congested
2314,47217361,0,2,0,0,r,r,1.0,Non-Congested,Non-Congested
2314,cluster_1420096799_47154676,0,1,0,0,G,r,3.0,Non-Congested,Non-Congested
2314,cluster_181310323_5380872437,1,0,0,0,G,r,2.0,Non-Congested,Non-Congested
2314,cluster_2455590523_389713_47212064,1,2,1,0,r,y,2.0,Non-Congested,Non-Congested
2314,cluster_2461783448_38980632_5243070374,9,3,9,2,y,r,4.0,Congested,Non-Congested
2314,cluster_2461880040_2461880142_8131892137,0,2,0,2,r,r,0.0,Non-Congested,Congested
2314,cluster_2461880136_4910664147_50607912_8131882097,0,1,0,0,y,r,1.0,Non-Congested,Non-Congested
2315,132200274,0,5,0,5,G,r,0.0,Non-Congested,Congested
2315,47217361,0,2,0,0,r,r,0.0,Non-Congested,Non-Congested
2315,cluster_1420096799_47154676,0,1,0,0,G,r,2.0,Non-Congested,Non-Congested
2315,cluster_181310323_5380872437,1,0,0,0,G,r,1.0,Non-Congested,Non-Congested
2315,cluster_2455590523_389713_47212064,1,1,1,0,r,y,1.0,Non-Congested,Non-Congested
2315,cluster_2461783448_38980632_5243070374,9,3,9,2,y,r,3.0,Congested,Non-Congested
2315,cluster_2461880040_2461880142_8131892137,0,2,0,2,r,r,1.0,Non-Congested,Congested
2315,cluster_2461880136_4910664147_50607912_8131882097,0,1,0,0,y,r,0.0,Non-Congested,Non-Congested
2316,132200274,0,5,0,5,G,r,1.0,Non-Congested,Congested
2316,47217361,0,2,0,0,r,G,4.0,Non-Congested,Non-Congested
2316,cluster_1420096799_47154676,0,1,0,0,G,r,1.0,Non-Congested,Non-Congested
2316,cluster_181310323_5380872437,1,0,0,0,G,r,0.0,Non-Congested,Non-Congested
2316,cluster_2455590523_389713_47212064,1,1,1,0,r,y,0.0,Non-Congested,Non-Congested
2316,cluster_2461783448_38980632_5243070374,9,4,9,2,y,r,2.0,Congested,Non-Congested
2316,cluster_2461880040_2461880142_8131892137,0,2,0,2,r,r,0.0,Non-Congested,Congested
2316,cluster_2461880136_4910664147_50607912_8131882097,0,2,0,0,r,G,4.0,Non-Congested,Non-Congested
2317,132200274,0,5,0,5,G,r,0.0,Non-Congested,Congested
2317,181747232,1,0,0,0,r,y,0.0,Non-Congested,Non-Congested
2317,47217361,0,2,0,0,r,G,3.0,Non-Congested,Non-Congested
2317,cluster_1420096799_47154676,0,1,0,0,G,r,0.0,Non-Congested,Non-Congested
2317,cluster_181310323_5380872437,1,0,0,0,y,r,3.0,Non-Congested,Non-Congested
2317,cluster_2461783448_38980632_5243070374,9,4,9,2,y,r,1.0,Congested,Non-Congested
2317,cluster_2461880040_2461880142_8131892137,0,2,0,2,r,r,1.0,Non-Congested,Congested
2317,cluster_2461880136_4910664147_50607912_8131882097,0,2,0,0,r,G,3.0,Non-Congested,Non-Congested
2318,132200274,0,5,0,5,G,r,1.0,Non-Congested,Congested
2318,181747232,1,0,0,0,G,r,6.0,Non-Congested,Non-Congested
2318,47217361,0,2,0,0,r,G,2.0,Non-Congested,Non-Congested
2318,cluster_1420096799_47154676,0,1,0,0,y,r,3.0,Non-Congested,Non-Congested
2318,cluster_181310323_5380872437,1,0,0,0,y,r,2.0,Non-Congested,Non-Congested
2318,cluster_2461783448_38980632_5243070374,9,4,9,2,y,r,0.0,Congested,Non-Congested
2318,cluster_2461880040_2461880142_8131892137,0,2,0,2,r,r,0.0,Non-Congested,Congested
2318,cluster_2461880136_4910664147_50607912_8131882097,0,2,0,0,r,G,2.0,Non-Congested,Non-Congested
2319,132200274,0,5,0,5,G,r,0.0,Non-Congested,Congested
2319,181747232,1,0,0,0,G,r,5.0,Non-Congested,Non-Congested
2319,47217361,0,2,0,0,r,G,1.0,Non-Congested,Non-Congested
2319,cluster_1420096799_47154676,0,2,0,0,y,r,2.0,Non-Congested,Non-Congested
2319,cluster_2455590523_389713_47212064,1,0,0,0,G,r,2.0,Non-Congested,Non-Congested
2319,cluster_2461783448_38980632_5243070374,9,4,9,1,r,G,4.0,Congested,Non-Congested
2319,cluster_2461880040_2461880142_8131892137,0,2,0,2,r,r,1.0,Non-Congested,Congested
2319,cluster_2461880136_4910664147_50607912_8131882097,0,2,0,0,r,G,1.0,Non-Congested,Non-Congested
2320,132200274,0,5,0,5,G,r,1.0,Non-Congested,Congested
2320,181747232,1,0,0,0,G,r,4.0,Non-Congested,Non-Congested
2320,cluster_1420096799_47154676,0,2,0,0,y,r,1.0,Non-Congested,Non-Congested
2320,cluster_2455590523_389713_47212064,1,1,0,0,G,r,1.0,Non-Congested,Non-Congested
2320,cluster_2461783448_38980632_5243070374,9,4,9,1,r,G,3.0,Congested,Non-Congested
2320,cluster_2461880040_2461880142_8131892137,0,2,0,2,r,r,0.0,Non-Congested,Congested
2320,cluster_2461880136_4910664147_50607912_8131882097,0,2,0,0,r,G,0.0,Non-Congested,Non-Congested
2321,132200274,0,5,0,5,G,r,0.0,Non-Congested,Congested
2321,181747232,1,0,0,0,G,r,3.0,Non-Congested,Non-Congested
2321,47217361,1,0,0,0,r,G,0.0,Non-Congested,Non-Congested
2321,cluster_1420096799_47154676,0,3,0,0,y,r,0.0,Non-Congested,Non-Congested
2321,cluster_2455590523_389713_47212064,1,1,0,0,G,r,0.0,Non-Congested,Non-Congested
2321,cluster_2461783448_38980632_5243070374,9,4,9,1,r,G,2.0,Congested,Non-Congested
2321,cluster_2461880040_2461880142_8131892137,0,2,0,2,r,r,1.0,Non-Congested,Congested
2321,cluster_2461880136_4910664147_50607912_8131882097,0,1,0,0,r,G,1.0,Non-Congested,Non-Congested
2322,132200274,0,5,0,5,G,r,1.0,Non-Congested,Congested
2322,181747232,1,0,0,0,G,r,2.0,Non-Congested,Non-Congested
2322,47217361,1,0,0,0,r,y,2.0,Non-Congested,Non-Congested
2322,cluster_1420096799_47154676,0,3,0,0,r,r,6.0,Non-Congested,Non-Congested
2322,cluster_2455590523_389713_47212064,0,2,0,0,G,r,0.0,Non-Congested,Non-Congested
2322,cluster_2461783448_38980632_5243070374,9,4,9,1,r,G,1.0,Congested,Non-Congested
2322,cluster_2461880040_2461880142_8131892137,0,2,0,2,r,r,0.0,Non-Congested,Congested
2322,cluster_2461880136_4910664147_50607912_8131882097,0,1,0,0,r,G,0.0,Non-Congested,Non-Congested
2323,132200274,0,5,0,5,G,r,0.0,Non-Congested,Congested
2323,181747232,1,0,0,0,G,r,1.0,Non-Congested,Non-Congested
2323,47217361,1,1,0,0,r,y,1.0,Non-Congested,Non-Congested
2323,cluster_1420096799_47154676,0,3,0,0,r,r,5.0,Non-Congested,Non-Congested
2323,cluster_2455590523_389713_47212064,0,2,0,0,G,r,0.0,Non-Congested,Non-Congested
2323,cluster_2461783448_38980632_5243070374,9,4,9,2,r,G,0.0,Congested,Non-Congested
2323,cluster_2461880040_2461880142_8131892137,0,2,0,2,r,r,1.0,Non-Congested,Congested
2323,cluster_2461880136_4910664147_50607912_8131882097,0,1,0,0,r,G,1.0,Non-Congested,Non-Congested
2324,132200274,0,5,0,5,y,r,2.0,Non-Congested,Congested
2324,181747232,1,0,0,0,G,r,0.0,Non-Congested,Non-Congested
2324,47217361,1,1,0,0,r,y,0.0,Non-Congested,Non-Congested
2324,cluster_1420096799_47154676,0,3,0,1,r,r,4.0,Non-Congested,Non-Congested
2324,cluster_2455590523_389713_47212064,0,3,0,0,y,r,3.0,Non-Congested,Non-Congested
2324,cluster_2461783448_38980632_5243070374,9,4,9,2,r,y,4.0,Congested,Non-Congested
2324,cluster_2461880040_2461880142_8131892137,0,2,0,2,r,r,0.0,Non-Congested,Congested
2324,cluster_2461880136_4910664147_50607912_8131882097,0,1,0,0,r,G,0.0,Non-Congested,Non-Congested
2325,132200274,0,5,0,5,y,r,1.0,Non-Congested,Congested
2325,181747232,1,0,0,0,y,r,3.0,Non-Congested,Non-Congested
2325,47217361,1,1,0,0,G,r,4.0,Non-Congested,Non-Congested
2325,cluster_1420096799_47154676,0,3,0,2,r,r,3.0,Non-Congested,Non-Congested
2325,cluster_2455590523_389713_47212064,0,2,0,0,y,r,2.0,Non-Congested,Non-Congested
2325,cluster_2461783448_38980632_5243070374,9,4,9,4,r,y,3.0,Congested,Non-Congested
2325,cluster_2461880040_2461880142_8131892137,0,2,0,2,r,r,1.0,Non-Congested,Congested
2325,cluster_2461880136_4910664147_50607912_8131882097,0,1,0,0,r,G,0.0,Non-Congested,Non-Congested
2326,132200274,0,5,0,5,y,r,0.0,Non-Congested,Congested
2326,181747232,1,0,0,0,y,r,2.0,Non-Congested,Non-Congested
2326,47217361,1,1,0,0,G,r,3.0,Non-Congested,Non-Congested
2326,cluster_1420096799_47154676,0,3,0,2,r,r,2.0,Non-Congested,Non-Congested
2326,cluster_2455590523_389713_47212064,0,3,0,0,y,r,1.0,Non-Congested,Congested
2326,cluster_2461783448_38980632_5243070374,9,4,9,4,r,y,2.0,Congested,Non-Congested
2326,cluster_2461880040_2461880142_8131892137,0,2,0,2,r,r,0.0,Non-Congested,Congested
2326,cluster_2461880136_4910664147_50607912_8131882097,0,2,0,0,r,G,0.0,Non-Congested,Non-Congested
2327,132200274,0,4,0,3,r,G,4.0,Non-Congested,Congested
2327,181747232,1,0,0,0,y,r,1.0,Non-Congested,Non-Congested
2327,47217361,1,1,0,0,G,r,2.0,Non-Congested,Non-Congested
2327,cluster_1420096799_47154676,0,3,0,3,r,r,1.0,Non-Congested,Non-Congested
2327,cluster_2455590523_389713_47212064,0,3,0,0,y,r,0.0,Non-Congested,Non-Congested
2327,cluster_2461783448_38980632_5243070374,9,4,9,4,r,y,1.0,Congested,Non-Congested
2327,cluster_2461880040_2461880142_8131892137,0,2,0,2,r,r,1.0,Non-Congested,Congested
2327,cluster_2461880136_4910664147_50607912_8131882097,0,2,0,0,r,y,2.0,Non-Congested,Non-Congested
2328,132200274,0,3,0,1,r,G,3.0,Non-Congested,Congested
2328,181747232,1,0,0,0,y,r,0.0,Non-Congested,Non-Congested
2328,47217361,1,1,0,0,G,r,1.0,Non-Congested,Non-Congested
2328,cluster_1420096799_47154676,0,3,0,3,r,r,0.0,Non-Congested,Non-Congested
2328,cluster_2455590523_389713_47212064,0,3,0,0,r,r,6.0,Non-Congested,Congested
2328,cluster_2461783448_38980632_5243070374,9,4,9,4,r,y,0.0,Congested,Non-Congested
2328,cluster_2461880040_2461880142_8131892137,0,2,0,2,r,r,0.0,Non-Congested,Congested
2328,cluster_2461880136_4910664147_50607912_8131882097,0,2,0,0,r,y,1.0,Non-Congested,Non-Congested
2329,132200274,0,3,0,0,r,G,2.0,Non-Congested,Non-Congested
2329,181747232,1,0,0,0,r,G,6.0,Non-Congested,Non-Congested
2329,47217361,1,1,0,0,G,r,0.0,Non-Congested,Non-Congested
2329,cluster_1420096799_47154676,0,3,0,3,r,r,3.0,Non-Congested,Non-Congested
2329,cluster_2455590523_389713_47212064,0,3,0,1,r,r,5.0,Non-Congested,Congested
2329,cluster_2461783448_38980632_5243070374,9,4,9,4,G,r,4.0,Congested,Non-Congested
2329,cluster_2461880040_2461880142_8131892137,0,2,0,2,r,r,1.0,Non-Congested,Congested
2329,cluster_2461880136_4910664147_50607912_8131882097,0,2,0,0,r,y,0.0,Non-Congested,Non-Congested
2330,132200274,0,3,0,0,r,G,1.0,Non-Congested,Non-Congested
2330,181747232,1,0,0,0,r,G,5.0,Non-Congested,Non-Congested
2330,47217361,1,1,0,0,y,r,2.0,Non-Congested,Non-Congested
2330,cluster_1420096799_47154676,0,3,0,3,r,r,2.0,Non-Congested,Non-Congested
2330,cluster_2455590523_389713_47212064,0,4,0,1,r,r,4.0,Non-Congested,Congested
2330,cluster_2461783448_38980632_5243070374,9,4,9,4,G,r,3.0,Congested,Non-Congested
2330,cluster_2461880040_2461880142_8131892137,0,2,0,2,r,r,0.0,Non-Congested,Congested
2330,cluster_2461880136_4910664147_50607912_8131882097,0,2,0,0,r,r,0.0,Non-Congested,Non-Congested
2331,132200274,0,4,0,0,r,G,0.0,Non-Congested,Congested
2331,181747232,1,0,0,0,r,G,4.0,Non-Congested,Non-Congested
2331,47217361,1,1,1,0,y,r,1.0,Non-Congested,Non-Congested
2331,cluster_1420096799_47154676,0,2,0,2,r,r,1.0,Non-Congested,Non-Congested
2331,cluster_2455590523_389713_47212064,0,3,0,1,r,r,3.0,Non-Congested,Congested
2331,cluster_2461783448_38980632_5243070374,9,4,9,4,G,r,2.0,Congested,Non-Congested
2331,cluster_2461880040_2461880142_8131892137,0,2,0,2,r,r,1.0,Non-Congested,Congested
2331,cluster_2461880136_4910664147_50607912_8131882097,0,2,0,0,G,r,4.0,Non-Congested,Non-Congested
2332,132200274,0,5,0,0,r,y,2.0,Non-Congested,Congested
2332,181747232,1,0,0,0,r,G,3.0,Non-Congested,Non-Congested
2332,47217361,1,1,1,0,y,r,0.0,Non-Congested,Non-Congested
2332,cluster_1420096799_47154676,0,2,0,2,r,r,0.0,Non-Congested,Non-Congested
2332,cluster_2455590523_389713_47212064,0,2,0,2,r,r,2.0,Non-Congested,Congested
2332,cluster_2461783448_38980632_5243070374,9,4,9,4,G,r,1.0,Congested,Non-Congested
2332,cluster_2461880040_2461880142_8131892137,0,2,0,2,r,r,0.0,Non-Congested,Congested
2332,cluster_2461880136_4910664147_50607912_8131882097,0,2,0,0,G,r,3.0,Non-Congested,Non-Congested
2333,132200274,0,5,0,1,r,y,1.0,Non-Congested,Congested
2333,181747232,1,0,0,0,r,G,2.0,Non-Congested,Non-Congested
2333,47217361,1,1,1,0,r,r,4.0,Non-Congested,Non-Congested
2333,cluster_1420096799_47154676,0,1,0,0,r,G,6.0,Non-Congested,Non-Congested
2333,cluster_2455590523_389713_47212064,0,2,0,2,r,r,1.0,Non-Congested,Congested
2333,cluster_2461783448_38980632_5243070374,9,4,9,4,G,r,0.0,Congested,Non-Congested
2333,cluster_2461880040_2461880142_8131892137,0,2,0,2,r,r,4.0,Non-Congested,Congested
2333,cluster_2461880136_4910664147_50607912_8131882097,0,2,0,0,G,r,2.0,Non-Congested,Non-Congested
2334,132200274,0,5,0,2,r,y,0.0,Non-Congested,Congested
2334,181747232,2,0,0,0,r,G,1.0,Non-Congested,Non-Congested
2334,47217361,1,1,1,0,r,r,3.0,Non-Congested,Non-Congested
2334,cluster_2455590523_389713_47212064,0,2,0,2,r,r,0.0,Non-Congested,Congested
2334,cluster_2461783448_38980632_5243070374,9,4,9,4,G,r,4.0,Congested,Non-Congested
2334,cluster_2461880040_2461880142_8131892137,0,2,0,2,r,r,3.0,Non-Congested,Congested
2334,cluster_2461880136_4910664147_50607912_8131882097,0,1,0,0,G,r,1.0,Non-Congested,Non-Congested
2335,132200274,0,5,0,3,G,r,4.0,Non-Congested,Congested
2335,181747232,2,0,0,0,r,G,0.0,Non-Congested,Non-Congested
2335,47217361,1,1,1,0,r,r,2.0,Non-Congested,Non-Congested
2335,cluster_2455590523_389713_47212064,0,2,0,2,r,r,0.0,Non-Congested,Congested
2335,cluster_2461783448_38980632_5243070374,9,4,9,4,G,r,3.0,Congested,Non-Congested
2335,cluster_2461880040_2461880142_8131892137,0,2,0,2,r,r,2.0,Non-Congested,Congested
2335,cluster_2461880136_4910664147_50607912_8131882097,0,1,0,0,G,r,0.0,Non-Congested,Non-Congested
2336,132200274,0,4,0,4,G,r,3.0,Non-Congested,Congested
2336,181747232,2,0,0,0,r,y,3.0,Non-Congested,Non-Congested
2336,47217361,1,1,1,0,r,r,1.0,Non-Congested,Non-Congested
2336,cluster_2455590523_389713_47212064,0,2,0,2,r,r,3.0,Non-Congested,Congested
2336,cluster_2461783448_38980632_5243070374,9,4,9,4,G,r,2.0,Congested,Non-Congested
2336,cluster_2461880040_2461880142_8131892137,0,2,0,2,r,r,1.0,Non-Congested,Congested
2336,cluster_2461880136_4910664147_50607912_8131882097,0,1,0,0,y,r,2.0,Non-Congested,Non-Congested
2337,132200274,0,4,0,4,G,r,2.0,Non-Congested,Congested
2337,181747232,2,0,0,0,r,y,2.0,Non-Congested,Non-Congested
2337,47217361,1,1,1,0,r,r,0.0,Non-Congested,Non-Congested
2337,cluster_1420096799_47154676,0,2,0,0,r,G,2.0,Non-Congested,Non-Congested
2337,cluster_2455590523_389713_47212064,0,4,0,2,r,r,2.0,Non-Congested,Congested
2337,cluster_2461783448_38980632_5243070374,9,4,9,4,G,r,1.0,Congested,Non-Congested
2337,cluster_2461880040_2461880142_8131892137,0,2,0,2,r,r,0.0,Non-Congested,Congested
2338,132200274,0,4,0,4,G,r,1.0,Non-Congested,Congested
2338,181747232,2,0,0,0,r,y,1.0,Non-Congested,Non-Congested
2338,47217361,1,1,1,0,r,r,2.0,Non-Congested,Non-Congested
2338,cluster_1420096799_47154676,0,2,0,0,r,G,1.0,Non-Congested,Non-Congested
2338,cluster_2455590523_389713_47212064,0,4,0,2,r,r,1.0,Non-Congested,Congested
2338,cluster_2461783448_38980632_5243070374,9,4,9,4,G,r,0.0,Congested,Non-Congested
2338,cluster_2461880040_2461880142_8131892137,0,2,0,2,G,r,4.0,Non-Congested,Congested
2339,132200274,0,4,0,4,G,r,0.0,Non-Congested,Congested
2339,181747232,2,0,0,0,r,y,0.0,Non-Congested,Non-Congested
2339,47217361,1,1,1,0,r,r,1.0,Non-Congested,Non-Congested
2339,cluster_1420096799_47154676,0,2,0,0,r,G,0.0,Non-Congested,Non-Congested
2339,cluster_2455590523_389713_47212064,1,3,0,2,r,r,0.0,Non-Congested,Congested
2339,cluster_2461783448_38980632_5243070374,9,4,9,4,G,r,9.0,Congested,Non-Congested
2339,cluster_2461880040_2461880142_8131892137,0,2,0,2,G,r,3.0,Non-Congested,Congested
2340,132200274,0,3,0,3,y,r,2.0,Non-Congested,Congested
2340,181747232,2,0,0,0,G,r,6.0,Non-Congested,Non-Congested
2340,47217361,1,1,0,0,r,r,0.0,Non-Congested,Non-Congested
2340,cluster_1420096799_47154676,0,2,0,0,r,y,3.0,Non-Congested,Non-Congested
2340,cluster_2455590523_389713_47212064,0,2,0,1,r,G,4.0,Non-Congested,Congested
2340,cluster_2461783448_38980632_5243070374,9,4,9,4,G,r,8.0,Congested,Non-Congested
2340,cluster_2461880040_2461880142_8131892137,0,2,0,2,G,r,2.0,Non-Congested,Congested
2340,cluster_2461880136_4910664147_50607912_8131882097,1,0,0,0,r,G,3.0,Non-Congested,Non-Congested
2341,132200274,0,4,0,3,y,r,1.0,Non-Congested,Congested
2341,181747232,2,0,0,0,G,r,5.0,Non-Congested,Non-Congested
2341,cluster_1420096799_47154676,0,1,0,0,r,y,2.0,Non-Congested,Non-Congested
2341,cluster_2455590523_389713_47212064,0,1,0,0,r,G,3.0,Non-Congested,Congested
2341,cluster_2461783448_38980632_5243070374,9,4,9,4,G,r,7.0,Congested,Non-Congested
2341,cluster_2461880040_2461880142_8131892137,0,2,0,2,G,r,1.0,Non-Congested,Congested
2341,cluster_2461880136_4910664147_50607912_8131882097,1,0,0,0,r,G,2.0,Congested,Non-Congested
2342,132200274,0,4,0,3,y,r,0.0,Non-Congested,Congested
2342,181747232,2,0,0,0,G,r,4.0,Non-Congested,Non-Congested
2342,cluster_1420096799_47154676,0,1,0,0,r,y,1.0,Non-Congested,Non-Congested
2342,cluster_2455590523_389713_47212064,0,1,0,0,r,G,2.0,Non-Congested,Congested
2342,cluster_2461783448_38980632_5243070374,9,4,9,4,G,r,6.0,Congested,Non-Congested
2342,cluster_2461880040_2461880142_8131892137,0,2,0,2,G,r,0.0,Non-Congested,Congested
2342,cluster_2461880136_4910664147_50607912_8131882097,1,0,0,0,r,G,1.0,Congested,Non-Congested
2343,132200274,0,3,0,1,r,G,4.0,Non-Congested,Congested
2343,181747232,1,0,0,0,G,r,3.0,Non-Congested,Non-Congested
2343,cluster_1420096799_47154676,0,1,0,0,r,y,0.0,Non-Congested,Non-Congested
2343,cluster_2455590523_389713_47212064,0,1,0,0,r,G,1.0,Non-Congested,Non-Congested
2343,cluster_2461783448_38980632_5243070374,9,4,9,4,G,r,5.0,Congested,Non-Congested
2343,cluster_2461880040_2461880142_8131892137,0,2,0,2,y,r,4.0,Non-Congested,Congested
2343,cluster_2461880136_4910664147_50607912_8131882097,1,0,1,0,r,G,0.0,Congested,Non-Congested
2344,132200274,0,1,0,0,r,G,3.0,Non-Congested,Congested
2344,181747232,2,1,0,0,G,r,2.0,Non-Congested,Non-Congested
2344,47217361,0,1,0,0,r,G,1.0,Non-Congested,Non-Congested
2344,cluster_1420096799_47154676,0,1,0,0,G,r,6.0,Non-Congested,Non-Congested
2344,cluster_2455590523_389713_47212064,0,2,0,0,r,G,0.0,Non-Congested,Non-Congested
2344,cluster_2461783448_38980632_5243070374,9,4,9,4,G,r,4.0,Congested,Non-Congested
2344,cluster_2461880040_2461880142_8131892137,0,2,0,2,y,r,3.0,Non-Congested,Congested
2344,cluster_2461880136_4910664147_50607912_8131882097,1,0,1,0,r,y,2.0,Congested,Non-Congested
2345,132200274,0,2,0,0,r,G,2.0,Non-Congested,Non-Congested
2345,181747232,2,1,0,0,G,r,1.0,Non-Congested,Non-Congested
2345,47217361,0,1,0,0,r,G,0.0,Non-Congested,Non-Congested
2345,cluster_1420096799_47154676,0,1,0,0,G,r,5.0,Non-Congested,Non-Congested
2345,cluster_2455590523_389713_47212064,0,2,0,0,r,G,0.0,Non-Congested,Non-Congested
2345,cluster_2461783448_38980632_5243070374,9,4,9,4,G,r,3.0,Congested,Non-Congested
2345,cluster_2461880040_2461880142_8131892137,0,2,0,2,y,r,2.0,Non-Congested,Congested
2345,cluster_2461880136_4910664147_50607912_8131882097,1,0,1,0,r,y,1.0,Congested,Non-Congested
2346,132200274,0,1,0,0,r,G,1.0,Non-Congested,Non-Congested
2346,181747232,2,1,0,0,G,r,0.0,Non-Congested,Non-Congested
2346,47217361,0,1,0,0,r,y,2.0,Non-Congested,Non-Congested
2346,cluster_1420096799_47154676,0,1,0,0,G,r,4.0,Non-Congested,Non-Congested
2346,cluster_2455590523_389713_47212064,0,1,0,0,r,G,0.0,Non-Congested,Non-Congested
2346,cluster_2461783448_38980632_5243070374,9,4,9,4,G,r,2.0,Congested,Non-Congested
2346,cluster_2461880040_2461880142_8131892137,0,2,0,2,y,r,1.0,Non-Congested,Congested
2346,cluster_2461880136_4910664147_50607912_8131882097,1,0,1,0,r,y,0.0,Congested,Non-Congested
2347,181747232,2,1,0,0,y,r,3.0,Non-Congested,Non-Congested
2347,47217361,0,1,0,0,r,y,1.0,Non-Congested,Non-Congested
2347,cluster_1420096799_47154676,0,1,0,0,G,r,3.0,Non-Congested,Non-Congested
2347,cluster_2461783448_38980632_5243070374,9,4,9,4,G,r,1.0,Congested,Non-Congested
2347,cluster_2461880040_2461880142_8131892137,0,2,0,2,y,r,0.0,Non-Congested,Congested
2347,cluster_2461880136_4910664147_50607912_8131882097,1,0,1,0,r,r,0.0,Congested,Non-Congested
2348,132200274,0,1,0,0,r,y,2.0,Non-Congested,Non-Congested
2348,181747232,2,1,0,0,y,r,2.0,Non-Congested,Non-Congested
2348,47217361,0,1,0,0,r,y,0.0,Non-Congested,Non-Congested
2348,cluster_1420096799_47154676,0,1,0,0,G,r,2.0,Non-Congested,Non-Congested
2348,cluster_2455590523_389713_47212064,0,1,0,0,r,y,2.0,Non-Congested,Non-Congested
2348,cluster_2461783448_38980632_5243070374,9,4,9,4,G,r,0.0,Congested,Non-Congested
2348,cluster_2461880040_2461880142_8131892137,0,1,0,1,r,G,9.0,Non-Congested,Congested
2349,132200274,0,1,0,0,r,y,1.0,Non-Congested,Non-Congested
2349,181747232,2,1,0,0,y,r,1.0,Non-Congested,Non-Congested
2349,47217361,0,2,0,0,G,r,4.0,Non-Congested,Non-Congested
2349,cluster_1420096799_47154676,0,1,0,0,G,r,1.0,Non-Congested,Non-Congested
2349,cluster_2455590523_389713_47212064,0,1,0,0,r,y,1.0,Non-Congested,Non-Congested
2349,cluster_2461783448_38980632_5243070374,9,4,9,4,y,r,4.0,Congested,Non-Congested
2349,cluster_2461880040_2461880142_8131892137,0,1,0,0,r,G,8.0,Non-Congested,Congested
2350,132200274,0,1,0,0,r,y,0.0,Non-Congested,Non-Congested
2350,181747232,2,1,0,0,y,r,0.0,Non-Congested,Non-Congested
2350,47217361,0,1,0,0,G,r,3.0,Non-Congested,Non-Congested
2350,cluster_1420096799_47154676,0,1,0,0,G,r,0.0,Non-Congested,Non-Congested
2350,cluster_181310323_5380872437,1,0,0,0,G,r,6.0,Non-Congested,Non-Congested
2350,cluster_2455590523_389713_47212064,0,1,0,0,r,y,0.0,Non-Congested,Non-Congested
2350,cluster_2461783448_38980632_5243070374,9,4,9,4,y,r,3.0,Congested,Non-Congested
2350,cluster_2461880040_2461880142_8131892137,0,1,0,0,r,G,7.0,Non-Congested,Non-Congested
2351,132200274,0,1,0,0,G,r,4.0,Non-Congested,Non-Congested
2351,181747232,2,1,0,0,r,G,6.0,Non-Congested,Non-Congested
2351,47217361,0,1,0,0,G,r,2.0,Non-Congested,Non-Congested
2351,cluster_1420096799_47154676,0,1,0,0,y,r,3.0,Non-Congested,Non-Congested
2351,cluster_181310323_5380872437,1,0,0,0,G,r,5.0,Non-Congested,Non-Congested
2351,cluster_2455590523_389713_47212064,0,1,0,0,G,r,4.0,Non-Congested,Non-Congested
2351,cluster_2461783448_38980632_5243070374,9,4,9,4,y,r,2.0,Congested,Non-Congested
2351,cluster_2461880040_2461880142_8131892137,0,1,0,0,r,G,6.0,Non-Congested,Congested
2352,132200274,0,1,0,0,G,r,3.0,Non-Congested,Non-Congested
2352,181747232,2,1,1,1,r,G,5.0,Non-Congested,Non-Congested
2352,47217361,0,1,0,0,G,r,1.0,Non-Congested,Non-Congested
2352,cluster_1420096799_47154676,0,1,0,1,y,r,2.0,Non-Congested,Non-Congested
2352,cluster_181310323_5380872437,1,0,0,0,G,r,4.0,Non-Congested,Non-Congested
2352,cluster_2455590523_389713_47212064,0,1,0,0,G,r,3.0,Non-Congested,Non-Congested
2352,cluster_2461783448_38980632_5243070374,9,4,9,4,y,r,1.0,Congested,Non-Congested
2352,cluster_2461880040_2461880142_8131892137,0,1,0,0,r,G,5.0,Non-Congested,Congested
2353,181747232,1,0,0,0,r,G,4.0,Non-Congested,Non-Congested
2353,47217361,0,1,0,0,G,r,0.0,Non-Congested,Non-Congested
2353,cluster_181310323_5380872437,1,0,0,0,G,r,3.0,Non-Congested,Non-Congested
2353,cluster_2455590523_389713_47212064,0,1,0,0,G,r,2.0,Non-Congested,Non-Congested
2353,cluster_2461783448_38980632_5243070374,9,4,9,4,y,r,0.0,Congested,Non-Congested
2354,181747232,1,0,0,0,r,G,3.0,Non-Congested,Non-Congested
2354,47217361,0,1,0,0,y,r,2.0,Non-Congested,Non-Congested
2354,cluster_181310323_5380872437,1,0,0,0,G,r,2.0,Non-Congested,Non-Congested
2354,cluster_2455590523_389713_47212064,0,1,0,0,G,r,1.0,Non-Congested,Non-Congested
2354,cluster_2461783448_38980632_5243070374,9,4,9,4,r,G,4.0,Congested,Non-Congested
2354,cluster_2461880040_2461880142_8131892137,1,2,0,0,r,G,3.0,Non-Congested,Non-Congested
2355,181747232,1,0,0,0,r,G,2.0,Non-Congested,Non-Congested
2355,47217361,0,1,0,0,y,r,1.0,Non-Congested,Non-Congested
2355,cluster_2455590523_389713_47212064,0,1,0,0,G,r,0.0,Non-Congested,Non-Congested
2355,cluster_2461783448_38980632_5243070374,9,4,9,4,r,G,3.0,Congested,Non-Congested
2355,cluster_2461880040_2461880142_8131892137,1,2,0,0,r,G,2.0,Non-Congested,Non-Congested
2355,cluster_2461880136_4910664147_50607912_8131882097,0,1,0,0,y,r,0.0,Non-Congested,Non-Congested
2356,181747232,2,0,0,0,r,G,1.0,Non-Congested,Non-Congested
2356,47217361,0,1,0,0,y,r,0.0,Non-Congested,Non-Congested
2356,cluster_181310323_5380872437,0,1,0,0,G,r,0.0,Non-Congested,Non-Congested
2356,cluster_2455590523_389713_47212064,0,1,0,1,y,r,3.0,Non-Congested,Non-Congested
2356,cluster_2461783448_38980632_5243070374,9,4,9,4,r,G,2.0,Congested,Non-Congested
2356,cluster_2461880040_2461880142_8131892137,2,2,0,0,r,G,1.0,Non-Congested,Non-Congested
2356,cluster_2461880136_4910664147_50607912_8131882097,0,1,0,0,r,G,4.0,Non-Congested,Non-Congested
2357,181747232,2,0,0,0,r,G,0.0,Non-Congested,Non-Congested
2357,47217361,0,1,0,0,r,r,4.0,Non-Congested,Non-Congested
2357,cluster_181310323_5380872437,0,1,0,0,y,r,3.0,Non-Congested,Non-Congested
2357,cluster_2455590523_389713_47212064,0,1,0,1,y,r,2.0,Non-Congested,Non-Congested
2357,cluster_2461783448_38980632_5243070374,9,4,9,4,r,G,1.0,Congested,Non-Congested
2357,cluster_2461880040_2461880142_8131892137,2,2,0,0,r,G,0.0,Non-Congested,Non-Congested
2357,cluster_2461880136_4910664147_50607912_8131882097,0,1,0,0,r,G,3.0,Non-Congested,Non-Congested
2358,132200274,0,1,0,0,y,r,0.0,Non-Congested,Non-Congested
2358,181747232,2,0,0,0,r,y,3.0,Non-Congested,Non-Congested
2358,47217361,0,1,0,0,r,r,3.0,Non-Congested,Non-Congested
2358,cluster_2455590523_389713_47212064,0,1,0,1,y,r,1.0,Non-Congested,Non-Congested
2358,cluster_2461783448_38980632_5243070374,9,4,9,4,r,G,0.0,Congested,Non-Congested
2358,cluster_2461880040_2461880142_8131892137,2,2,0,0,r,G,0.0,Non-Congested,Non-Congested
2358,cluster_2461880136_4910664147_50607912_8131882097,0,1,0,0,r,G,2.0,Non-Congested,Non-Congested
2359,132200274,0,1,0,0,r,G,4.0,Non-Congested,Non-Congested
2359,181747232,2,0,0,0,r,y,2.0,Non-Congested,Non-Congested
2359,47217361,0,1,0,0,r,r,2.0,Non-Congested,Non-Congested
2359,cluster_2455590523_389713_47212064,0,1,0,1,y,r,0.0,Non-Congested,Non-Congested
2359,cluster_2461783448_38980632_5243070374,9,4,9,4,r,y,4.0,Congested,Non-Congested
2359,cluster_2461880040_2461880142_8131892137,3,3,0,0,r,y,4.0,Non-Congested,Non-Congested
2359,cluster_2461880136_4910664147_50607912_8131882097,0,1,0,0,r,G,1.0,Non-Congested,Non-Congested
2360,181747232,2,0,0,0,r,y,1.0,Non-Congested,Non-Congested
2360,47217361,0,2,0,0,r,r,1.0,Non-Congested,Non-Congested
2360,cluster_2455590523_389713_47212064,0,3,0,1,r,r,6.0,Non-Congested,Non-Congested
2360,cluster_2461783448_38980632_5243070374,9,4,9,4,r,y,3.0,Congested,Non-Congested
2360,cluster_2461880040_2461880142_8131892137,3,4,0,0,r,y,3.0,Non-Congested,Non-Congested
2360,cluster_2461880136_4910664147_50607912_8131882097,0,1,0,0,r,G,0.0,Non-Congested,Non-Congested
2361,132200274,0,2,0,0,r,G,2.0,Non-Congested,Non-Congested
2361,181747232,2,0,1,0,r,y,0.0,Non-Congested,Non-Congested
2361,47217361,0,2,0,0,r,r,0.0,Non-Congested,Non-Congested
2361,cluster_2455590523_389713_47212064,0,2,0,1,r,r,5.0,Non-Congested,Congested
2361,cluster_2461783448_38980632_5243070374,9,4,9,4,r,y,2.0,Congested,Non-Congested
2361,cluster_2461880040_2461880142_8131892137,3,4,0,0,r,y,2.0,Non-Congested,Non-Congested
2361,cluster_2461880136_4910664147_50607912_8131882097,0,1,0,0,r,y,2.0,Non-Congested,Non-Congested
2362,132200274,0,2,0,0,r,G,1.0,Non-Congested,Non-Congested
2362,181747232,2,0,0,0,G,r,6.0,Non-Congested,Non-Congested
2362,47217361,0,3,0,0,r,r,0.0,Non-Congested,Non-Congested
2362,cluster_2455590523_389713_47212064,0,2,0,1,r,r,4.0,Non-Congested,Congested
2362,cluster_2461783448_38980632_5243070374,9,4,9,4,r,y,1.0,Congested,Non-Congested
2362,cluster_2461880040_2461880142_8131892137,3,4,0,0,r,y,1.0,Non-Congested,Congested
2362,cluster_2461880136_4910664147_50607912_8131882097,0,1,0,0,r,y,1.0,Non-Congested,Non-Congested
2363,132200274,0,1,0,0,r,G,0.0,Non-Congested,Non-Congested
2363,181747232,1,0,0,0,G,r,5.0,Non-Congested,Non-Congested
2363,47217361,0,3,0,0,r,r,2.0,Non-Congested,Non-Congested
2363,cluster_2455590523_389713_47212064,0,2,0,1,r,r,3.0,Non-Congested,Non-Congested
2363,cluster_2461783448_38980632_5243070374,9,4,9,4,r,y,0.0,Congested,Non-Congested
2363,cluster_2461880040_2461880142_8131892137,2,3,0,0,r,y,0.0,Non-Congested,Congested
2363,cluster_2461880136_4910664147_50607912_8131882097,0,1,0,0,r,y,0.0,Non-Congested,Non-Congested
2364,132200274,0,1,0,0,r,G,0.0,Non-Congested,Non-Congested
2364,181747232,1,0,0,0,G,r,4.0,Non-Congested,Non-Congested
2364,47217361,0,3,0,0,r,r,1.0,Non-Congested,Non-Congested
2364,cluster_2455590523_389713_47212064,0,2,0,2,r,r,2.0,Non-Congested,Non-Congested
2364,cluster_2461783448_38980632_5243070374,9,4,9,4,G,r,4.0,Congested,Non-Congested
2364,cluster_2461880040_2461880142_8131892137,1,3,0,1,r,r,4.0,Non-Congested,Congested
2364,cluster_2461880136_4910664147_50607912_8131882097,0,1,0,0,r,r,0.0,Non-Congested,Non-Congested
2365,132200274,0,1,0,0,r,G,0.0,Non-Congested,Non-Congested
2365,181747232,1,0,0,0,G,r,3.0,Non-Congested,Non-Congested
2365,47217361,0,2,0,0,r,r,0.0,Non-Congested,Non-Congested
2365,cluster_2455590523_389713_47212064,0,2,0,2,r,r,1.0,Non-Congested,Non-Congested
2365,cluster_2461783448_38980632_5243070374,9,4,9,4,G,r,3.0,Congested,Non-Congested
2365,cluster_2461880040_2461880142_8131892137,1,3,0,2,r,r,3.0,Non-Congested,Congested
2365,cluster_2461880136_4910664147_50607912_8131882097,0,1,0,0,G,r,4.0,Non-Congested,Non-Congested
2366,181747232,1,0,0,0,G,r,2.0,Non-Congested,Non-Congested
2366,47217361,0,1,0,0,r,G,4.0,Non-Congested,Non-Congested
2366,cluster_1420096799_47154676,0,1,0,0,r,G,6.0,Non-Congested,Non-Congested
2366,cluster_2455590523_389713_47212064,0,2,0,2,r,r,0.0,Non-Congested,Non-Congested
2366,cluster_2461783448_38980632_5243070374,9,4,9,4,G,r,2.0,Congested,Non-Congested
2366,cluster_2461880040_2461880142_8131892137,1,3,0,2,r,r,2.0,Non-Congested,Congested
2367,132200274,0,1,0,0,r,y,1.0,Non-Congested,Non-Congested
2367,181747232,2,1,0,0,G,r,1.0,Non-Congested,Non-Congested
2367,47217361,0,1,0,0,r,G,3.0,Non-Congested,Non-Congested
2367,cluster_2455590523_389713_47212064,0,2,0,2,r,r,0.0,Non-Congested,Non-Congested
2367,cluster_2461783448_38980632_5243070374,9,4,9,4,G,r,1.0,Congested,Non-Congested
2367,cluster_2461880040_2461880142_8131892137,0,2,0,2,r,r,1.0,Non-Congested,Congested
2368,132200274,0,1,0,0,r,y,0.0,Non-Congested,Non-Congested
2368,181747232,2,1,0,0,G,r,0.0,Non-Congested,Non-Congested
2368,cluster_2455590523_389713_47212064,0,2,0,2,r,r,0.0,Non-Congested,Non-Congested
2368,cluster_2461783448_38980632_5243070374,9,4,9,4,G,r,0.0,Congested,Non-Congested
2368,cluster_2461880040_2461880142_8131892137,0,2,0,2,r,r,0.0,Non-Congested,Congested
2369,132200274,0,2,0,0,G,r,4.0,Non-Congested,Non-Congested
2369,181747232,2,1,0,0,y,r,3.0,Non-Congested,Non-Congested
2369,47217361,1,0,0,0,r,G,1.0,Non-Congested,Non-Congested
2369,cluster_2455590523_389713_47212064,1,2,0,2,r,r,3.0,Non-Congested,Non-Congested
2369,cluster_2461783448_38980632_5243070374,9,4,9,4,G,r,4.0,Congested,Non-Congested
2369,cluster_2461880040_2461880142_8131892137,0,2,0,2,r,r,1.0,Non-Congested,Congested
2370,132200274,0,2,0,0,G,r,3.0,Non-Congested,Congested
2370,181747232,3,1,0,0,y,r,2.0,Non-Congested,Non-Congested
2370,47217361,1,0,0,0,r,G,0.0,Non-Congested,Non-Congested
2370,cluster_1420096799_47154676,1,0,0,0,r,G,2.0,Non-Congested,Non-Congested
2370,cluster_2455590523_389713_47212064,0,2,0,2,r,r,2.0,Non-Congested,Non-Congested
2370,cluster_2461783448_38980632_5243070374,9,4,9,4,G,r,3.0,Congested,Non-Congested
2370,cluster_2461880040_2461880142_8131892137,0,2,0,2,r,r,0.0,Non-Congested,Congested
2371,132200274,0,2,0,1,G,r,2.0,Non-Congested,Congested
2371,181747232,3,1,0,0,y,r,1.0,Non-Congested,Non-Congested
2371,47217361,1,0,0,0,r,y,2.0,Non-Congested,Non-Congested
2371,cluster_1420096799_47154676,1,0,0,0,r,G,1.0,Non-Congested,Non-Congested
2371,cluster_2455590523_389713_47212064,0,2,0,2,r,r,1.0,Non-Congested,Non-Congested
2371,cluster_2461783448_38980632_5243070374,9,4,9,4,G,r,2.0,Congested,Non-Congested
2371,cluster_2461880040_2461880142_8131892137,0,2,0,2,r,r,1.0,Non-Congested,Congested
2372,132200274,0,2,0,1,G,r,1.0,Non-Congested,Congested
2372,181747232,3,1,0,0,y,r,0.0,Non-Congested,Non-Congested
2372,47217361,1,0,0,0,r,y,1.0,Non-Congested,Non-Congested
2372,cluster_1420096799_47154676,1,0,0,0,r,G,0.0,Non-Congested,Non-Congested
2372,cluster_2455590523_389713_47212064,0,2,0,2,r,r,0.0,Non-Congested,Non-Congested
2372,cluster_2461783448_38980632_5243070374,9,4,9,4,G,r,1.0,Congested,Non-Congested
2372,cluster_2461880040_2461880142_8131892137,0,2,0,2,r,r,0.0,Non-Congested,Congested
2373,132200274,0,2,0,2,G,r,0.0,Non-Congested,Congested
2373,181747232,3,1,0,0,r,G,6.0,Non-Congested,Non-Congested
2373,47217361,1,0,0,0,r,y,0.0,Non-Congested,Non-Congested
2373,cluster_1420096799_47154676,1,0,0,0,r,y,3.0,Non-Congested,Non-Congested
2373,cluster_2455590523_389713_47212064,1,1,0,1,r,G,4.0,Non-Congested,Non-Congested
2373,cluster_2461783448_38980632_5243070374,9,4,9,4,G,r,0.0,Congested,Non-Congested
2373,cluster_2461880040_2461880142_8131892137,0,2,0,2,r,r,1.0,Non-Congested,Congested
2374,132200274,0,2,0,2,G,r,0.0,Non-Congested,Congested
2374,181747232,3,1,0,0,r,G,5.0,Non-Congested,Non-Congested
2374,47217361,1,0,0,0,G,r,4.0,Non-Congested,Non-Congested
2374,cluster_1420096799_47154676,1,0,0,0,r,y,2.0,Non-Congested,Non-Congested
2374,cluster_2455590523_389713_47212064,1,1,0,0,r,G,3.0,Non-Congested,Non-Congested
2374,cluster_2461783448_38980632_5243070374,9,4,9,4,G,r,9.0,Congested,Non-Congested
2374,cluster_2461880040_2461880142_8131892137,0,2,0,2,r,r,0.0,Non-Congested,Congested
2375,132200274,0,2,0,2,y,r,2.0,Non-Congested,Congested
2375,181747232,3,1,0,0,r,G,4.0,Non-Congested,Non-Congested
2375,47217361,1,0,0,0,G,r,3.0,Non-Congested,Non-Congested
2375,cluster_2455590523_389713_47212064,1,1,0,0,r,G,2.0,Non-Congested,Non-Congested
2375,cluster_2461783448_38980632_5243070374,9,4,9,4,G,r,8.0,Congested,Non-Congested
2375,cluster_2461880040_2461880142_8131892137,0,2,0,2,r,r,1.0,Non-Congested,Congested
2376,132200274,0,2,0,2,y,r,1.0,Non-Congested,Congested
2376,181747232,4,1,0,0,r,G,3.0,Non-Congested,Non-Congested
2376,47217361,1,0,0,0,G,r,2.0,Non-Congested,Non-Congested
2376,cluster_2455590523_389713_47212064,1,1,0,0,r,G,1.0,Non-Congested,Non-Congested
2376,cluster_2461783448_38980632_5243070374,9,4,9,4,G,r,7.0,Congested,Non-Congested
2376,cluster_2461880040_2461880142_8131892137,0,2,0,2,r,r,0.0,Non-Congested,Congested
2377,132200274,0,2,0,2,y,r,0.0,Non-Congested,Congested
2377,181747232,3,0,0,0,r,G,2.0,Non-Congested,Non-Congested
2377,cluster_2455590523_389713_47212064,1,2,0,0,r,G,0.0,Non-Congested,Non-Congested
2377,cluster_2461783448_38980632_5243070374,9,4,9,4,G,r,6.0,Congested,Non-Congested
2377,cluster_2461880040_2461880142_8131892137,0,2,0,2,r,r,1.0,Non-Congested,Congested
2377,cluster_2461880136_4910664147_50607912_8131882097,0,1,0,0,r,G,0.0,Non-Congested,Non-Congested
2378,132200274,0,1,0,1,r,G,4.0,Non-Congested,Non-Congested
2378,181747232,3,0,0,0,r,G,1.0,Non-Congested,Non-Congested
2378,cluster_2455590523_389713_47212064,1,2,0,1,r,y,3.0,Non-Congested,Non-Congested
2378,cluster_2461783448_38980632_5243070374,9,4,9,4,G,r,5.0,Congested,Non-Congested
2378,cluster_2461880040_2461880142_8131892137,0,2,0,2,r,r,0.0,Non-Congested,Congested
2378,cluster_2461880136_4910664147_50607912_8131882097,0,2,0,0,r,y,2.0,Non-Congested,Non-Congested
2379,132200274,0,1,0,0,r,G,3.0,Non-Congested,Non-Congested
2379,181747232,3,0,0,0,r,G,0.0,Non-Congested,Non-Congested
2379,cluster_2455590523_389713_47212064,1,2,1,1,r,y,2.0,Non-Congested,Non-Congested
2379,cluster_2461783448_38980632_5243070374,9,4,9,4,G,r,4.0,Congested,Non-Congested
2379,cluster_2461880040_2461880142_8131892137,0,2,0,2,r,r,1.0,Non-Congested,Congested
2379,cluster_2461880136_4910664147_50607912_8131882097,0,2,0,0,r,y,1.0,Non-Congested,Non-Congested
2380,132200274,0,1,0,0,r,G,2.0,Non-Congested,Non-Congested
2380,181747232,3,0,0,0,r,y,3.0,Non-Congested,Non-Congested
2380,cluster_2455590523_389713_47212064,1,1,1,1,r,y,1.0,Non-Congested,Non-Congested
2380,cluster_2461783448_38980632_5243070374,9,4,9,4,G,r,3.0,Congested,Non-Congested
2380,cluster_2461880040_2461880142_8131892137,0,2,0,2,r,r,0.0,Non-Congested,Congested
2380,cluster_2461880136_4910664147_50607912_8131882097,0,2,0,0,r,y,0.0,Non-Congested,Non-Congested
2381,132200274,0,1,0,0,r,G,1.0,Non-Congested,Non-Congested
2381,181747232,3,0,1,0,r,y,2.0,Non-Congested,Non-Congested
2381,47217361,0,1,0,0,y,r,0.0,Non-Congested,Non-Congested
2381,cluster_2455590523_389713_47212064,1,1,1,1,r,y,0.0,Non-Congested,Non-Congested
2381,cluster_2461783448_38980632_5243070374,9,4,9,4,G,r,2.0,Congested,Non-Congested
2381,cluster_2461880040_2461880142_8131892137,0,2,0,2,r,r,1.0,Non-Congested,Congested
2381,cluster_2461880136_4910664147_50607912_8131882097,0,3,0,0,r,r,0.0,Non-Congested,Non-Congested
2382,132200274,0,2,0,0,r,G,0.0,Non-Congested,Non-Congested
2382,181747232,3,0,1,0,r,y,1.0,Non-Congested,Non-Congested
2382,47217361,0,1,0,0,r,r,4.0,Non-Congested,Non-Congested
2382,cluster_2455590523_389713_47212064,0,1,0,1,G,r,4.0,Non-Congested,Non-Congested
2382,cluster_2461783448_38980632_5243070374,9,4,9,4,G,r,1.0,Congested,Non-Congested
2382,cluster_2461880040_2461880142_8131892137,0,2,0,2,r,r,0.0,Non-Congested,Congested
2382,cluster_2461880136_4910664147_50607912_8131882097,0,3,0,0,G,r,4.0,Non-Congested,Non-Congested
2383,132200274,0,3,0,0,r,G,1.0,Non-Congested,Non-Congested
2383,181747232,3,0,1,0,r,y,0.0,Non-Congested,Non-Congested
2383,47217361,0,1,0,0,r,r,3.0,Non-Congested,Non-Congested
2383,cluster_2455590523_389713_47212064,0,1,0,1,G,r,3.0,Non-Congested,Non-Congested
2383,cluster_2461783448_38980632_5243070374,9,4,9,4,G,r,0.0,Congested,Non-Congested
2383,cluster_2461880040_2461880142_8131892137,0,2,0,2,r,r,1.0,Non-Congested,Congested
2383,cluster_2461880136_4910664147_50607912_8131882097,0,3,0,0,G,r,3.0,Non-Congested,Non-Congested
2384,132200274,0,3,0,0,r,G,0.0,Non-Congested,Non-Congested
2384,181747232,2,0,0,0,G,r,6.0,Non-Congested,Non-Congested
2384,47217361,0,1,0,0,r,r,2.0,Non-Congested,Non-Congested
2384,cluster_2455590523_389713_47212064,0,2,0,1,G,r,2.0,Non-Congested,Non-Congested
2384,cluster_2461783448_38980632_5243070374,9,4,9,4,y,r,4.0,Congested,Non-Congested
2384,cluster_2461880040_2461880142_8131892137,0,2,0,2,r,r,0.0,Non-Congested,Congested
2384,cluster_2461880136_4910664147_50607912_8131882097,0,3,0,0,G,r,2.0,Non-Congested,Non-Congested
2385,132200274,0,1,0,0,r,G,0.0,Non-Congested,Non-Congested
2385,181747232,2,0,0,0,G,r,5.0,Non-Congested,Non-Congested
2385,47217361,0,1,0,0,r,r,1.0,Non-Congested,Non-Congested
2385,cluster_2455590523_389713_47212064,0,2,0,1,G,r,1.0,Non-Congested,Non-Congested
2385,cluster_2461783448_38980632_5243070374,9,4,9,4,y,r,3.0,Congested,Non-Congested
2385,cluster_2461880040_2461880142_8131892137,0,2,0,2,r,r,1.0,Non-Congested,Congested
2385,cluster_2461880136_4910664147_50607912_8131882097,0,3,0,0,G,r,1.0,Non-Congested,Non-Congested
2386,132200274,1,2,0,0,r,G,0.0,Non-Congested,Non-Congested
2386,181747232,2,0,0,0,G,r,4.0,Non-Congested,Non-Congested
2386,47217361,0,1,0,0,r,r,0.0,Non-Congested,Non-Congested
2386,cluster_2455590523_389713_47212064,1,2,0,1,G,r,0.0,Non-Congested,Non-Congested
2386,cluster_2461783448_38980632_5243070374,9,4,9,4,y,r,2.0,Congested,Non-Congested
2386,cluster_2461880040_2461880142_8131892137,0,2,0,2,r,r,0.0,Non-Congested,Congested
2386,cluster_2461880136_4910664147_50607912_8131882097,0,3,0,0,G,r,0.0,Non-Congested,Non-Congested
2387,132200274,1,1,0,0,r,G,1.0,Non-Congested,Non-Congested
2387,181747232,3,1,0,0,G,r,3.0,Non-Congested,Non-Congested
2387,47217361,0,1,0,0,r,r,2.0,Non-Congested,Non-Congested
2387,cluster_2455590523_389713_47212064,1,1,0,1,y,r,3.0,Non-Congested,Non-Congested
2387,cluster_2461783448_38980632_5243070374,9,4,9,4,y,r,1.0,Congested,Non-Congested
2387,cluster_2461880040_2461880142_8131892137,0,2,0,2,r,r,1.0,Non-Congested,Congested
2387,cluster_2461880136_4910664147_50607912_8131882097,0,3,0,0,y,r,2.0,Non-Congested,Non-Congested
2388,132200274,1,1,0,0,r,G,0.0,Non-Congested,Non-Congested
2388,181747232,3,1,0,0,G,r,2.0,Non-Congested,Non-Congested
2388,47217361,0,1,0,0,r,r,1.0,Non-Congested,Non-Congested
2388,cluster_2455590523_389713_47212064,1,1,0,1,y,r,2.0,Non-Congested,Non-Congested
2388,cluster_2461783448_38980632_5243070374,9,4,9,4,y,r,0.0,Congested,Non-Congested
2388,cluster_2461880040_2461880142_8131892137,0,2,0,2,r,r,0.0,Non-Congested,Congested
2388,cluster_2461880136_4910664147_50607912_8131882097,0,3,0,1,y,r,1.0,Non-Congested,Non-Congested
2389,132200274,1,2,0,0,r,G,1.0,Non-Congested,Non-Congested
2389,181747232,3,1,0,0,G,r,1.0,Non-Congested,Non-Congested
2389,47217361,0,1,0,0,r,r,0.0,Non-Congested,Non-Congested
2389,cluster_2455590523_389713_47212064,1,1,0,1,y,r,1.0,Non-Congested,Non-Congested
2389,cluster_2461783448_38980632_5243070374,9,4,9,4,r,G,4.0,Congested,Non-Congested
2389,cluster_2461880040_2461880142_8131892137,0,2,0,2,r,r,1.0,Non-Congested,Congested
2389,cluster_2461880136_4910664147_50607912_8131882097,0,3,0,1,y,r,0.0,Non-Congested,Non-Congested
2390,132200274,1,1,0,0,r,G,0.0,Non-Congested,Non-Congested
2390,181747232,3,1,0,0,G,r,0.0,Non-Congested,Non-Congested
2390,47217361,0,1,0,0,r,G,4.0,Non-Congested,Non-Congested
2390,cluster_2455590523_389713_47212064,1,1,0,1,y,r,0.0,Non-Congested,Non-Congested
2390,cluster_2461783448_38980632_5243070374,9,4,9,4,r,G,3.0,Congested,Non-Congested
2390,cluster_2461880040_2461880142_8131892137,0,2,0,2,r,r,0.0,Non-Congested,Congested
2390,cluster_2461880136_4910664147_50607912_8131882097,0,2,0,0,r,G,4.0,Non-Congested,Non-Congested
2391,132200274,1,1,0,0,r,G,0.0,Non-Congested,Non-Congested
2391,181747232,3,1,0,0,y,r,3.0,Non-Congested,Non-Congested
2391,47217361,0,1,0,0,r,G,3.0,Non-Congested,Non-Congested
2391,cluster_2455590523_389713_47212064,1,1,0,1,r,r,6.0,Non-Congested,Congested
2391,cluster_2461783448_38980632_5243070374,9,4,9,4,r,G,2.0,Congested,Non-Congested
2391,cluster_2461880040_2461880142_8131892137,0,2,0,2,r,r,1.0,Non-Congested,Congested
2391,cluster_2461880136_4910664147_50607912_8131882097,0,2,0,0,r,G,3.0,Non-Congested,Non-Congested
2392,132200274,0,2,0,0,r,G,0.0,Non-Congested,Non-Congested
2392,181747232,3,1,0,0,y,r,2.0,Non-Congested,Non-Congested
2392,47217361,0,1,0,0,r,G,2.0,Non-Congested,Non-Congested
2392,cluster_2455590523_389713_47212064,1,1,1,1,r,r,5.0,Non-Congested,Congested
2392,cluster_2461783448_38980632_5243070374,9,4,9,4,r,G,1.0,Congested,Non-Congested
2392,cluster_2461880040_2461880142_8131892137,0,2,0,2,r,r,0.0,Non-Congested,Congested
2392,cluster_2461880136_4910664147_50607912_8131882097,0,2,0,0,r,G,2.0,Non-Congested,Non-Congested
2393,132200274,0,2,0,0,r,y,2.0,Non-Congested,Non-Congested
2393,181747232,3,1,0,0,y,r,1.0,Non-Congested,Non-Congested
2393,47217361,0,1,0,0,r,G,1.0,Non-Congested,Non-Congested
2393,cluster_2455590523_389713_47212064,1,1,1,1,r,r,4.0,Non-Congested,Congested
2393,cluster_2461783448_38980632_5243070374,9,4,9,4,r,G,0.0,Congested,Non-Congested
2393,cluster_2461880040_2461880142_8131892137,0,2,0,2,r,r,1.0,Non-Congested,Congested
2393,cluster_2461880136_4910664147_50607912_8131882097,0,2,0,0,r,G,1.0,Non-Congested,Non-Congested
2394,132200274,0,2,0,1,r,y,1.0,Non-Congested,Non-Congested
2394,181747232,3,1,0,0,y,r,0.0,Non-Congested,Non-Congested
2394,47217361,0,1,0,0,r,G,0.0,Non-Congested,Non-Congested
2394,cluster_2455590523_389713_47212064,1,1,1,1,r,r,3.0,Non-Congested,Non-Congested
2394,cluster_2461783448_38980632_5243070374,9,4,9,4,r,y,4.0,Congested,Non-Congested
2394,cluster_2461880040_2461880142_8131892137,0,2,0,2,r,r,0.0,Non-Congested,Congested
2394,cluster_2461880136_4910664147_50607912_8131882097,0,2,0,0,r,G,0.0,Non-Congested,Non-Congested
2395,132200274,0,2,0,1,r,y,0.0,Non-Congested,Non-Congested
2395,181747232,3,1,0,0,r,G,6.0,Non-Congested,Non-Congested
2395,47217361,0,1,0,0,r,y,2.0,Non-Congested,Non-Congested
2395,cluster_2455590523_389713_47212064,1,1,1,1,r,r,2.0,Non-Congested,Non-Congested
2395,cluster_2461783448_38980632_5243070374,9,4,9,4,r,y,3.0,Congested,Non-Congested
2395,cluster_2461880040_2461880142_8131892137,0,2,0,2,r,r,4.0,Non-Congested,Congested
2395,cluster_2461880136_4910664147_50607912_8131882097,0,1,0,0,r,G,1.0,Non-Congested,Non-Congested
2396,132200274,0,2,0,2,G,r,4.0,Non-Congested,Non-Congested
2396,181747232,3,1,0,0,r,G,5.0,Non-Congested,Non-Congested
2396,47217361,0,1,0,0,r,y,1.0,Non-Congested,Non-Congested
2396,cluster_2455590523_389713_47212064,1,1,1,1,r,r,1.0,Non-Congested,Non-Congested
2396,cluster_2461783448_38980632_5243070374,9,4,9,4,r,y,2.0,Congested,Non-Congested
2396,cluster_2461880040_2461880142_8131892137,0,2,0,2,r,r,3.0,Non-Congested,Congested
2396,cluster_2461880136_4910664147_50607912_8131882097,0,1,0,0,r,G,0.0,Non-Congested,Non-Congested
2397,132200274,0,2,0,2,G,r,3.0,Non-Congested,Non-Congested
2397,181747232,2,0,0,0,r,G,4.0,Non-Congested,Non-Congested
2397,47217361,0,1,0,0,r,y,0.0,Non-Congested,Non-Congested
2397,cluster_2455590523_389713_47212064,1,1,1,1,r,r,0.0,Non-Congested,Non-Congested
2397,cluster_2461783448_38980632_5243070374,9,4,9,4,r,y,1.0,Congested,Non-Congested
2397,cluster_2461880040_2461880142_8131892137,0,2,0,2,r,r,2.0,Non-Congested,Congested
2397,cluster_2461880136_4910664147_50607912_8131882097,0,2,0,0,r,G,0.0,Non-Congested,Non-Congested
2398,132200274,0,2,0,2,G,r,2.0,Non-Congested,Non-Congested
2398,181747232,2,0,0,0,r,G,3.0,Non-Congested,Non-Congested
2398,cluster_2455590523_389713_47212064,1,1,1,1,r,r,3.0,Non-Congested,Non-Congested
2398,cluster_2461783448_38980632_5243070374,9,5,9,4,r,y,0.0,Congested,Non-Congested
2398,cluster_2461880040_2461880142_8131892137,0,2,0,2,r,r,1.0,Non-Congested,Congested
2398,cluster_2461880136_4910664147_50607912_8131882097,0,2,0,0,r,G,0.0,Non-Congested,Non-Congested
2399,132200274,0,2,0,2,G,r,1.0,Non-Congested,Non-Congested
2399,181747232,2,0,1,0,r,G,2.0,Non-Congested,Non-Congested
2399,cluster_2455590523_389713_47212064,2,1,1,1,r,r,2.0,Non-Congested,Non-Congested
2399,cluster_2461783448_38980632_5243070374,9,5,9,4,G,r,4.0,Congested,Non-Congested
2399,cluster_2461880040_2461880142_8131892137,0,2,0,2,r,r,0.0,Non-Congested,Congested
2399,cluster_2461880136_4910664147_50607912_8131882097,0,1,0,0,r,y,2.0,Non-Congested,Non-Congested
2400,132200274,0,2,0,2,G,r,0.0,Non-Congested,Non-Congested
2400,181747232,2,0,1,0,r,G,1.0,Non-Congested,Non-Congested
2400,cluster_2455590523_389713_47212064,1,1,1,1,r,r,1.0,Non-Congested,Non-Congested
2400,cluster_2461783448_38980632_5243070374,9,5,9,4,G,r,3.0,Congested,Non-Congested
2400,cluster_2461880040_2461880142_8131892137,0,2,0,2,G,r,4.0,Non-Congested,Congested
2400,cluster_2461880136_4910664147_50607912_8131882097,0,2,0,0,r,y,1.0,Non-Congested,Non-Congested
2401,132200274,0,2,0,2,y,r,2.0,Non-Congested,Non-Congested
2401,181747232,2,0,1,0,r,G,0.0,Non-Congested,Non-Congested
2401,cluster_2455590523_389713_47212064,1,1,1,1,r,r,0.0,Non-Congested,Non-Congested
2401,cluster_2461783448_38980632_5243070374,9,6,9,4,G,r,2.0,Congested,Non-Congested
2401,cluster_2461880040_2461880142_8131892137,0,2,0,2,G,r,3.0,Non-Congested,Congested
2401,cluster_2461880136_4910664147_50607912_8131882097,0,2,0,0,r,y,0.0,Non-Congested,Non-Congested
2402,132200274,0,2,0,2,y,r,1.0,Non-Congested,Non-Congested
2402,181747232,3,0,1,0,r,y,3.0,Non-Congested,Non-Congested
2402,cluster_2455590523_389713_47212064,1,0,1,0,r,G,4.0,Non-Congested,Non-Congested
2402,cluster_2461783448_38980632_5243070374,9,6,9,4,G,r,1.0,Congested,Non-Congested
2402,cluster_2461880040_2461880142_8131892137,0,2,0,2,G,r,2.0,Non-Congested,Congested
2402,cluster_2461880136_4910664147_50607912_8131882097,0,3,0,0,r,r,0.0,Non-Congested,Non-Congested
2403,132200274,0,2,0,2,y,r,0.0,Non-Congested,Non-Congested
2403,181747232,3,0,2,0,r,y,2.0,Non-Congested,Non-Congested
2403,cluster_2455590523_389713_47212064,1,0,1,0,r,G,3.0,Non-Congested,Non-Congested
2403,cluster_2461783448_38980632_5243070374,9,6,9,4,G,r,0.0,Congested,Non-Congested
2403,cluster_2461880040_2461880142_8131892137,0,2,0,2,G,r,1.0,Non-Congested,Congested
2403,cluster_2461880136_4910664147_50607912_8131882097,0,3,0,0,G,r,4.0,Non-Congested,Non-Congested
2404,132200274,0,2,0,2,r,G,4.0,Non-Congested,Non-Congested
2404,181747232,3,0,2,0,r,y,1.0,Non-Congested,Non-Congested
2404,cluster_2455590523_389713_47212064,1,1,1,0,r,G,2.0,Non-Congested,Non-Congested
2404,cluster_2461783448_38980632_5243070374,9,6,9,4,G,r,4.0,Congested,Non-Congested
2404,cluster_2461880040_2461880142_8131892137,0,2,0,2,G,r,0.0,Non-Congested,Congested
2404,cluster_2461880136_4910664147_50607912_8131882097,0,3,0,0,G,r,3.0,Non-Congested,Non-Congested
2405,132200274,0,2,0,2,r,G,3.0,Non-Congested,Non-Congested
2405,181747232,3,0,2,0,r,y,0.0,Non-Congested,Non-Congested
2405,cluster_2455590523_389713_47212064,1,1,1,0,r,G,1.0,Non-Congested,Non-Congested
2405,cluster_2461783448_38980632_5243070374,9,6,9,4,G,r,3.0,Congested,Non-Congested
2405,cluster_2461880040_2461880142_8131892137,0,2,0,2,y,r,4.0,Non-Congested,Congested
2405,cluster_2461880136_4910664147_50607912_8131882097,0,3,0,0,G,r,2.0,Non-Congested,Non-Congested
2406,132200274,0,2,0,2,r,G,2.0,Non-Congested,Non-Congested
2406,181747232,2,0,1,0,G,r,6.0,Non-Congested,Non-Congested
2406,47217361,0,1,0,0,r,r,4.0,Non-Congested,Non-Congested
2406,cluster_2455590523_389713_47212064,1,2,1,0,r,G,0.0,Non-Congested,Non-Congested
2406,cluster_2461783448_38980632_5243070374,9,6,9,4,G,r,2.0,Congested,Non-Congested
2406,cluster_2461880040_2461880142_8131892137,0,2,0,2,y,r,3.0,Non-Congested,Congested
2406,cluster_2461880136_4910664147_50607912_8131882097,0,3,0,0,G,r,1.0,Non-Congested,Non-Congested
2407,132200274,0,2,0,2,r,G,1.0,Non-Congested,Non-Congested
2407,181747232,2,0,0,0,G,r,5.0,Non-Congested,Non-Congested
2407,47217361,0,1,0,0,r,r,3.0,Non-Congested,Non-Congested
2407,cluster_2455590523_389713_47212064,1,0,1,0,r,G,1.0,Non-Congested,Non-Congested
2407,cluster_2461783448_38980632_5243070374,9,6,9,5,G,r,1.0,Congested,Non-Congested
2407,cluster_2461880040_2461880142_8131892137,0,2,0,2,y,r,2.0,Non-Congested,Congested
2407,cluster_2461880136_4910664147_50607912_8131882097,0,3,0,0,G,r,0.0,Non-Congested,Non-Congested
2408,132200274,0,3,0,2,r,G,0.0,Non-Congested,Non-Congested
2408,181747232,2,0,0,0,G,r,4.0,Non-Congested,Non-Congested
2408,47217361,0,1,0,0,r,r,2.0,Non-Congested,Non-Congested
2408,cluster_2455590523_389713_47212064,1,0,1,0,r,G,0.0,Non-Congested,Non-Congested
2408,cluster_2461783448_38980632_5243070374,9,6,9,5,G,r,0.0,Congested,Non-Congested
2408,cluster_2461880040_2461880142_8131892137,0,2,0,2,y,r,1.0,Non-Congested,Congested
2408,cluster_2461880136_4910664147_50607912_8131882097,0,3,0,0,y,r,2.0,Non-Congested,Non-Congested
2409,132200274,0,3,0,2,r,G,1.0,Non-Congested,Non-Congested
2409,181747232,3,1,0,0,G,r,3.0,Non-Congested,Non-Congested
2409,47217361,0,1,0,0,r,r,1.0,Non-Congested,Non-Congested
2409,cluster_1420096799_47154676,0,1,0,0,r,y,0.0,Non-Congested,Non-Congested
2409,cluster_2455590523_389713_47212064,1,0,1,0,r,G,0.0,Non-Congested,Non-Congested
2409,cluster_2461783448_38980632_5243070374,9,6,9,5,G,r,9.0,Congested,Non-Congested
2409,cluster_2461880040_2461880142_8131892137,0,2,0,2,y,r,0.0,Non-Congested,Congested
2409,cluster_2461880136_4910664147_50607912_8131882097,0,2,0,0,y,r,1.0,Non-Congested,Non-Congested
2410,132200274,0,2,0,2,r,G,0.0,Non-Congested,Non-Congested
2410,181747232,3,1,0,0,G,r,2.0,Non-Congested,Non-Congested
2410,47217361,0,1,0,0,r,r,0.0,Non-Congested,Non-Congested
2410,cluster_1420096799_47154676,0,1,0,0,G,r,6.0,Non-Congested,Non-Congested
2410,cluster_2455590523_389713_47212064,1,1,1,0,r,y,3.0,Non-Congested,Non-Congested
2410,cluster_2461783448_38980632_5243070374,9,6,9,6,G,r,8.0,Congested,Non-Congested
2410,cluster_2461880040_2461880142_8131892137,0,2,0,1,r,G,9.0,Non-Congested,Congested
2410,cluster_2461880136_4910664147_50607912_8131882097,0,2,0,0,y,r,0.0,Non-Congested,Non-Congested
2411,132200274,0,3,0,2,r,G,0.0,Non-Congested,Non-Congested
2411,181747232,2,1,0,0,G,r,1.0,Non-Congested,Non-Congested
2411,47217361,0,2,0,0,r,r,0.0,Non-Congested,Non-Congested
2411,cluster_1420096799_47154676,0,1,0,1,G,r,5.0,Non-Congested,Non-Congested
2411,cluster_2455590523_389713_47212064,1,1,1,0,r,y,2.0,Non-Congested,Non-Congested
2411,cluster_2461783448_38980632_5243070374,9,6,9,6,G,r,7.0,Congested,Non-Congested
2411,cluster_2461880040_2461880142_8131892137,0,1,0,0,r,G,8.0,Non-Congested,Congested
2411,cluster_2461880136_4910664147_50607912_8131882097,0,1,0,0,r,G,4.0,Non-Congested,Non-Congested
2412,132200274,0,4,0,2,r,G,1.0,Non-Congested,Congested
2412,181747232,2,1,0,0,G,r,0.0,Non-Congested,Non-Congested
2412,47217361,0,2,0,0,r,r,0.0,Non-Congested,Non-Congested
2412,cluster_1420096799_47154676,0,1,0,1,G,r,4.0,Non-Congested,Non-Congested
2412,cluster_2455590523_389713_47212064,1,0,1,0,r,y,1.0,Non-Congested,Non-Congested
2412,cluster_2461783448_38980632_5243070374,9,6,9,6,G,r,6.0,Congested,Non-Congested
2412,cluster_2461880040_2461880142_8131892137,0,1,0,0,r,G,7.0,Non-Congested,Non-Congested
2412,cluster_2461880136_4910664147_50607912_8131882097,0,1,0,0,r,G,3.0,Non-Congested,Non-Congested
2413,132200274,0,4,0,2,r,G,0.0,Non-Congested,Congested
2413,181747232,2,1,0,0,y,r,3.0,Non-Congested,Non-Congested
2413,47217361,0,2,0,0,r,r,2.0,Non-Congested,Non-Congested
2413,cluster_1420096799_47154676,0,1,0,1,G,r,3.0,Non-Congested,Non-Congested
2413,cluster_2455590523_389713_47212064,1,0,1,0,r,y,0.0,Non-Congested,Non-Congested
2413,cluster_2461783448_38980632_5243070374,9,6,9,6,G,r,5.0,Congested,Non-Congested
2413,cluster_2461880040_2461880142_8131892137,0,1,0,0,r,G,6.0,Non-Congested,Non-Congested
2413,cluster_2461880136_4910664147_50607912_8131882097,0,1,0,0,r,G,2.0,Non-Congested,Non-Congested
2414,132200274,0,4,0,3,r,G,0.0,Non-Congested,Congested
2414,181747232,3,2,0,0,y,r,2.0,Non-Congested,Non-Congested
2414,47217361,0,3,0,0,r,r,1.0,Non-Congested,Non-Congested
2414,cluster_1420096799_47154676,0,1,0,1,G,r,2.0,Non-Congested,Non-Congested
2414,cluster_2461783448_38980632_5243070374,9,6,9,6,G,r,4.0,Congested,Non-Congested
2414,cluster_2461880040_2461880142_8131892137,0,1,0,0,r,G,5.0,Non-Congested,Non-Congested
2415,132200274,0,4,0,4,r,G,0.0,Non-Congested,Congested
2415,181747232,3,2,0,0,y,r,1.0,Non-Congested,Non-Congested
2415,47217361,0,3,0,0,r,r,0.0,Non-Congested,Non-Congested
2415,cluster_1420096799_47154676,0,1,0,1,G,r,1.0,Non-Congested,Non-Congested
2415,cluster_2461783448_38980632_5243070374,9,6,9,6,G,r,3.0,Congested,Non-Congested
2415,cluster_2461880040_2461880142_8131892137,0,1,0,0,r,G,4.0,Non-Congested,Congested
2416,132200274,0,4,0,4,r,y,2.0,Non-Congested,Congested
2416,181747232,3,2,0,0,y,r,0.0,Non-Congested,Non-Congested
2416,47217361,0,3,0,0,r,G,4.0,Non-Congested,Non-Congested
2416,cluster_1420096799_47154676,0,1,0,1,G,r,0.0,Non-Congested,Non-Congested
2416,cluster_2461783448_38980632_5243070374,9,6,9,6,G,r,2.0,Congested,Non-Congested
2416,cluster_2461880040_2461880142_8131892137,1,1,0,0,r,G,3.0,Non-Congested,Non-Congested
2417,132200274,0,4,0,4,r,y,1.0,Non-Congested,Congested
2417,181747232,3,2,0,0,r,G,6.0,Non-Congested,Non-Congested
2417,47217361,0,4,0,0,r,G,3.0,Non-Congested,Non-Congested
2417,cluster_1420096799_47154676,0,1,0,1,y,r,3.0,Non-Congested,Non-Congested
2417,cluster_2461783448_38980632_5243070374,9,6,9,6,G,r,1.0,Congested,Non-Congested
2417,cluster_2461880040_2461880142_8131892137,1,2,0,0,r,G,2.0,Non-Congested,Non-Congested
2418,132200274,0,4,0,4,r,y,0.0,Non-Congested,Congested
2418,181747232,3,2,0,0,r,G,5.0,Non-Congested,Non-Congested
2418,47217361,0,4,0,0,r,G,2.0,Non-Congested,Non-Congested
2418,cluster_1420096799_47154676,0,1,0,1,y,r,2.0,Non-Congested,Non-Congested
2418,cluster_2461783448_38980632_5243070374,9,6,9,6,G,r,0.0,Congested,Non-Congested
2418,cluster_2461880040_2461880142_8131892137,1,2,0,0,r,G,1.0,Non-Congested,Non-Congested
2419,132200274,0,4,0,4,G,r,4.0,Non-Congested,Congested
2419,181747232,2,1,0,0,r,G,4.0,Non-Congested,Non-Congested
2419,47217361,0,3,0,0,r,G,1.0,Non-Congested,Non-Congested
2419,cluster_1420096799_47154676,0,1,0,1,y,r,1.0,Non-Congested,Non-Congested
2419,cluster_2461783448_38980632_5243070374,9,6,9,6,y,r,4.0,Congested,Non-Congested
2419,cluster_2461880040_2461880142_8131892137,1,2,0,0,r,G,0.0,Non-Congested,Non-Congested
2420,132200274,0,4,0,4,G,r,3.0,Non-Congested,Congested
2420,181747232,2,1,0,0,r,G,3.0,Non-Congested,Non-Congested
2420,47217361,0,3,0,0,r,G,0.0,Non-Congested,Non-Congested
2420,cluster_1420096799_47154676,0,1,0,1,y,r,0.0,Non-Congested,Non-Congested
2420,cluster_2461783448_38980632_5243070374,9,6,9,6,y,r,3.0,Congested,Non-Congested
2420,cluster_2461880040_2461880142_8131892137,2,2,0,0,r,G,0.0,Non-Congested,Non-Congested
2421,132200274,0,4,0,4,G,r,2.0,Non-Congested,Congested
2421,181747232,2,1,0,0,r,G,2.0,Non-Congested,Non-Congested
2421,47217361,0,2,0,0,r,G,1.0,Non-Congested,Non-Congested
2421,cluster_1420096799_47154676,0,1,0,1,r,r,6.0,Non-Congested,Non-Congested
2421,cluster_2461783448_38980632_5243070374,9,6,9,6,y,r,2.0,Congested,Non-Congested
2421,cluster_2461880040_2461880142_8131892137,2,2,0,0,r,G,0.0,Non-Congested,Non-Congested
2422,132200274,0,4,0,4,G,r,1.0,Non-Congested,Congested
2422,181747232,2,1,0,0,r,G,1.0,Non-Congested,Non-Congested
2422,47217361,0,1,0,0,r,G,0.0,Non-Congested,Non-Congested
2422,cluster_1420096799_47154676,0,1,0,1,r,r,5.0,Non-Congested,Non-Congested
2422,cluster_2461783448_38980632_5243070374,9,6,9,6,y,r,1.0,Congested,Non-Congested
2422,cluster_2461880040_2461880142_8131892137,2,2,0,0,r,y,4.0,Non-Congested,Non-Congested
2423,132200274,0,4,0,4,G,r,0.0,Non-Congested,Congested
2423,181747232,1,0,0,0,r,G,0.0,Non-Congested,Non-Congested
2423,47217361,0,2,0,0,r,G,0.0,Non-Congested,Non-Congested
2423,cluster_1420096799_47154676,0,1,0,1,r,r,4.0,Non-Congested,Non-Congested
2423,cluster_2455590523_389713_47212064,0,1,0,0,r,r,6.0,Non-Congested,Congested
2423,cluster_2461783448_38980632_5243070374,9,6,9,6,y,r,0.0,Congested,Non-Congested
2423,cluster_2461880040_2461880142_8131892137,3,4,0,0,r,y,3.0,Non-Congested,Non-Congested
2424,132200274,0,4,0,4,y,r,2.0,Non-Congested,Congested
2424,181747232,1,0,0,0,r,y,3.0,Non-Congested,Non-Congested
2424,47217361,0,2,0,0,r,G,0.0,Non-Congested,Non-Congested
2424,cluster_1420096799_47154676,0,1,0,1,r,r,3.0,Non-Congested,Non-Congested
2424,cluster_2455590523_389713_47212064,0,1,0,0,r,r,5.0,Non-Congested,Congested
2424,cluster_2461783448_38980632_5243070374,9,6,9,6,r,G,4.0,Congested,Non-Congested
2424,cluster_2461880040_2461880142_8131892137,3,4,0,0,r,y,2.0,Non-Congested,Non-Congested
2425,132200274,0,4,0,4,y,r,1.0,Non-Congested,Congested
2425,181747232,1,0,0,0,r,y,2.0,Non-Congested,Non-Congested
2425,47217361,0,2,0,0,r,y,2.0,Non-Congested,Non-Congested
2425,cluster_1420096799_47154676,0,1,0,1,r,r,2.0,Non-Congested,Non-Congested
2425,cluster_2461783448_38980632_5243070374,9,6,9,6,r,G,3.0,Congested,Non-Congested
2425,cluster_2461880040_2461880142_8131892137,2,3,0,0,r,y,1.0,Non-Congested,Non-Congested
2426,132200274,0,4,0,4,y,r,0.0,Non-Congested,Congested
2426,181747232,1,0,0,0,r,y,1.0,Non-Congested,Non-Congested
2426,47217361,0,2,0,0,r,y,1.0,Non-Congested,Non-Congested
2426,cluster_1420096799_47154676,0,1,0,1,r,r,1.0,Non-Congested,Non-Congested
2426,cluster_2461783448_38980632_5243070374,9,6,9,6,r,G,2.0,Congested,Non-Congested
2426,cluster_2461880040_2461880142_8131892137,2,3,0,1,r,y,0.0,Non-Congested,Non-Congested
2427,132200274,0,4,0,4,r,G,4.0,Non-Congested,Congested
2427,181747232,1,0,0,0,r,y,0.0,Non-Congested,Non-Congested
2427,47217361,0,2,0,0,r,y,0.0,Non-Congested,Non-Congested
2427,cluster_1420096799_47154676,0,1,0,1,r,r,0.0,Non-Congested,Non-Congested
2427,cluster_2461783448_38980632_5243070374,9,6,9,6,r,G,1.0,Congested,Non-Congested
2427,cluster_2461880040_2461880142_8131892137,2,3,0,1,r,r,4.0,Non-Congested,Non-Congested
2428,132200274,0,4,0,4,r,G,3.0,Non-Congested,Congested
2428,47217361,0,2,0,0,G,r,4.0,Non-Congested,Non-Congested
2428,cluster_1420096799_47154676,0,1,0,1,r,r,3.0,Non-Congested,Non-Congested
2428,cluster_2461783448_38980632_5243070374,9,6,9,6,r,G,0.0,Congested,Non-Congested
2428,cluster_2461880040_2461880142_8131892137,1,2,0,1,r,r,3.0,Non-Congested,Non-Congested
2429,132200274,0,4,0,4,r,G,2.0,Non-Congested,Congested
2429,47217361,0,1,0,0,G,r,3.0,Non-Congested,Non-Congested
2429,cluster_1420096799_47154676,0,1,0,1,r,r,2.0,Non-Congested,Non-Congested
2429,cluster_2461783448_38980632_5243070374,9,6,9,6,r,y,4.0,Congested,Non-Congested
2429,cluster_2461880040_2461880142_8131892137,1,2,0,1,r,r,2.0,Non-Congested,Non-Congested
2430,132200274,0,4,0,4,r,G,1.0,Non-Congested,Congested
2430,181747232,1,1,0,0,G,r,4.0,Non-Congested,Non-Congested
2430,47217361,0,1,0,0,G,r,2.0,Non-Congested,Non-Congested
2430,cluster_1420096799_47154676,0,1,0,1,r,r,1.0,Non-Congested,Non-Congested
2430,cluster_2455590523_389713_47212064,1,0,0,0,r,r,0.0,Non-Congested,Non-Congested
2430,cluster_2461783448_38980632_5243070374,9,6,9,6,r,y,3.0,Congested,Non-Congested
2430,cluster_2461880040_2461880142_8131892137,0,1,0,1,r,r,1.0,Non-Congested,Non-Congested
2431,132200274,0,4,0,4,r,G,0.0,Non-Congested,Congested
2431,181747232,1,1,0,0,G,r,3.0,Non-Congested,Non-Congested
2431,47217361,0,2,0,0,G,r,1.0,Non-Congested,Non-Congested
2431,cluster_1420096799_47154676,0,1,0,1,r,r,0.0,Non-Congested,Non-Congested
2431,cluster_2461783448_38980632_5243070374,9,6,9,6,r,y,2.0,Congested,Non-Congested
2431,cluster_2461880040_2461880142_8131892137,0,1,0,1,r,r,0.0,Non-Congested,Non-Congested
2432,132200274,0,4,0,4,r,y,2.0,Non-Congested,Congested
2432,181747232,1,1,0,0,G,r,2.0,Non-Congested,Non-Congested
2432,47217361,0,2,0,0,G,r,0.0,Non-Congested,Non-Congested
2432,cluster_2461783448_38980632_5243070374,9,6,9,6,r,y,1.0,Congested,Non-Congested
2432,cluster_2461880040_2461880142_8131892137,0,1,0,1,r,r,4.0,Non-Congested,Non-Congested
2433,132200274,0,4,0,4,r,y,1.0,Non-Congested,Congested
2433,181747232,1,1,0,0,G,r,1.0,Non-Congested,Non-Congested
2433,47217361,0,2,0,1,G,r,0.0,Non-Congested,Non-Congested
2433,cluster_2461783448_38980632_5243070374,9,6,9,6,r,y,0.0,Congested,Non-Congested
2433,cluster_2461880040_2461880142_8131892137,0,1,0,1,r,r,3.0,Non-Congested,Non-Congested
2433,cluster_2461880136_4910664147_50607912_8131882097,1,0,0,0,r,y,2.0,Non-Congested,Non-Congested
2434,132200274,0,4,0,4,r,y,0.0,Non-Congested,Congested
2434,181747232,1,1,0,0,G,r,0.0,Non-Congested,Non-Congested
2434,47217361,0,2,0,1,y,r,2.0,Non-Congested,Non-Congested
2434,cluster_1420096799_47154676,0,1,0,0,r,G,4.0,Non-Congested,Non-Congested
2434,cluster_2461783448_38980632_5243070374,9,6,9,6,G,r,4.0,Congested,Non-Congested
2434,cluster_2461880040_2461880142_8131892137,0,1,0,1,r,r,2.0,Non-Congested,Non-Congested
2434,cluster_2461880136_4910664147_50607912_8131882097,1,0,0,0,r,y,1.0,Non-Congested,Non-Congested
2435,132200274,0,4,0,4,G,r,4.0,Non-Congested,Congested
2435,181747232,1,1,0,0,y,r,3.0,Non-Congested,Non-Congested
2435,47217361,0,2,0,1,y,r,1.0,Non-Congested,Non-Congested
2435,cluster_2461783448_38980632_5243070374,9,6,9,6,G,r,3.0,Congested,Non-Congested
2435,cluster_2461880040_2461880142_8131892137,0,1,0,1,r,r,1.0,Non-Congested,Non-Congested
2435,cluster_2461880136_4910664147_50607912_8131882097,1,0,0,0,r,y,0.0,Non-Congested,Non-Congested
2436,132200274,0,4,0,4,G,r,3.0,Non-Congested,Congested
2436,181747232,1,1,0,0,y,r,2.0,Non-Congested,Non-Congested
2436,47217361,0,2,0,1,y,r,0.0,Non-Congested,Non-Congested
2436,cluster_2461783448_38980632_5243070374,9,6,9,6,G,r,2.0,Congested,Non-Congested
2436,cluster_2461880040_2461880142_8131892137,0,1,0,1,r,r,0.0,Non-Congested,Non-Congested
2436,cluster_2461880136_4910664147_50607912_8131882097,1,0,1,0,r,r,0.0,Non-Congested,Non-Congested
2437,132200274,0,4,0,4,G,r,2.0,Non-Congested,Congested
2437,181747232,1,1,0,0,y,r,1.0,Non-Congested,Non-Congested
2437,47217361,0,2,0,1,r,r,4.0,Non-Congested,Non-Congested
2437,cluster_1420096799_47154676,1,0,0,0,r,G,1.0,Non-Congested,Non-Congested
2437,cluster_2461783448_38980632_5243070374,9,6,9,6,G,r,1.0,Congested,Non-Congested
2437,cluster_2461880040_2461880142_8131892137,0,1,0,1,G,r,4.0,Non-Congested,Non-Congested
2438,132200274,0,4,0,4,G,r,1.0,Non-Congested,Congested
2438,181747232,1,1,0,0,y,r,0.0,Non-Congested,Non-Congested
2438,47217361,0,2,0,1,r,r,3.0,Non-Congested,Non-Congested
2438,cluster_1420096799_47154676,1,0,0,0,r,G,0.0,Non-Congested,Non-Congested
2438,cluster_2461783448_38980632_5243070374,9,6,9,6,G,r,0.0,Congested,Non-Congested
2438,cluster_2461880040_2461880142_8131892137,0,1,0,1,G,r,3.0,Non-Congested,Non-Congested
2439,132200274,0,4,0,4,G,r,0.0,Non-Congested,Congested
2439,181747232,1,2,1,1,r,G,6.0,Non-Congested,Congested
2439,47217361,0,2,0,1,r,r,2.0,Non-Congested,Non-Congested
2439,cluster_1420096799_47154676,2,0,0,0,r,y,3.0,Non-Congested,Non-Congested
2439,cluster_2461783448_38980632_5243070374,9,6,9,6,G,r,4.0,Congested,Non-Congested
2439,cluster_2461880040_2461880142_8131892137,0,1,0,1,G,r,2.0,Non-Congested,Non-Congested
2439,cluster_2461880136_4910664147_50607912_8131882097,0,1,0,0,G,r,2.0,Non-Congested,Non-Congested
2440,132200274,0,4,0,4,y,r,2.0,Non-Congested,Congested
2440,181747232,1,1,1,1,r,G,5.0,Non-Congested,Congested
2440,47217361,0,2,0,1,r,r,1.0,Non-Congested,Non-Congested
2440,cluster_1420096799_47154676,2,0,0,0,r,y,2.0,Non-Congested,Non-Congested
2440,cluster_2461783448_38980632_5243070374,9,6,9,6,G,r,3.0,Congested,Non-Congested
2440,cluster_2461880040_2461880142_8131892137,0,1,0,1,G,r,1.0,Non-Congested,Non-Congested
2440,cluster_2461880136_4910664147_50607912_8131882097,0,1,0,0,G,r,1.0,Non-Congested,Non-Congested
2441,132200274,0,4,0,4,y,r,1.0,Non-Congested,Congested
2441,47217361,0,2,0,1,r,r,0.0,Non-Congested,Non-Congested
2441,cluster_1420096799_47154676,2,0,0,0,r,y,1.0,Non-Congested,Non-Congested
2441,cluster_2461783448_38980632_5243070374,9,6,9,6,G,r,2.0,Congested,Non-Congested
2441,cluster_2461880040_2461880142_8131892137,0,1,0,1,G,r,0.0,Non-Congested,Non-Congested
2441,cluster_2461880136_4910664147_50607912_8131882097,0,3,0,0,G,r,0.0,Non-Congested,Non-Congested
2442,132200274,0,4,0,4,y,r,0.0,Non-Congested,Congested
2442,47217361,0,3,0,1,r,r,2.0,Non-Congested,Non-Congested
2442,cluster_1420096799_47154676,1,0,0,0,r,y,0.0,Non-Congested,Non-Congested
2442,cluster_2461783448_38980632_5243070374,9,6,9,6,G,r,1.0,Congested,Non-Congested
2442,cluster_2461880040_2461880142_8131892137,0,1,0,1,y,r,4.0,Non-Congested,Non-Congested
2442,cluster_2461880136_4910664147_50607912_8131882097,0,4,0,0,y,r,2.0,Non-Congested,Non-Congested
2443,132200274,0,4,0,4,r,G,4.0,Non-Congested,Congested
2443,47217361,0,3,0,1,r,r,1.0,Non-Congested,Non-Congested
2443,cluster_1420096799_47154676,1,0,0,0,G,r,6.0,Non-Congested,Non-Congested
2443,cluster_2461783448_38980632_5243070374,9,6,9,6,G,r,0.0,Congested,Non-Congested
2443,cluster_2461880040_2461880142_8131892137,0,1,0,1,y,r,3.0,Non-Congested,Non-Congested
2443,cluster_2461880136_4910664147_50607912_8131882097,0,4,0,0,y,r,1.0,Non-Congested,Non-Congested
2444,132200274,0,4,0,4,r,G,3.0,Non-Congested,Congested
2444,181747232,1,1,0,0,r,G,1.0,Non-Congested,Non-Congested
2444,47217361,0,3,0,1,r,r,0.0,Non-Congested,Non-Congested
2444,cluster_1420096799_47154676,1,0,0,0,G,r,5.0,Non-Congested,Non-Congested
2444,cluster_2461783448_38980632_5243070374,9,6,9,6,G,r,9.0,Congested,Non-Congested
2444,cluster_2461880040_2461880142_8131892137,0,1,0,1,y,r,2.0,Non-Congested,Non-Congested
2444,cluster_2461880136_4910664147_50607912_8131882097,0,5,0,0,y,r,0.0,Non-Congested,Non-Congested
2445,132200274,0,4,0,4,r,G,2.0,Non-Congested,Congested
2445,181747232,1,1,0,0,r,G,0.0,Non-Congested,Non-Congested
2445,47217361,0,2,0,0,r,G,4.0,Non-Congested,Non-Congested
2445,cluster_2461783448_38980632_5243070374,9,6,9,6,G,r,8.0,Congested,Non-Congested
2445,cluster_2461880040_2461880142_8131892137,0,1,0,1,y,r,1.0,Non-Congested,Non-Congested
2445,cluster_2461880136_4910664147_50607912_8131882097,0,5,0,0,r,G,4.0,Non-Congested,Non-Congested
2446,132200274,0,4,0,4,r,G,1.0,Non-Congested,Congested
2446,181747232,1,1,0,0,r,y,3.0,Non-Congested,Non-Congested
2446,47217361,0,2,0,0,r,G,3.0,Non-Congested,Non-Congested
2446,cluster_2461783448_38980632_5243070374,9,6,9,6,G,r,7.0,Congested,Non-Congested
2446,cluster_2461880040_2461880142_8131892137,0,1,0,1,y,r,0.0,Non-Congested,Non-Congested
2446,cluster_2461880136_4910664147_50607912_8131882097,0,4,0,0,r,G,3.0,Non-Congested,Non-Congested
2447,132200274,0,4,0,4,r,G,0.0,Non-Congested,Congested
2447,181747232,1,1,0,0,r,y,2.0,Non-Congested,Non-Congested
2447,47217361,0,2,0,0,r,G,2.0,Non-Congested,Non-Congested
2447,cluster_2461783448_38980632_5243070374,9,6,9,6,G,r,6.0,Congested,Non-Congested
2447,cluster_2461880136_4910664147_50607912_8131882097,0,4,0,0,r,G,2.0,Non-Congested,Non-Congested
2448,132200274,0,4,0,4,r,y,2.0,Non-Congested,Congested
2448,181747232,1,1,0,0,r,y,1.0,Non-Congested,Non-Congested
2448,47217361,0,2,0,0,r,G,1.0,Non-Congested,Non-Congested
2448,cluster_2461783448_38980632_5243070374,9,6,9,6,G,r,5.0,Congested,Non-Congested
2448,cluster_2461880136_4910664147_50607912_8131882097,0,4,0,0,r,G,1.0,Non-Congested,Non-Congested
2449,132200274,0,4,0,4,r,y,1.0,Non-Congested,Congested
2449,181747232,1,1,0,0,r,y,0.0,Non-Congested,Non-Congested
2449,47217361,1,1,0,0,r,G,0.0,Non-Congested,Non-Congested
2449,cluster_2461783448_38980632_5243070374,9,6,9,6,G,r,4.0,Congested,Non-Congested
2449,cluster_2461880136_4910664147_50607912_8131882097,0,5,0,0,r,G,0.0,Non-Congested,Non-Congested
2450,132200274,0,4,0,4,r,y,0.0,Non-Congested,Congested
2450,181747232,2,1,0,0,G,r,6.0,Non-Congested,Non-Congested
2450,47217361,1,1,0,0,r,y,2.0,Non-Congested,Non-Congested
2450,cluster_2461783448_38980632_5243070374,9,6,9,6,G,r,3.0,Congested,Non-Congested
2450,cluster_2461880136_4910664147_50607912_8131882097,0,4,0,0,r,G,0.0,Non-Congested,Non-Congested
2451,132200274,0,4,0,4,G,r,4.0,Non-Congested,Congested
2451,181747232,2,1,0,0,G,r,5.0,Non-Congested,Non-Congested
2451,47217361,1,1,0,0,r,y,1.0,Non-Congested,Non-Congested
2451,cluster_2461783448_38980632_5243070374,9,6,9,6,G,r,2.0,Congested,Non-Congested
2451,cluster_2461880136_4910664147_50607912_8131882097,0,4,0,0,r,G,1.0,Non-Congested,Non-Congested
2452,132200274,0,4,0,4,G,r,3.0,Non-Congested,Congested
2452,181747232,2,1,0,0,G,r,4.0,Non-Congested,Non-Congested
2452,47217361,1,1,0,1,r,y,0.0,Non-Congested,Non-Congested
2452,cluster_2461783448_38980632_5243070374,9,6,9,6,G,r,1.0,Congested,Non-Congested
2452,cluster_2461880136_4910664147_50607912_8131882097,0,3,0,0,r,G,0.0,Non-Congested,Non-Congested
2453,132200274,0,4,0,4,G,r,2.0,Non-Congested,Congested
2453,181747232,2,1,0,0,G,r,3.0,Non-Congested,Non-Congested
2453,47217361,1,1,0,1,G,r,4.0,Non-Congested,Non-Congested
2453,cluster_2461783448_38980632_5243070374,9,6,9,6,G,r,0.0,Congested,Non-Congested
2453,cluster_2461880040_2461880142_8131892137,1,1,0,0,r,G,3.0,Non-Congested,Non-Congested
2453,cluster_2461880136_4910664147_50607912_8131882097,0,2,0,0,r,G,1.0,Non-Congested,Non-Congested
2454,132200274,0,4,0,4,G,r,1.0,Non-Congested,Congested
2454,181747232,2,1,0,0,G,r,2.0,Non-Congested,Non-Congested
2454,47217361,1,1,0,1,G,r,3.0,Non-Congested,Non-Congested
2454,cluster_2461783448_38980632_5243070374,9,6,9,6,y,r,4.0,Congested,Non-Congested
2454,cluster_2461880040_2461880142_8131892137,1,1,0,0,r,G,2.0,Non-Congested,Non-Congested
2454,cluster_2461880136_4910664147_50607912_8131882097,0,3,0,0,r,G,0.0,Non-Congested,Non-Congested
2455,132200274,0,4,0,4,G,r,0.0,Non-Congested,Congested
2455,181747232,2,1,0,0,G,r,1.0,Non-Congested,Non-Congested
2455,47217361,1,1,0,1,G,r,2.0,Non-Congested,Non-Congested
2455,cluster_2461783448_38980632_5243070374,9,6,9,6,y,r,3.0,Congested,Non-Congested
2455,cluster_2461880040_2461880142_8131892137,1,2,0,0,r,G,1.0,Non-Congested,Non-Congested
2455,cluster_2461880136_4910664147_50607912_8131882097,0,3,0,0,r,G,0.0,Non-Congested,Non-Congested
2456,132200274,0,4,0,4,y,r,2.0,Non-Congested,Congested
2456,181747232,2,1,0,0,G,r,0.0,Non-Congested,Non-Congested
2456,47217361,1,1,0,1,G,r,1.0,Non-Congested,Non-Congested
2456,cluster_2461783448_38980632_5243070374,9,6,9,6,y,r,2.0,Congested,Non-Congested
2456,cluster_2461880040_2461880142_8131892137,1,2,0,0,r,G,0.0,Non-Congested,Congested
2456,cluster_2461880136_4910664147_50607912_8131882097,0,2,0,0,r,y,2.0,Non-Congested,Non-Congested
2457,132200274,0,4,0,4,y,r,1.0,Non-Congested,Congested
2457,181747232,2,1,1,1,y,r,3.0,Non-Congested,Non-Congested
2457,47217361,1,1,0,1,G,r,0.0,Non-Congested,Non-Congested
2457,cluster_2461783448_38980632_5243070374,9,6,9,6,y,r,1.0,Congested,Non-Congested
2457,cluster_2461880040_2461880142_8131892137,1,1,0,0,r,G,1.0,Non-Congested,Non-Congested
2457,cluster_2461880136_4910664147_50607912_8131882097,0,2,0,0,r,y,1.0,Non-Congested,Non-Congested
2458,132200274,0,4,0,4,y,r,0.0,Non-Congested,Congested
2458,181747232,2,1,1,1,y,r,2.0,Non-Congested,Non-Congested
2458,47217361,1,1,1,1,y,r,2.0,Non-Congested,Non-Congested
2458,cluster_2461783448_38980632_5243070374,9,6,9,6,y,r,0.0,Congested,Non-Congested
2458,cluster_2461880040_2461880142_8131892137,1,2,0,0,r,G,0.0,Non-Congested,Non-Congested
2458,cluster_2461880136_4910664147_50607912_8131882097,0,2,0,0,r,y,0.0,Non-Congested,Non-Congested
2459,132200274,0,4,0,4,r,G,4.0,Non-Congested,Congested
2459,181747232,2,1,1,1,y,r,1.0,Non-Congested,Non-Congested
2459,47217361,0,1,0,1,y,r,1.0,Non-Congested,Non-Congested
2459,cluster_2461783448_38980632_5243070374,9,6,9,6,r,G,4.0,Congested,Non-Congested
2459,cluster_2461880040_2461880142_8131892137,2,2,0,0,r,G,1.0,Non-Congested,Non-Congested
2459,cluster_2461880136_4910664147_50607912_8131882097,0,1,0,0,r,r,0.0,Non-Congested,Non-Congested
2460,132200274,0,4,0,4,r,G,3.0,Non-Congested,Congested
2460,181747232,2,1,1,1,y,r,0.0,Non-Congested,Non-Congested
2460,47217361,0,1,0,1,y,r,0.0,Non-Congested,Non-Congested
2460,cluster_2461783448_38980632_5243070374,9,6,9,6,r,G,3.0,Congested,Non-Congested
2460,cluster_2461880040_2461880142_8131892137,2,3,0,0,r,G,0.0,Non-Congested,Non-Congested
2460,cluster_2461880136_4910664147_50607912_8131882097,0,1,0,1,G,r,4.0,Non-Congested,Non-Congested
2461,132200274,0,4,0,4,r,G,2.0,Non-Congested,Congested
2461,181747232,2,1,1,1,r,G,6.0,Non-Congested,Non-Congested
2461,47217361,0,1,0,1,r,r,4.0,Non-Congested,Non-Congested
2461,cluster_2461783448_38980632_5243070374,9,6,9,6,r,G,2.0,Congested,Non-Congested
2461,cluster_2461880040_2461880142_8131892137,2,2,0,0,r,G,1.0,Non-Congested,Non-Congested
2461,cluster_2461880136_4910664147_50607912_8131882097,0,2,0,1,G,r,3.0,Non-Congested,Non-Congested
2462,132200274,0,4,0,4,r,G,1.0,Non-Congested,Congested
2462,181747232,2,1,1,1,r,G,5.0,Non-Congested,Non-Congested
2462,47217361,0,1,0,1,r,r,3.0,Non-Congested,Non-Congested
2462,cluster_2455590523_389713_47212064,1,0,0,0,r,r,1.0,Non-Congested,Non-Congested
2462,cluster_2461783448_38980632_5243070374,9,6,9,6,r,G,1.0,Congested,Non-Congested
2462,cluster_2461880040_2461880142_8131892137,2,3,0,0,r,G,0.0,Non-Congested,Non-Congested
2462,cluster_2461880136_4910664147_50607912_8131882097,0,2,0,1,G,r,2.0,Non-Congested,Non-Congested
2463,132200274,0,4,0,4,r,G,0.0,Non-Congested,Congested
2463,181747232,2,1,0,0,r,G,4.0,Non-Congested,Non-Congested
2463,47217361,0,1,0,1,r,r,2.0,Non-Congested,Non-Congested
2463,cluster_2461783448_38980632_5243070374,9,6,9,6,r,G,0.0,Congested,Non-Congested
2463,cluster_2461880040_2461880142_8131892137,3,3,0,0,r,G,1.0,Non-Congested,Non-Congested
2463,cluster_2461880136_4910664147_50607912_8131882097,0,1,0,1,G,r,1.0,Non-Congested,Non-Congested
2464,132200274,0,4,0,4,r,y,2.0,Non-Congested,Congested
2464,181747232,1,0,0,0,r,G,3.0,Non-Congested,Non-Congested
2464,47217361,0,1,0,1,r,r,1.0,Non-Congested,Non-Congested
2464,cluster_2461783448_38980632_5243070374,9,6,9,6,r,y,4.0,Congested,Non-Congested
2464,cluster_2461880040_2461880142_8131892137,3,4,0,0,r,G,0.0,Non-Congested,Non-Congested
2464,cluster_2461880136_4910664147_50607912_8131882097,0,1,0,1,G,r,0.0,Non-Congested,Non-Congested
2465,132200274,0,4,0,4,r,y,1.0,Non-Congested,Congested
2465,181747232,1,0,0,0,r,G,2.0,Non-Congested,Non-Congested
2465,47217361,0,1,0,1,r,r,0.0,Non-Congested,Non-Congested
2465,cluster_2461783448_38980632_5243070374,9,6,9,6,r,y,3.0,Congested,Non-Congested
2465,cluster_2461880040_2461880142_8131892137,4,5,0,0,r,G,1.0,Non-Congested,Congested
2465,cluster_2461880136_4910664147_50607912_8131882097,0,1,0,1,y,r,2.0,Non-Congested,Non-Congested
2466,132200274,0,4,0,4,r,y,0.0,Non-Congested,Congested
2466,181747232,1,0,0,0,r,G,1.0,Non-Congested,Non-Congested
2466,47217361,0,1,0,1,r,r,2.0,Non-Congested,Non-Congested
2466,cluster_2461783448_38980632_5243070374,9,6,9,6,r,y,2.0,Congested,Non-Congested
2466,cluster_2461880040_2461880142_8131892137,3,3,0,0,r,G,0.0,Non-Congested,Non-Congested
2466,cluster_2461880136_4910664147_50607912_8131882097,0,1,0,1,y,r,1.0,Non-Congested,Non-Congested
2467,132200274,0,4,0,4,G,r,4.0,Non-Congested,Congested
2467,181747232,1,0,0,0,r,G,0.0,Non-Congested,Non-Congested
2467,47217361,0,1,0,1,r,r,1.0,Non-Congested,Non-Congested
2467,cluster_2461783448_38980632_5243070374,9,6,9,6,r,y,1.0,Congested,Non-Congested
2467,cluster_2461880040_2461880142_8131892137,4,5,0,0,r,G,0.0,Non-Congested,Non-Congested
2467,cluster_2461880136_4910664147_50607912_8131882097,0,1,0,1,y,r,0.0,Non-Congested,Non-Congested
2468,132200274,0,4,0,4,G,r,3.0,Non-Congested,Congested
2468,181747232,1,0,0,0,r,y,3.0,Non-Congested,Non-Congested
2468,47217361,0,1,0,1,r,r,0.0,Non-Congested,Non-Congested
2468,cluster_2461783448_38980632_5243070374,9,6,9,6,r,y,0.0,Congested,Non-Congested
2468,cluster_2461880040_2461880142_8131892137,4,5,0,0,r,G,1.0,Non-Congested,Non-Congested
2468,cluster_2461880136_4910664147_50607912_8131882097,0,1,0,0,r,G,4.0,Non-Congested,Non-Congested
2469,132200274,0,4,0,4,G,r,2.0,Non-Congested,Congested
2469,181747232,1,0,0,0,r,y,2.0,Non-Congested,Non-Congested
2469,cluster_2461783448_38980632_5243070374,9,6,9,6,G,r,4.0,Congested,Non-Congested
2469,cluster_2461880040_2461880142_8131892137,3,4,0,0,r,G,0.0,Non-Congested,Non-Congested
2469,cluster_2461880136_4910664147_50607912_8131882097,0,1,0,0,r,G,3.0,Non-Congested,Non-Congested
2470,132200274,0,4,0,4,G,r,1.0,Non-Congested,Congested
2470,181747232,1,0,0,0,r,y,1.0,Non-Congested,Non-Congested
2470,cluster_2461783448_38980632_5243070374,9,6,9,6,G,r,3.0,Congested,Non-Congested
2470,cluster_2461880040_2461880142_8131892137,4,4,0,0,r,G,1.0,Non-Congested,Non-Congested
2470,cluster_2461880136_4910664147_50607912_8131882097,0,1,0,0,r,G,2.0,Non-Congested,Non-Congested
2470,cluster_59665162_8742497506,1,0,0,0,G,r,3.0,Congested,Non-Congested
2471,132200274,0,4,0,4,G,r,0.0,Non-Congested,Congested
2471,181747232,1,0,0,0,r,y,0.0,Non-Congested,Non-Congested
2471,cluster_2461783448_38980632_5243070374,9,6,9,6,G,r,2.0,Congested,Non-Congested
2471,cluster_2461880040_2461880142_8131892137,4,5,0,0,r,G,0.0,Non-Congested,Non-Congested
2471,cluster_2461880136_4910664147_50607912_8131882097,0,1,0,0,r,G,1.0,Non-Congested,Non-Congested
2472,132200274,0,4,0,4,y,r,2.0,Non-Congested,Congested
2472,181747232,1,0,0,0,G,r,6.0,Non-Congested,Non-Congested
2472,cluster_2461783448_38980632_5243070374,9,6,9,6,G,r,1.0,Congested,Non-Congested
2472,cluster_2461880040_2461880142_8131892137,4,4,0,0,r,G,1.0,Non-Congested,Non-Congested
2472,cluster_2461880136_4910664147_50607912_8131882097,0,1,0,0,r,G,0.0,Non-Congested,Non-Congested
2473,132200274,0,4,0,4,y,r,1.0,Non-Congested,Congested
2473,181747232,1,0,0,0,G,r,5.0,Non-Congested,Non-Congested
2473,47217361,1,0,0,0,r,G,0.0,Non-Congested,Non-Congested
2473,cluster_2461783448_38980632_5243070374,9,7,9,6,G,r,0.0,Congested,Non-Congested
2473,cluster_2461880040_2461880142_8131892137,3,4,0,0,r,G,0.0,Non-Congested,Non-Congested
2473,cluster_2461880136_4910664147_50607912_8131882097,0,2,0,0,r,y,2.0,Non-Congested,Non-Congested
2474,132200274,0,4,0,4,y,r,0.0,Non-Congested,Congested
2474,47217361,1,0,0,0,r,y,2.0,Non-Congested,Non-Congested
2474,cluster_2461783448_38980632_5243070374,9,7,9,6,G,r,4.0,Congested,Non-Congested
2474,cluster_2461880040_2461880142_8131892137,3,4,0,0,r,G,1.0,Non-Congested,Non-Congested
2474,cluster_2461880136_4910664147_50607912_8131882097,0,2,0,0,r,y,1.0,Non-Congested,Non-Congested
2475,132200274,0,4,0,4,r,G,4.0,Non-Congested,Congested
2475,181747232,1,1,0,0,G,r,3.0,Non-Congested,Non-Congested
2475,47217361,1,0,0,0,r,y,1.0,Non-Congested,Non-Congested
2475,cluster_2461783448_38980632_5243070374,9,7,9,6,G,r,3.0,Congested,Non-Congested
2475,cluster_2461880040_2461880142_8131892137,3,4,0,0,r,G,0.0,Non-Congested,Non-Congested
2475,cluster_2461880136_4910664147_50607912_8131882097,0,3,0,0,r,y,0.0,Non-Congested,Non-Congested
2476,132200274,0,4,0,4,r,G,3.0,Non-Congested,Congested
2476,181747232,1,1,0,0,G,r,2.0,Non-Congested,Non-Congested
2476,47217361,1,0,0,0,r,y,0.0,Non-Congested,Non-Congested
2476,cluster_2461783448_38980632_5243070374,9,6,9,6,G,r,2.0,Congested,Non-Congested
2476,cluster_2461880040_2461880142_8131892137,4,5,0,0,r,G,1.0,Non-Congested,Non-Congested
2476,cluster_2461880136_4910664147_50607912_8131882097,0,3,0,0,r,r,0.0,Non-Congested,Non-Congested
2477,132200274,0,4,0,4,r,G,2.0,Non-Congested,Congested
2477,181747232,1,1,0,0,G,r,1.0,Non-Congested,Non-Congested
2477,47217361,1,0,0,0,G,r,4.0,Non-Congested,Non-Congested
2477,cluster_2461783448_38980632_5243070374,9,6,9,6,G,r,1.0,Congested,Non-Congested
2477,cluster_2461880040_2461880142_8131892137,4,4,0,0,r,G,0.0,Non-Congested,Non-Congested
2477,cluster_2461880136_4910664147_50607912_8131882097,0,3,0,0,G,r,4.0,Non-Congested,Non-Congested
2478,132200274,0,4,0,4,r,G,1.0,Non-Congested,Congested
2478,181747232,1,1,0,0,G,r,0.0,Non-Congested,Non-Congested
2478,47217361,1,0,0,0,G,r,3.0,Non-Congested,Non-Congested
2478,cluster_2461783448_38980632_5243070374,9,7,9,6,G,r,0.0,Congested,Non-Congested
2478,cluster_2461880040_2461880142_8131892137,4,5,0,0,r,G,0.0,Non-Congested,Non-Congested
2478,cluster_2461880136_4910664147_50607912_8131882097,0,3,0,0,G,r,3.0,Non-Congested,Non-Congested
2479,132200274,0,4,0,4,r,G,0.0,Non-Congested,Congested
2479,181747232,1,1,0,0,y,r,3.0,Non-Congested,Non-Congested
2479,47217361,1,0,0,0,G,r,2.0,Non-Congested,Non-Congested
2479,cluster_2461783448_38980632_5243070374,9,7,9,6,G,r,9.0,Congested,Non-Congested
2479,cluster_2461880040_2461880142_8131892137,4,4,0,0,r,G,1.0,Non-Congested,Non-Congested
2479,cluster_2461880136_4910664147_50607912_8131882097,0,3,0,0,G,r,2.0,Non-Congested,Non-Congested
2480,132200274,0,4,0,4,r,y,2.0,Non-Congested,Congested
2480,181747232,1,1,0,0,y,r,2.0,Non-Congested,Non-Congested
2480,47217361,1,1,0,0,G,r,1.0,Non-Congested,Non-Congested
2480,cluster_2461783448_38980632_5243070374,9,7,9,6,G,r,8.0,Congested,Non-Congested
2480,cluster_2461880040_2461880142_8131892137,4,5,0,0,r,G,0.0,Non-Congested,Non-Congested
2480,cluster_2461880136_4910664147_50607912_8131882097,0,4,0,0,G,r,1.0,Non-Congested,Non-Congested
2481,132200274,0,4,0,4,r,y,1.0,Non-Congested,Congested
2481,181747232,1,1,0,0,y,r,1.0,Non-Congested,Non-Congested
2481,47217361,0,1,0,0,G,r,0.0,Non-Congested,Non-Congested
2481,cluster_2461783448_38980632_5243070374,9,7,9,6,G,r,7.0,Congested,Non-Congested
2481,cluster_2461880040_2461880142_8131892137,4,4,0,0,r,G,1.0,Non-Congested,Non-Congested
2481,cluster_2461880136_4910664147_50607912_8131882097,0,4,0,0,G,r,0.0,Non-Congested,Non-Congested
2482,132200274,0,4,0,4,r,y,0.0,Non-Congested,Congested
2482,181747232,1,1,0,0,y,r,0.0,Non-Congested,Non-Congested
2482,47217361,0,1,0,0,y,r,2.0,Non-Congested,Non-Congested
2482,cluster_2455590523_389713_47212064,0,1,0,0,r,r,6.0,Non-Congested,Congested
2482,cluster_2461783448_38980632_5243070374,9,6,9,6,G,r,6.0,Congested,Non-Congested
2482,cluster_2461880040_2461880142_8131892137,4,5,0,0,r,G,0.0,Non-Congested,Non-Congested
2482,cluster_2461880136_4910664147_50607912_8131882097,0,4,0,1,y,r,2.0,Non-Congested,Non-Congested
2482,cluster_59665162_8742497506,1,0,0,0,r,G,0.0,Non-Congested,Non-Congested
2483,132200274,0,4,0,4,G,r,4.0,Non-Congested,Congested
2483,181747232,1,1,0,0,r,G,6.0,Non-Congested,Non-Congested
2483,47217361,0,1,0,0,y,r,1.0,Non-Congested,Non-Congested
2483,cluster_2455590523_389713_47212064,0,1,0,0,r,r,5.0,Non-Congested,Congested
2483,cluster_2461783448_38980632_5243070374,9,6,9,6,G,r,5.0,Congested,Non-Congested
2483,cluster_2461880040_2461880142_8131892137,4,4,0,0,r,G,1.0,Non-Congested,Non-Congested
2483,cluster_2461880136_4910664147_50607912_8131882097,0,4,0,1,y,r,1.0,Non-Congested,Non-Congested
2483,cluster_59665162_8742497506,1,0,0,0,r,y,2.0,Non-Congested,Non-Congested
2484,132200274,0,4,0,4,G,r,3.0,Non-Congested,Congested
2484,181747232,1,1,0,0,r,G,5.0,Non-Congested,Non-Congested
2484,47217361,0,1,0,0,y,r,0.0,Non-Congested,Non-Congested
2484,cluster_2455590523_389713_47212064,0,1,0,1,r,r,4.0,Non-Congested,Congested
2484,cluster_2461783448_38980632_5243070374,9,6,9,6,G,r,4.0,Congested,Non-Congested
2484,cluster_2461880040_2461880142_8131892137,3,4,0,0,r,G,0.0,Non-Congested,Non-Congested
2484,cluster_2461880136_4910664147_50607912_8131882097,0,4,0,1,y,r,0.0,Non-Congested,Non-Congested
2484,cluster_59665162_8742497506,1,0,1,0,r,y,1.0,Non-Congested,Non-Congested
2485,132200274,0,4,0,4,G,r,2.0,Non-Congested,Congested
2485,181747232,1,1,0,0,r,G,4.0,Non-Congested,Non-Congested
2485,47217361,0,1,0,0,r,r,4.0,Non-Congested,Non-Congested
2485,cluster_2455590523_389713_47212064,0,1,0,1,r,r,3.0,Non-Congested,Congested
2485,cluster_2461783448_38980632_5243070374,9,7,9,6,G,r,3.0,Congested,Non-Congested
2485,cluster_2461880040_2461880142_8131892137,4,4,0,0,r,G,1.0,Non-Congested,Non-Congested
2485,cluster_2461880136_4910664147_50607912_8131882097,0,4,0,0,r,G,4.0,Non-Congested,Non-Congested
2485,cluster_59665162_8742497506,1,0,1,0,r,y,0.0,Non-Congested,Non-Congested
2486,132200274,0,4,0,4,G,r,1.0,Non-Congested,Congested
2486,47217361,0,1,0,0,r,r,3.0,Non-Congested,Non-Congested
2486,cluster_2455590523_389713_47212064,1,1,0,1,r,r,2.0,Non-Congested,Congested
2486,cluster_2461783448_38980632_5243070374,9,7,9,6,G,r,2.0,Congested,Non-Congested
2486,cluster_2461880040_2461880142_8131892137,3,4,0,0,r,G,0.0,Non-Congested,Non-Congested
2486,cluster_2461880136_4910664147_50607912_8131882097,0,3,0,0,r,G,3.0,Non-Congested,Non-Congested
2487,132200274,0,4,0,4,G,r,0.0,Non-Congested,Congested
2487,47217361,0,1,0,0,r,r,2.0,Non-Congested,Non-Congested
2487,cluster_2455590523_389713_47212064,1,1,0,1,r,r,1.0,Non-Congested,Congested
2487,cluster_2461783448_38980632_5243070374,9,7,9,6,G,r,1.0,Congested,Non-Congested
2487,cluster_2461880040_2461880142_8131892137,4,4,0,0,r,G,1.0,Non-Congested,Non-Congested
2487,cluster_2461880136_4910664147_50607912_8131882097,0,4,0,0,r,G,2.0,Non-Congested,Non-Congested
2488,132200274,0,4,0,4,y,r,2.0,Non-Congested,Congested
2488,47217361,0,1,0,0,r,r,1.0,Non-Congested,Non-Congested
2488,cluster_2455590523_389713_47212064,1,1,0,1,r,r,0.0,Non-Congested,Congested
2488,cluster_2461783448_38980632_5243070374,9,7,9,6,G,r,0.0,Congested,Non-Congested
2488,cluster_2461880040_2461880142_8131892137,3,4,0,0,r,G,0.0,Non-Congested,Non-Congested
2488,cluster_2461880136_4910664147_50607912_8131882097,0,4,0,0,r,G,1.0,Non-Congested,Non-Congested
2489,132200274,0,4,0,4,y,r,1.0,Non-Congested,Congested
2489,47217361,0,1,0,0,r,r,0.0,Non-Congested,Non-Congested
2489,cluster_2455590523_389713_47212064,1,1,0,1,r,r,1.0,Non-Congested,Congested
2489,cluster_2461783448_38980632_5243070374,9,7,9,6,y,r,4.0,Congested,Non-Congested
2489,cluster_2461880040_2461880142_8131892137,4,4,0,0,r,G,1.0,Non-Congested,Non-Congested
2489,cluster_2461880136_4910664147_50607912_8131882097,0,6,0,0,r,G,0.0,Non-Congested,Non-Congested
2490,132200274,0,4,0,4,y,r,0.0,Non-Congested,Congested
2490,47217361,0,1,0,0,r,r,2.0,Non-Congested,Non-Congested
2490,cluster_2455590523_389713_47212064,1,1,0,1,r,r,0.0,Non-Congested,Congested
2490,cluster_2461783448_38980632_5243070374,9,7,9,6,y,r,3.0,Congested,Non-Congested
2490,cluster_2461880040_2461880142_8131892137,3,4,0,0,r,G,0.0,Non-Congested,Non-Congested
2490,cluster_2461880136_4910664147_50607912_8131882097,0,6,0,0,r,G,0.0,Non-Congested,Non-Congested
2490,cluster_59665162_8742497506,1,0,0,0,G,r,0.0,Congested,Non-Congested
2491,132200274,0,4,0,4,r,G,4.0,Non-Congested,Congested
2491,47217361,0,1,0,0,r,r,1.0,Non-Congested,Non-Congested
2491,cluster_2455590523_389713_47212064,1,1,1,1,r,r,0.0,Non-Congested,Congested
2491,cluster_2461783448_38980632_5243070374,9,7,9,6,y,r,2.0,Congested,Non-Congested
2491,cluster_2461880040_2461880142_8131892137,4,4,0,0,r,G,1.0,Non-Congested,Non-Congested
2491,cluster_2461880136_4910664147_50607912_8131882097,0,7,0,0,r,G,1.0,Non-Congested,Non-Congested
2492,132200274,0,4,0,4,r,G,3.0,Non-Congested,Congested
2492,47217361,0,1,0,0,r,r,0.0,Non-Congested,Non-Congested
2492,cluster_2455590523_389713_47212064,2,1,1,1,r,r,0.0,Congested,Congested
2492,cluster_2461783448_38980632_5243070374,9,7,9,7,y,r,1.0,Congested,Non-Congested
2492,cluster_2461880040_2461880142_8131892137,3,4,0,0,r,G,0.0,Non-Congested,Non-Congested
2492,cluster_2461880136_4910664147_50607912_8131882097,0,7,0,0,r,G,0.0,Non-Congested,Non-Congested
2493,132200274,0,4,0,4,r,G,2.0,Non-Congested,Congested
2493,47217361,0,1,0,0,r,G,4.0,Non-Congested,Non-Congested
2493,cluster_2455590523_389713_47212064,1,1,1,1,r,r,3.0,Non-Congested,Congested
2493,cluster_2461783448_38980632_5243070374,9,7,9,7,y,r,0.0,Congested,Non-Congested
2493,cluster_2461880040_2461880142_8131892137,4,4,0,0,r,G,1.0,Non-Congested,Non-Congested
2493,cluster_2461880136_4910664147_50607912_8131882097,0,8,0,0,r,G,1.0,Non-Congested,Non-Congested
2494,132200274,0,4,0,4,r,G,1.0,Non-Congested,Congested
2494,47217361,0,1,0,0,r,G,3.0,Non-Congested,Non-Congested
2494,cluster_2455590523_389713_47212064,1,1,1,1,r,r,2.0,Non-Congested,Congested
2494,cluster_2461783448_38980632_5243070374,9,7,9,7,r,G,4.0,Congested,Non-Congested
2494,cluster_2461880040_2461880142_8131892137,3,3,0,0,r,G,0.0,Non-Congested,Non-Congested
2494,cluster_2461880136_4910664147_50607912_8131882097,0,8,0,0,r,G,0.0,Non-Congested,Non-Congested
2495,132200274,0,4,0,4,r,G,0.0,Non-Congested,Congested
2495,47217361,0,1,0,0,r,G,2.0,Non-Congested,Non-Congested
2495,cluster_2455590523_389713_47212064,1,1,1,1,r,r,1.0,Non-Congested,Congested
2495,cluster_2461783448_38980632_5243070374,9,7,9,7,r,G,3.0,Congested,Non-Congested
2495,cluster_2461880040_2461880142_8131892137,4,5,0,0,r,G,0.0,Non-Congested,Congested
2495,cluster_2461880136_4910664147_50607912_8131882097,0,8,0,0,r,G,1.0,Non-Congested,Non-Congested
2496,132200274,0,4,0,4,r,y,2.0,Non-Congested,Congested
2496,181747232,1,0,0,0,G,r,4.0,Non-Congested,Non-Congested
2496,cluster_2455590523_389713_47212064,1,1,1,1,r,r,0.0,Non-Congested,Congested
2496,cluster_2461783448_38980632_5243070374,9,7,9,7,r,G,2.0,Congested,Non-Congested
2496,cluster_2461880040_2461880142_8131892137,3,3,0,0,r,G,0.0,Non-Congested,Non-Congested
2496,cluster_2461880136_4910664147_50607912_8131882097,0,9,0,0,r,G,0.0,Non-Congested,Non-Congested
2497,132200274,0,4,0,4,r,y,1.0,Non-Congested,Congested
2497,181747232,1,0,0,0,G,r,3.0,Non-Congested,Non-Congested
2497,cluster_2455590523_389713_47212064,2,0,1,0,r,G,4.0,Non-Congested,Congested
2497,cluster_2461783448_38980632_5243070374,9,7,9,7,r,G,1.0,Congested,Non-Congested
2497,cluster_2461880040_2461880142_8131892137,4,5,0,0,r,y,4.0,Non-Congested,Non-Congested
2497,cluster_2461880136_4910664147_50607912_8131882097,0,8,0,0,r,G,1.0,Non-Congested,Non-Congested
2498,132200274,0,4,0,4,r,y,0.0,Non-Congested,Congested
2498,181747232,1,0,0,0,G,r,2.0,Non-Congested,Non-Congested
2498,47217361,0,1,0,0,r,y,2.0,Non-Congested,Non-Congested
2498,cluster_2455590523_389713_47212064,1,0,1,0,r,G,3.0,Congested,Non-Congested
2498,cluster_2461783448_38980632_5243070374,9,7,9,7,r,G,0.0,Congested,Non-Congested
2498,cluster_2461880040_2461880142_8131892137,3,4,0,0,r,y,3.0,Non-Congested,Non-Congested
2498,cluster_2461880136_4910664147_50607912_8131882097,0,9,0,0,r,G,0.0,Non-Congested,Non-Congested
2499,132200274,0,4,0,4,G,r,4.0,Non-Congested,Congested
2499,181747232,1,0,0,0,G,r,1.0,Non-Congested,Non-Congested
2499,47217361,0,1,0,0,r,y,1.0,Non-Congested,Non-Congested
2499,cluster_2455590523_389713_47212064,1,0,1,0,r,G,2.0,Non-Congested,Non-Congested
2499,cluster_2461783448_38980632_5243070374,9,7,8,7,r,y,4.0,Congested,Non-Congested
2499,cluster_2461880040_2461880142_8131892137,3,4,0,0,r,y,2.0,Non-Congested,Non-Congested
2499,cluster_2461880136_4910664147_50607912_8131882097,0,9,0,0,r,G,1.0,Non-Congested,Non-Congested
2500,132200274,0,4,0,4,G,r,3.0,Non-Congested,Congested
2500,181747232,1,0,0,0,G,r,0.0,Non-Congested,Non-Congested
2500,47217361,0,1,0,0,r,y,0.0,Non-Congested,Non-Congested
2500,cluster_2455590523_389713_47212064,2,0,1,0,r,G,1.0,Non-Congested,Non-Congested
2500,cluster_2461783448_38980632_5243070374,8,7,7,7,r,y,3.0,Congested,Non-Congested
2500,cluster_2461880040_2461880142_8131892137,2,4,0,0,r,y,1.0,Non-Congested,Congested
2500,cluster_2461880136_4910664147_50607912_8131882097,0,10,0,0,r,G,0.0,Non-Congested,Non-Congested
2501,132200274,0,4,0,4,G,r,2.0,Non-Congested,Congested
2501,181747232,1,0,0,0,y,r,3.0,Non-Congested,Non-Congested
2501,47217361,0,1,0,0,G,r,4.0,Non-Congested,Non-Congested
2501,cluster_2455590523_389713_47212064,2,0,1,0,r,G,0.0,Non-Congested,Non-Congested
2501,cluster_2461783448_38980632_5243070374,8,7,6,7,r,y,2.0,Congested,Non-Congested
2501,cluster_2461880040_2461880142_8131892137,2,4,0,0,r,y,0.0,Non-Congested,Congested
2501,cluster_2461880136_4910664147_50607912_8131882097,0,10,0,0,r,G,1.0,Non-Congested,Non-Congested
2502,132200274,0,4,0,4,G,r,1.0,Non-Congested,Congested
2502,181747232,1,0,0,0,y,r,2.0,Non-Congested,Non-Congested
2502,47217361,0,1,0,0,G,r,3.0,Non-Congested,Non-Congested
2502,cluster_2455590523_389713_47212064,2,1,1,0,r,G,1.0,Non-Congested,Non-Congested
2502,cluster_2461783448_38980632_5243070374,8,7,5,7,r,y,1.0,Congested,Non-Congested
2502,cluster_2461880040_2461880142_8131892137,1,3,0,1,r,r,4.0,Non-Congested,Congested
2502,cluster_2461880136_4910664147_50607912_8131882097,0,11,0,0,r,G,0.0,Non-Congested,Non-Congested
2503,132200274,0,4,0,4,G,r,0.0,Non-Congested,Congested
2503,181747232,1,0,0,0,y,r,1.0,Non-Congested,Non-Congested
2503,47217361,0,1,0,0,G,r,2.0,Non-Congested,Non-Congested
2503,cluster_2455590523_389713_47212064,2,1,1,0,r,G,0.0,Non-Congested,Non-Congested
2503,cluster_2461783448_38980632_5243070374,8,7,5,7,r,y,0.0,Congested,Non-Congested
2503,cluster_2461880040_2461880142_8131892137,1,3,0,1,r,r,3.0,Non-Congested,Congested
2503,cluster_2461880136_4910664147_50607912_8131882097,0,9,0,0,r,G,0.0,Non-Congested,Non-Congested
2504,132200274,0,4,0,4,y,r,2.0,Non-Congested,Congested
2504,181747232,1,0,0,0,y,r,0.0,Non-Congested,Non-Congested
2504,47217361,0,1,0,0,G,r,1.0,Non-Congested,Non-Congested
2504,cluster_2455590523_389713_47212064,2,1,1,0,r,G,0.0,Non-Congested,Non-Congested
2504,cluster_2461783448_38980632_5243070374,8,7,4,7,G,r,4.0,Congested,Non-Congested
2504,cluster_2461880040_2461880142_8131892137,0,2,0,2,r,r,2.0,Non-Congested,Congested
2504,cluster_2461880136_4910664147_50607912_8131882097,0,11,0,0,r,G,1.0,Non-Congested,Non-Congested
2505,132200274,0,4,0,4,y,r,1.0,Non-Congested,Congested
2505,181747232,1,0,0,0,r,G,6.0,Non-Congested,Non-Congested
2505,47217361,0,1,0,0,G,r,0.0,Non-Congested,Non-Congested
2505,cluster_2455590523_389713_47212064,2,1,1,0,r,y,3.0,Non-Congested,Non-Congested
2505,cluster_2461783448_38980632_5243070374,6,7,3,7,G,r,3.0,Congested,Non-Congested
2505,cluster_2461880040_2461880142_8131892137,0,2,0,2,r,r,1.0,Non-Congested,Congested
2505,cluster_2461880136_4910664147_50607912_8131882097,0,9,0,0,r,G,0.0,Non-Congested,Non-Congested
2506,132200274,0,4,0,4,y,r,0.0,Non-Congested,Congested
2506,181747232,1,0,0,0,r,G,5.0,Non-Congested,Non-Congested
2506,47217361,0,1,0,0,y,r,2.0,Non-Congested,Non-Congested
2506,cluster_2455590523_389713_47212064,2,1,2,0,r,y,2.0,Non-Congested,Non-Congested
2506,cluster_2461783448_38980632_5243070374,6,7,2,7,G,r,2.0,Congested,Non-Congested
2506,cluster_2461880040_2461880142_8131892137,0,2,0,2,r,r,0.0,Non-Congested,Congested
2506,cluster_2461880136_4910664147_50607912_8131882097,0,11,0,0,r,G,1.0,Non-Congested,Non-Congested
2507,132200274,0,4,0,4,r,G,4.0,Non-Congested,Congested
2507,181747232,1,0,0,0,r,G,4.0,Non-Congested,Non-Congested
2507,47217361,0,1,0,0,y,r,1.0,Non-Congested,Non-Congested
2507,cluster_2455590523_389713_47212064,2,0,2,0,r,y,1.0,Non-Congested,Non-Congested
2507,cluster_2461783448_38980632_5243070374,7,8,1,7,G,r,1.0,Non-Congested,Non-Congested
2507,cluster_2461880040_2461880142_8131892137,0,2,0,2,r,r,1.0,Non-Congested,Congested
2507,cluster_2461880136_4910664147_50607912_8131882097,0,9,0,0,r,G,0.0,Non-Congested,Non-Congested
2508,132200274,0,4,0,4,r,G,3.0,Non-Congested,Congested
2508,181747232,1,0,0,0,r,G,3.0,Non-Congested,Non-Congested
2508,47217361,0,1,0,0,y,r,0.0,Non-Congested,Non-Congested
2508,cluster_2455590523_389713_47212064,2,1,2,0,r,y,0.0,Non-Congested,Non-Congested
2508,cluster_2461783448_38980632_5243070374,6,8,1,7,G,r,0.0,Non-Congested,Non-Congested
2508,cluster_2461880040_2461880142_8131892137,0,2,0,2,r,r,0.0,Non-Congested,Congested
2508,cluster_2461880136_4910664147_50607912_8131882097,0,11,0,0,r,G,1.0,Non-Congested,Non-Congested
2509,132200274,0,4,0,4,r,G,2.0,Non-Congested,Congested
2509,181747232,1,0,0,0,r,G,2.0,Non-Congested,Non-Congested
2509,47217361,0,1,0,0,r,r,4.0,Non-Congested,Non-Congested
2509,cluster_2455590523_389713_47212064,1,1,1,0,G,r,4.0,Non-Congested,Congested
2509,cluster_2461783448_38980632_5243070374,6,8,1,7,G,r,0.0,Non-Congested,Non-Congested
2509,cluster_2461880040_2461880142_8131892137,0,2,0,2,r,r,1.0,Non-Congested,Congested
2509,cluster_2461880136_4910664147_50607912_8131882097,0,9,0,0,r,G,0.0,Non-Congested,Non-Congested
2510,132200274,0,4,0,4,r,G,1.0,Non-Congested,Congested
2510,181747232,1,0,0,0,r,G,1.0,Non-Congested,Non-Congested
2510,47217361,0,1,0,0,r,r,3.0,Non-Congested,Non-Congested
2510,cluster_2455590523_389713_47212064,1,0,0,0,G,r,3.0,Non-Congested,Non-Congested
2510,cluster_2461783448_38980632_5243070374,5,9,1,7,G,r,1.0,Non-Congested,Non-Congested
2510,cluster_2461880040_2461880142_8131892137,0,2,0,2,r,r,0.0,Non-Congested,Congested
2510,cluster_2461880136_4910664147_50607912_8131882097,0,11,0,0,r,G,1.0,Non-Congested,Non-Congested
2511,132200274,0,4,0,4,r,G,0.0,Non-Congested,Congested
2511,181747232,1,0,0,0,r,G,0.0,Non-Congested,Non-Congested
2511,47217361,0,1,0,0,r,r,2.0,Non-Congested,Non-Congested
2511,cluster_2455590523_389713_47212064,1,1,0,0,G,r,2.0,Non-Congested,Non-Congested
2511,cluster_2461783448_38980632_5243070374,4,10,1,7,G,r,0.0,Non-Congested,Non-Congested
2511,cluster_2461880040_2461880142_8131892137,0,2,0,2,r,r,1.0,Non-Congested,Congested
2511,cluster_2461880136_4910664147_50607912_8131882097,0,10,0,0,r,G,0.0,Non-Congested,Non-Congested
2512,132200274,0,4,0,4,r,y,2.0,Non-Congested,Congested
2512,181747232,1,0,0,0,r,y,3.0,Non-Congested,Non-Congested
2512,47217361,0,1,0,0,r,r,1.0,Non-Congested,Non-Congested
2512,cluster_2455590523_389713_47212064,1,1,0,0,G,r,1.0,Non-Congested,Non-Congested
2512,cluster_2461783448_38980632_5243070374,6,10,1,7,G,r,1.0,Non-Congested,Non-Congested
2512,cluster_2461880040_2461880142_8131892137,0,2,0,2,r,r,0.0,Non-Congested,Congested
2512,cluster_2461880136_4910664147_50607912_8131882097,0,11,0,0,r,G,1.0,Non-Congested,Non-Congested
2513,132200274,0,4,0,4,r,y,1.0,Non-Congested,Congested
2513,181747232,1,0,0,0,r,y,2.0,Non-Congested,Non-Congested
2513,47217361,0,1,0,0,r,r,0.0,Non-Congested,Non-Congested
2513,cluster_2455590523_389713_47212064,0,1,0,0,G,r,0.0,Non-Congested,Non-Congested
2513,cluster_2461783448_38980632_5243070374,6,10,1,8,G,r,0.0,Non-Congested,Non-Congested
2513,cluster_2461880040_2461880142_8131892137,0,2,0,2,r,r,1.0,Non-Congested,Congested
2513,cluster_2461880136_4910664147_50607912_8131882097,0,11,0,0,r,G,0.0,Non-Congested,Non-Congested
2514,132200274,0,4,0,4,r,y,0.0,Non-Congested,Congested
2514,181747232,1,0,0,0,r,y,1.0,Non-Congested,Non-Congested
2514,47217361,0,1,0,0,r,r,2.0,Non-Congested,Non-Congested
2514,cluster_2455590523_389713_47212064,1,2,0,1,G,r,0.0,Non-Congested,Non-Congested
2514,cluster_2461783448_38980632_5243070374,5,9,1,8,G,r,1.0,Non-Congested,Non-Congested
2514,cluster_2461880040_2461880142_8131892137,0,2,0,2,r,r,0.0,Non-Congested,Congested
2514,cluster_2461880136_4910664147_50607912_8131882097,0,11,0,0,r,G,1.0,Non-Congested,Non-Congested
2515,132200274,0,4,0,4,G,r,4.0,Non-Congested,Congested
2515,181747232,1,0,0,0,r,y,0.0,Non-Congested,Non-Congested
2515,47217361,0,1,0,0,r,r,1.0,Non-Congested,Non-Congested
2515,cluster_2455590523_389713_47212064,0,2,0,1,y,r,3.0,Non-Congested,Non-Congested
2515,cluster_2461783448_38980632_5243070374,7,9,1,8,G,r,0.0,Non-Congested,Non-Congested
2515,cluster_2461880040_2461880142_8131892137,0,2,0,2,r,r,1.0,Non-Congested,Congested
2515,cluster_2461880136_4910664147_50607912_8131882097,0,12,0,0,r,G,0.0,Non-Congested,Non-Congested
2516,132200274,0,4,0,4,G,r,3.0,Non-Congested,Congested
2516,181747232,1,0,0,0,G,r,6.0,Non-Congested,Non-Congested
2516,47217361,0,1,0,0,r,r,0.0,Non-Congested,Non-Congested
2516,cluster_2455590523_389713_47212064,0,2,0,1,y,r,2.0,Non-Congested,Non-Congested
2516,cluster_2461783448_38980632_5243070374,6,9,1,9,G,r,1.0,Non-Congested,Non-Congested
2516,cluster_2461880040_2461880142_8131892137,0,2,0,2,r,r,0.0,Non-Congested,Congested
2516,cluster_2461880136_4910664147_50607912_8131882097,0,12,0,0,r,G,1.0,Non-Congested,Non-Congested
2517,132200274,0,4,0,4,G,r,2.0,Non-Congested,Congested
2517,181747232,1,0,0,0,G,r,5.0,Non-Congested,Non-Congested
2517,cluster_2455590523_389713_47212064,0,1,0,1,y,r,1.0,Non-Congested,Non-Congested
2517,cluster_2461783448_38980632_5243070374,7,9,2,9,G,r,0.0,Congested,Non-Congested
2517,cluster_2461880040_2461880142_8131892137,0,2,0,2,r,r,1.0,Non-Congested,Congested
2517,cluster_2461880136_4910664147_50607912_8131882097,0,11,0,0,r,G,0.0,Non-Congested,Non-Congested
2518,132200274,0,4,0,4,G,r,1.0,Non-Congested,Congested
2518,181747232,1,0,0,0,G,r,4.0,Non-Congested,Non-Congested
2518,cluster_2455590523_389713_47212064,1,1,0,1,y,r,0.0,Congested,Non-Congested
2518,cluster_2461783448_38980632_5243070374,8,9,3,9,G,r,0.0,Congested,Non-Congested
2518,cluster_2461880040_2461880142_8131892137,0,2,0,2,r,r,0.0,Non-Congested,Congested
2518,cluster_2461880136_4910664147_50607912_8131882097,0,12,0,0,r,G,1.0,Non-Congested,Non-Congested
2519,132200274,0,4,0,4,G,r,0.0,Non-Congested,Congested
2519,181747232,1,0,0,0,G,r,3.0,Non-Congested,Non-Congested
2519,47217361,0,1,0,0,r,G,2.0,Non-Congested,Non-Congested
2519,cluster_2455590523_389713_47212064,0,1,0,1,r,r,6.0,Non-Congested,Congested
2519,cluster_2461783448_38980632_5243070374,8,9,3,9,G,r,1.0,Congested,Non-Congested
2519,cluster_2461880040_2461880142_8131892137,0,2,0,2,r,r,1.0,Non-Congested,Congested
2519,cluster_2461880136_4910664147_50607912_8131882097,0,11,0,0,r,G,0.0,Non-Congested,Non-Congested
2520,132200274,0,4,0,4,y,r,2.0,Non-Congested,Congested
2520,181747232,1,0,0,0,G,r,2.0,Non-Congested,Non-Congested
2520,47217361,1,1,0,0,r,G,1.0,Non-Congested,Non-Congested
2520,cluster_2455590523_389713_47212064,0,1,0,1,r,r,5.0,Non-Congested,Congested
2520,cluster_2461783448_38980632_5243070374,9,9,4,9,G,r,0.0,Congested,Non-Congested
2520,cluster_2461880040_2461880142_8131892137,0,2,0,2,r,r,0.0,Non-Congested,Congested
2520,cluster_2461880136_4910664147_50607912_8131882097,0,11,0,0,r,G,1.0,Non-Congested,Non-Congested
2521,132200274,0,4,0,4,y,r,1.0,Non-Congested,Congested
2521,181747232,1,0,0,0,G,r,1.0,Non-Congested,Non-Congested
2521,47217361,1,1,0,0,r,G,0.0,Non-Congested,Non-Congested
2521,cluster_1420096799_47154676,1,0,0,0,r,r,5.0,Non-Congested,Non-Congested
2521,cluster_2455590523_389713_47212064,0,1,0,1,r,r,4.0,Non-Congested,Congested
2521,cluster_2461783448_38980632_5243070374,9,9,5,9,G,r,0.0,Congested,Non-Congested
2521,cluster_2461880040_2461880142_8131892137,0,2,0,2,r,r,1.0,Non-Congested,Congested
2521,cluster_2461880136_4910664147_50607912_8131882097,0,9,0,0,r,G,0.0,Non-Congested,Non-Congested
2522,132200274,0,4,0,4,y,r,0.0,Non-Congested,Congested
2522,181747232,1,0,0,0,G,r,0.0,Non-Congested,Non-Congested
2522,47217361,1,1,0,0,r,y,2.0,Non-Congested,Non-Congested
2522,cluster_1420096799_47154676,1,0,0,0,r,r,4.0,Non-Congested,Non-Congested
2522,cluster_2455590523_389713_47212064,0,1,0,1,r,r,3.0,Non-Congested,Non-Congested
2522,cluster_2461783448_38980632_5243070374,9,9,6,9,G,r,0.0,Congested,Non-Congested
2522,cluster_2461880040_2461880142_8131892137,0,2,0,2,r,r,0.0,Non-Congested,Congested
2522,cluster_2461880136_4910664147_50607912_8131882097,0,9,0,0,r,G,1.0,Non-Congested,Non-Congested
2523,132200274,0,4,0,4,r,G,4.0,Non-Congested,Congested
2523,47217361,1,1,0,0,r,y,1.0,Non-Congested,Non-Congested
2523,cluster_1420096799_47154676,1,0,0,0,r,r,3.0,Non-Congested,Non-Congested
2523,cluster_2455590523_389713_47212064,0,1,0,1,r,r,2.0,Non-Congested,Non-Congested
2523,cluster_2461783448_38980632_5243070374,9,9,8,9,G,r,4.0,Congested,Non-Congested
2523,cluster_2461880040_2461880142_8131892137,0,2,0,2,r,r,1.0,Non-Congested,Congested
2523,cluster_2461880136_4910664147_50607912_8131882097,0,9,0,0,r,G,0.0,Non-Congested,Non-Congested
2524,132200274,0,4,0,4,r,G,3.0,Non-Congested,Congested
2524,181747232,1,1,0,0,G,r,0.0,Non-Congested,Non-Congested
2524,47217361,1,2,0,0,r,y,0.0,Non-Congested,Non-Congested
2524,cluster_1420096799_47154676,1,0,0,0,r,r,2.0,Non-Congested,Non-Congested
2524,cluster_2455590523_389713_47212064,0,1,0,1,r,r,1.0,Non-Congested,Non-Congested
2524,cluster_2461783448_38980632_5243070374,9,9,8,9,G,r,3.0,Congested,Non-Congested
2524,cluster_2461880040_2461880142_8131892137,0,2,0,2,r,r,0.0,Non-Congested,Congested
2524,cluster_2461880136_4910664147_50607912_8131882097,0,8,0,0,r,G,1.0,Non-Congested,Non-Congested
2525,132200274,0,4,0,4,r,G,2.0,Non-Congested,Congested
2525,181747232,1,1,0,0,y,r,3.0,Non-Congested,Non-Congested
2525,47217361,1,2,0,0,G,r,4.0,Non-Congested,Non-Congested
2525,cluster_1420096799_47154676,1,0,0,0,r,r,1.0,Non-Congested,Non-Congested
2525,cluster_2455590523_389713_47212064,0,3,0,1,r,r,0.0,Non-Congested,Non-Congested
2525,cluster_2461783448_38980632_5243070374,9,9,8,9,G,r,2.0,Congested,Non-Congested
2525,cluster_2461880040_2461880142_8131892137,0,2,0,2,r,r,1.0,Non-Congested,Congested
2525,cluster_2461880136_4910664147_50607912_8131882097,0,6,0,0,r,G,0.0,Non-Congested,Non-Congested
2526,132200274,0,4,0,4,r,G,1.0,Non-Congested,Congested
2526,181747232,1,1,0,0,y,r,2.0,Non-Congested,Non-Congested
2526,47217361,1,2,0,0,G,r,3.0,Non-Congested,Non-Congested
2526,cluster_1420096799_47154676,1,0,0,0,r,r,0.0,Non-Congested,Non-Congested
2526,cluster_2455590523_389713_47212064,0,3,0,1,r,r,3.0,Non-Congested,Non-Congested
2526,cluster_2461783448_38980632_5243070374,9,9,9,9,G,r,1.0,Congested,Non-Congested
2526,cluster_2461880040_2461880142_8131892137,0,2,0,2,r,r,0.0,Non-Congested,Congested
2526,cluster_2461880136_4910664147_50607912_8131882097,0,6,0,0,r,G,1.0,Non-Congested,Non-Congested
2527,132200274,0,4,0,4,r,G,0.0,Non-Congested,Congested
2527,181747232,1,1,0,0,y,r,1.0,Non-Congested,Non-Congested
2527,47217361,0,2,0,0,G,r,2.0,Non-Congested,Non-Congested
2527,cluster_1420096799_47154676,1,0,0,0,r,r,3.0,Non-Congested,Non-Congested
2527,cluster_2455590523_389713_47212064,0,1,0,1,r,r,2.0,Non-Congested,Non-Congested
2527,cluster_2461783448_38980632_5243070374,9,9,9,9,G,r,0.0,Congested,Non-Congested
2527,cluster_2461880040_2461880142_8131892137,0,2,0,2,r,r,1.0,Non-Congested,Congested
2527,cluster_2461880136_4910664147_50607912_8131882097,0,6,0,0,r,G,0.0,Non-Congested,Non-Congested
2528,132200274,0,4,0,4,r,y,2.0,Non-Congested,Congested
2528,181747232,1,1,0,0,y,r,0.0,Non-Congested,Non-Congested
2528,47217361,0,2,0,0,G,r,1.0,Non-Congested,Non-Congested
2528,cluster_1420096799_47154676,1,0,0,0,r,r,2.0,Non-Congested,Non-Congested
2528,cluster_2455590523_389713_47212064,1,1,0,1,r,r,1.0,Non-Congested,Non-Congested
2528,cluster_2461783448_38980632_5243070374,9,9,9,9,G,r,9.0,Congested,Non-Congested
2528,cluster_2461880040_2461880142_8131892137,0,2,0,2,r,r,0.0,Non-Congested,Congested
2528,cluster_2461880136_4910664147_50607912_8131882097,0,4,0,0,r,G,1.0,Non-Congested,Non-Congested
2529,132200274,0,4,0,4,r,y,1.0,Non-Congested,Congested
2529,181747232,1,1,0,0,r,G,6.0,Non-Congested,Non-Congested
2529,47217361,0,2,0,0,G,r,0.0,Non-Congested,Non-Congested
2529,cluster_1420096799_47154676,1,0,0,0,r,r,1.0,Non-Congested,Non-Congested
2529,cluster_2455590523_389713_47212064,0,1,0,1,r,r,0.0,Non-Congested,Non-Congested
2529,cluster_2461783448_38980632_5243070374,9,9,9,9,G,r,8.0,Congested,Non-Congested
2529,cluster_2461880040_2461880142_8131892137,0,2,0,2,r,r,1.0,Non-Congested,Congested
2529,cluster_2461880136_4910664147_50607912_8131882097,0,4,0,0,r,G,0.0,Non-Congested,Non-Congested
2530,132200274,0,4,0,4,r,y,0.0,Non-Congested,Congested
2530,181747232,1,1,0,0,r,G,5.0,Non-Congested,Non-Congested
2530,47217361,0,2,0,0,y,r,2.0,Non-Congested,Non-Congested
2530,cluster_1420096799_47154676,1,0,1,0,r,r,0.0,Non-Congested,Non-Congested
2530,cluster_2461783448_38980632_5243070374,9,9,9,9,G,r,7.0,Congested,Non-Congested
2530,cluster_2461880040_2461880142_8131892137,0,2,0,2,r,r,0.0,Non-Congested,Congested
2530,cluster_2461880136_4910664147_50607912_8131882097,0,4,0,0,r,G,0.0,Non-Congested,Non-Congested
2531,132200274,0,4,0,4,G,r,4.0,Non-Congested,Congested
2531,181747232,1,1,0,0,r,G,4.0,Non-Congested,Non-Congested
2531,47217361,0,2,0,0,y,r,1.0,Non-Congested,Non-Congested
2531,cluster_1420096799_47154676,1,0,1,0,r,G,6.0,Non-Congested,Non-Congested
2531,cluster_2461783448_38980632_5243070374,9,9,9,9,G,r,6.0,Congested,Non-Congested
2531,cluster_2461880040_2461880142_8131892137,0,2,0,2,r,r,4.0,Non-Congested,Congested
2531,cluster_2461880136_4910664147_50607912_8131882097,0,4,0,0,r,y,2.0,Non-Congested,Non-Congested
2532,132200274,0,5,0,4,G,r,3.0,Non-Congested,Congested
2532,181747232,1,1,0,0,r,G,3.0,Non-Congested,Non-Congested
2532,47217361,0,2,0,0,y,r,0.0,Non-Congested,Non-Congested
2532,cluster_1420096799_47154676,1,0,1,0,r,G,5.0,Non-Congested,Non-Congested
2532,cluster_2461783448_38980632_5243070374,9,9,9,9,G,r,5.0,Congested,Non-Congested
2532,cluster_2461880040_2461880142_8131892137,0,2,0,2,r,r,3.0,Non-Congested,Congested
2532,cluster_2461880136_4910664147_50607912_8131882097,0,4,0,0,r,y,1.0,Non-Congested,Non-Congested
2533,132200274,0,5,0,4,G,r,2.0,Non-Congested,Congested
2533,181747232,1,1,0,0,r,G,2.0,Non-Congested,Non-Congested
2533,47217361,0,2,0,0,r,r,4.0,Non-Congested,Non-Congested
2533,cluster_1420096799_47154676,1,0,1,0,r,G,4.0,Non-Congested,Non-Congested
2533,cluster_2461783448_38980632_5243070374,9,9,8,9,G,r,4.0,Congested,Non-Congested
2533,cluster_2461880040_2461880142_8131892137,0,2,0,2,r,r,2.0,Non-Congested,Congested
2533,cluster_2461880136_4910664147_50607912_8131882097,0,3,0,0,r,y,0.0,Non-Congested,Non-Congested
2534,132200274,0,5,0,4,G,r,1.0,Non-Congested,Congested
2534,181747232,1,1,0,0,r,G,1.0,Non-Congested,Non-Congested
2534,47217361,0,2,0,0,r,r,3.0,Non-Congested,Non-Congested
2534,cluster_1420096799_47154676,1,0,1,0,r,G,3.0,Non-Congested,Non-Congested
2534,cluster_2461783448_38980632_5243070374,8,9,7,9,G,r,3.0,Congested,Non-Congested
2534,cluster_2461880040_2461880142_8131892137,0,2,0,2,r,r,1.0,Non-Congested,Congested
2534,cluster_2461880136_4910664147_50607912_8131882097,0,2,0,0,r,r,0.0,Non-Congested,Non-Congested
2535,132200274,0,6,0,4,G,r,0.0,Non-Congested,Congested
2535,181747232,1,1,1,1,r,G,0.0,Non-Congested,Non-Congested
2535,47217361,0,2,0,0,r,r,2.0,Non-Congested,Non-Congested
2535,cluster_1420096799_47154676,1,0,1,0,r,G,2.0,Non-Congested,Non-Congested
2535,cluster_2455590523_389713_47212064,0,1,0,0,r,G,1.0,Non-Congested,Non-Congested
2535,cluster_2461783448_38980632_5243070374,8,9,6,9,G,r,2.0,Non-Congested,Non-Congested
2535,cluster_2461880040_2461880142_8131892137,0,2,0,2,r,r,0.0,Non-Congested,Congested
2535,cluster_2461880136_4910664147_50607912_8131882097,0,2,0,0,G,r,4.0,Non-Congested,Non-Congested
2536,132200274,0,6,0,4,y,r,2.0,Non-Congested,Congested
2536,181747232,1,1,1,1,r,y,3.0,Non-Congested,Non-Congested
2536,47217361,0,2,0,1,r,r,1.0,Non-Congested,Non-Congested
2536,cluster_1420096799_47154676,1,0,1,0,r,G,1.0,Non-Congested,Non-Congested
2536,cluster_2455590523_389713_47212064,0,2,0,0,r,G,0.0,Non-Congested,Non-Congested
2536,cluster_2461783448_38980632_5243070374,8,9,5,9,G,r,1.0,Non-Congested,Non-Congested
2536,cluster_2461880040_2461880142_8131892137,0,2,0,2,G,r,4.0,Non-Congested,Congested
2536,cluster_2461880136_4910664147_50607912_8131882097,0,2,0,0,G,r,3.0,Non-Congested,Non-Congested
2537,132200274,0,6,0,5,y,r,1.0,Non-Congested,Congested
2537,181747232,1,1,1,1,r,y,2.0,Non-Congested,Non-Congested
2537,47217361,0,2,0,1,r,r,0.0,Non-Congested,Non-Congested
2537,cluster_1420096799_47154676,1,0,1,0,r,G,0.0,Non-Congested,Non-Congested
2537,cluster_2455590523_389713_47212064,0,1,0,0,r,G,1.0,Non-Congested,Non-Congested
2537,cluster_2461783448_38980632_5243070374,8,9,4,9,G,r,0.0,Non-Congested,Non-Congested
2537,cluster_2461880040_2461880142_8131892137,0,2,0,2,G,r,3.0,Non-Congested,Congested
2537,cluster_2461880136_4910664147_50607912_8131882097,0,2,0,0,G,r,2.0,Non-Congested,Non-Congested
2538,132200274,0,6,0,5,y,r,0.0,Non-Congested,Congested
2538,181747232,1,1,1,1,r,y,1.0,Non-Congested,Non-Congested
2538,47217361,0,3,0,1,r,r,2.0,Non-Congested,Non-Congested
2538,cluster_1420096799_47154676,1,0,1,0,r,G,1.0,Non-Congested,Non-Congested
2538,cluster_2455590523_389713_47212064,0,1,0,0,r,G,0.0,Non-Congested,Non-Congested
2538,cluster_2461783448_38980632_5243070374,7,9,3,9,G,r,1.0,Non-Congested,Non-Congested
2538,cluster_2461880040_2461880142_8131892137,0,2,0,2,G,r,2.0,Non-Congested,Congested
2538,cluster_2461880136_4910664147_50607912_8131882097,0,2,0,0,G,r,1.0,Non-Congested,Non-Congested
2539,132200274,0,5,0,4,r,G,4.0,Non-Congested,Congested
2539,181747232,1,1,1,1,r,y,0.0,Non-Congested,Non-Congested
2539,47217361,0,3,0,1,r,r,1.0,Non-Congested,Non-Congested
2539,cluster_1420096799_47154676,1,0,1,0,r,G,0.0,Non-Congested,Non-Congested
2539,cluster_2455590523_389713_47212064,1,1,1,0,r,G,0.0,Congested,Non-Congested
2539,cluster_2461783448_38980632_5243070374,7,9,2,9,G,r,0.0,Non-Congested,Non-Congested
2539,cluster_2461880040_2461880142_8131892137,0,2,0,2,G,r,1.0,Non-Congested,Congested
2539,cluster_2461880136_4910664147_50607912_8131882097,0,1,0,0,G,r,0.0,Non-Congested,Non-Congested
2540,132200274,0,5,0,4,r,G,3.0,Non-Congested,Congested
2540,181747232,1,1,1,1,G,r,6.0,Non-Congested,Non-Congested
2540,47217361,0,3,0,1,r,r,0.0,Non-Congested,Non-Congested
2540,cluster_1420096799_47154676,1,0,1,0,r,G,0.0,Non-Congested,Non-Congested
2540,cluster_2461783448_38980632_5243070374,6,9,2,9,G,r,1.0,Non-Congested,Non-Congested
2540,cluster_2461880040_2461880142_8131892137,0,2,0,2,G,r,0.0,Non-Congested,Congested
2540,cluster_2461880136_4910664147_50607912_8131882097,0,1,0,0,y,r,2.0,Non-Congested,Non-Congested
2541,132200274,0,5,0,4,r,G,2.0,Non-Congested,Congested
2541,181747232,2,1,1,1,G,r,5.0,Non-Congested,Non-Congested
2541,47217361,0,2,0,1,r,G,4.0,Non-Congested,Non-Congested
2541,cluster_1420096799_47154676,1,0,1,0,r,y,3.0,Non-Congested,Non-Congested
2541,cluster_2455590523_389713_47212064,0,1,0,0,r,y,3.0,Congested,Non-Congested
2541,cluster_2461783448_38980632_5243070374,7,9,2,9,G,r,0.0,Non-Congested,Non-Congested
2541,cluster_2461880040_2461880142_8131892137,0,2,0,2,y,r,4.0,Non-Congested,Congested
2541,cluster_2461880136_4910664147_50607912_8131882097,0,1,0,0,y,r,1.0,Non-Congested,Non-Congested
2542,132200274,0,6,0,4,r,G,1.0,Non-Congested,Congested
2542,181747232,2,1,1,1,G,r,4.0,Non-Congested,Non-Congested
2542,47217361,0,2,0,0,r,G,3.0,Non-Congested,Non-Congested
2542,cluster_1420096799_47154676,1,0,1,0,r,y,2.0,Non-Congested,Non-Congested
2542,cluster_2455590523_389713_47212064,0,1,0,0,r,y,2.0,Congested,Non-Congested
2542,cluster_2461783448_38980632_5243070374,7,9,2,9,G,r,1.0,Non-Congested,Non-Congested
2542,cluster_2461880040_2461880142_8131892137,0,2,0,2,y,r,3.0,Non-Congested,Congested
2543,132200274,0,5,0,4,r,G,0.0,Non-Congested,Congested
2543,181747232,2,1,1,1,G,r,3.0,Non-Congested,Non-Congested
2543,47217361,0,2,0,0,r,G,2.0,Non-Congested,Non-Congested
2543,cluster_1420096799_47154676,1,0,1,0,r,y,1.0,Non-Congested,Non-Congested
2543,cluster_2461783448_38980632_5243070374,5,9,2,9,G,r,0.0,Non-Congested,Non-Congested
2543,cluster_2461880040_2461880142_8131892137,0,2,0,2,y,r,2.0,Non-Congested,Congested
2544,132200274,0,5,0,4,r,y,2.0,Non-Congested,Congested
2544,181747232,2,1,1,1,G,r,2.0,Non-Congested,Non-Congested
2544,47217361,0,3,0,0,r,G,1.0,Non-Congested,Non-Congested
2544,cluster_1420096799_47154676,1,0,1,0,r,y,0.0,Non-Congested,Non-Congested
2544,cluster_2455590523_389713_47212064,0,1,0,0,r,y,0.0,Non-Congested,Non-Congested
2544,cluster_2461783448_38980632_5243070374,6,9,2,9,G,r,0.0,Non-Congested,Non-Congested
2544,cluster_2461880040_2461880142_8131892137,0,2,0,2,y,r,1.0,Non-Congested,Congested
2545,132200274,0,5,0,5,r,y,1.0,Non-Congested,Congested
2545,181747232,2,1,1,1,G,r,1.0,Non-Congested,Non-Congested
2545,47217361,0,2,0,0,r,G,0.0,Non-Congested,Non-Congested
2545,cluster_2455590523_389713_47212064,0,1,0,0,G,r,4.0,Non-Congested,Congested
2545,cluster_2461783448_38980632_5243070374,6,9,2,9,y,r,4.0,Non-Congested,Non-Congested
2545,cluster_2461880040_2461880142_8131892137,0,2,0,2,y,r,0.0,Non-Congested,Congested
2546,132200274,0,6,0,5,r,y,0.0,Non-Congested,Congested
2546,181747232,2,1,1,1,G,r,0.0,Non-Congested,Non-Congested
2546,47217361,0,1,0,0,r,y,2.0,Non-Congested,Non-Congested
2546,cluster_2461783448_38980632_5243070374,5,9,2,9,y,r,3.0,Non-Congested,Non-Congested
2546,cluster_2461880040_2461880142_8131892137,0,1,0,1,r,G,9.0,Non-Congested,Congested
2547,132200274,0,6,0,5,G,r,4.0,Non-Congested,Congested
2547,181747232,2,1,1,1,y,r,3.0,Non-Congested,Non-Congested
2547,47217361,0,1,0,0,r,y,1.0,Non-Congested,Non-Congested
2547,cluster_1420096799_47154676,0,1,0,0,G,r,4.0,Non-Congested,Non-Congested
2547,cluster_2461783448_38980632_5243070374,5,9,2,9,y,r,2.0,Non-Congested,Non-Congested
2547,cluster_2461880040_2461880142_8131892137,0,1,0,0,r,G,8.0,Non-Congested,Congested
2548,132200274,0,6,0,5,G,r,3.0,Non-Congested,Congested
2548,181747232,2,1,1,1,y,r,2.0,Non-Congested,Non-Congested
2548,47217361,0,2,0,0,r,y,0.0,Non-Congested,Non-Congested
2548,cluster_1420096799_47154676,1,1,0,0,G,r,3.0,Non-Congested,Non-Congested
2548,cluster_2461783448_38980632_5243070374,4,9,3,9,y,r,1.0,Non-Congested,Non-Congested
2548,cluster_2461880040_2461880142_8131892137,0,1,0,0,r,G,7.0,Non-Congested,Non-Congested
2549,132200274,0,6,0,6,G,r,2.0,Non-Congested,Congested
2549,181747232,2,1,1,1,y,r,1.0,Non-Congested,Non-Congested
2549,47217361,0,2,0,0,G,r,4.0,Non-Congested,Non-Congested
2549,cluster_1420096799_47154676,1,1,0,0,G,r,2.0,Non-Congested,Non-Congested
2549,cluster_2461783448_38980632_5243070374,4,9,3,9,y,r,0.0,Non-Congested,Non-Congested
2549,cluster_2461880040_2461880142_8131892137,0,1,0,0,r,G,6.0,Non-Congested,Non-Congested
2550,132200274,0,6,0,6,G,r,1.0,Non-Congested,Congested
2550,181747232,2,1,1,1,y,r,0.0,Non-Congested,Non-Congested
2550,47217361,0,1,0,0,G,r,3.0,Non-Congested,Non-Congested
2550,cluster_1420096799_47154676,2,1,0,0,G,r,1.0,Non-Congested,Non-Congested
2550,cluster_2461783448_38980632_5243070374,3,8,2,8,r,G,4.0,Non-Congested,Non-Congested
2550,cluster_2461880040_2461880142_8131892137,0,2,0,0,r,G,5.0,Non-Congested,Non-Congested
2551,132200274,0,6,0,6,G,r,0.0,Non-Congested,Congested
2551,181747232,2,1,1,1,r,G,6.0,Non-Congested,Non-Congested
2551,47217361,0,1,0,0,G,r,2.0,Non-Congested,Non-Congested
2551,cluster_1420096799_47154676,1,1,0,0,G,r,0.0,Congested,Non-Congested
2551,cluster_2461783448_38980632_5243070374,2,8,1,7,r,G,3.0,Non-Congested,Non-Congested
2551,cluster_2461880040_2461880142_8131892137,0,1,0,0,r,G,4.0,Non-Congested,Non-Congested
2552,132200274,0,5,0,5,y,r,2.0,Non-Congested,Congested
2552,181747232,2,1,1,1,r,G,5.0,Non-Congested,Non-Congested
2552,47217361,0,1,0,0,G,r,1.0,Non-Congested,Non-Congested
2552,cluster_1420096799_47154676,2,1,0,0,G,r,1.0,Congested,Non-Congested
2552,cluster_2455590523_389713_47212064,0,2,0,0,y,r,3.0,Non-Congested,Non-Congested
2552,cluster_2461783448_38980632_5243070374,2,8,1,6,r,G,2.0,Non-Congested,Non-Congested
2552,cluster_2461880040_2461880142_8131892137,1,2,0,0,r,G,3.0,Non-Congested,Non-Congested
2552,cluster_59665162_8742497506,1,0,0,0,r,G,0.0,Non-Congested,Non-Congested
2553,132200274,0,5,0,4,y,r,1.0,Non-Congested,Congested
2553,181747232,2,1,1,1,r,G,4.0,Non-Congested,Non-Congested
2553,47217361,0,1,0,0,G,r,0.0,Non-Congested,Non-Congested
2553,cluster_1420096799_47154676,0,1,0,0,G,r,0.0,Congested,Non-Congested
2553,cluster_2455590523_389713_47212064,0,2,0,0,y,r,2.0,Non-Congested,Congested
2553,cluster_2461783448_38980632_5243070374,2,8,1,5,r,G,1.0,Non-Congested,Non-Congested
2553,cluster_2461880040_2461880142_8131892137,1,2,0,0,r,G,2.0,Non-Congested,Non-Congested
2553,cluster_59665162_8742497506,1,0,1,0,r,y,2.0,Non-Congested,Non-Congested
2554,132200274,0,5,0,4,y,r,0.0,Non-Congested,Congested
2554,181747232,2,1,1,1,r,G,3.0,Non-Congested,Non-Congested
2554,47217361,0,1,0,0,y,r,2.0,Non-Congested,Non-Congested
2554,cluster_1420096799_47154676,0,1,0,0,G,r,0.0,Non-Congested,Non-Congested
2554,cluster_2455590523_389713_47212064,0,2,0,1,y,r,1.0,Non-Congested,Congested
2554,cluster_2461783448_38980632_5243070374,2,8,1,5,r,G,0.0,Non-Congested,Non-Congested
2554,cluster_2461880040_2461880142_8131892137,1,1,0,0,r,G,1.0,Non-Congested,Non-Congested
2554,cluster_59665162_8742497506,1,0,1,0,r,y,1.0,Non-Congested,Non-Congested
2555,132200274,0,5,0,4,r,G,4.0,Non-Congested,Congested
2555,181747232,2,1,1,1,r,G,2.0,Non-Congested,Non-Congested
2555,cluster_1420096799_47154676,0,2,0,0,G,r,0.0,Non-Congested,Non-Congested
2555,cluster_2455590523_389713_47212064,0,1,0,1,y,r,0.0,Non-Congested,Congested
2555,cluster_2461783448_38980632_5243070374,1,8,1,4,r,G,1.0,Non-Congested,Non-Congested
2555,cluster_2461880040_2461880142_8131892137,2,2,0,0,r,G,0.0,Non-Congested,Non-Congested
2555,cluster_59665162_8742497506,1,0,1,0,r,y,0.0,Non-Congested,Non-Congested
2556,132200274,0,4,0,4,r,G,3.0,Non-Congested,Congested
2556,181747232,2,1,1,1,r,G,1.0,Non-Congested,Non-Congested
2556,cluster_1420096799_47154676,0,2,0,0,y,r,3.0,Non-Congested,Non-Congested
2556,cluster_2455590523_389713_47212064,0,1,0,1,r,r,6.0,Non-Congested,Congested
2556,cluster_2461783448_38980632_5243070374,2,8,1,4,r,G,0.0,Non-Congested,Non-Congested
2556,cluster_2461880040_2461880142_8131892137,2,3,0,0,r,y,4.0,Non-Congested,Non-Congested
2556,cluster_59665162_8742497506,1,0,0,0,G,r,4.0,Congested,Non-Congested
2557,132200274,0,4,0,4,r,G,2.0,Non-Congested,Congested
2557,181747232,2,1,1,1,r,G,0.0,Non-Congested,Non-Congested
2557,cluster_1420096799_47154676,0,2,0,0,y,r,2.0,Non-Congested,Non-Congested
2557,cluster_2455590523_389713_47212064,0,1,0,1,r,r,5.0,Non-Congested,Congested
2557,cluster_2461783448_38980632_5243070374,3,8,1,5,r,G,1.0,Non-Congested,Non-Congested
2557,cluster_2461880040_2461880142_8131892137,3,4,0,0,r,y,3.0,Non-Congested,Non-Congested
2558,132200274,0,4,0,4,r,G,1.0,Non-Congested,Congested
2558,181747232,2,1,1,1,r,y,3.0,Non-Congested,Non-Congested
2558,cluster_1420096799_47154676,0,2,0,0,y,r,1.0,Non-Congested,Non-Congested
2558,cluster_2455590523_389713_47212064,0,1,0,1,r,r,4.0,Non-Congested,Congested
2558,cluster_2461783448_38980632_5243070374,3,8,1,5,r,G,0.0,Non-Congested,Non-Congested
2558,cluster_2461880040_2461880142_8131892137,3,4,0,0,r,y,2.0,Non-Congested,Non-Congested
2559,132200274,0,4,0,4,r,G,0.0,Non-Congested,Congested
2559,181747232,2,1,1,1,r,y,2.0,Non-Congested,Non-Congested
2559,cluster_1420096799_47154676,0,2,0,0,y,r,0.0,Non-Congested,Non-Congested
2559,cluster_2455590523_389713_47212064,0,1,0,1,r,r,3.0,Non-Congested,Congested
2559,cluster_2461783448_38980632_5243070374,5,8,1,5,r,G,1.0,Non-Congested,Non-Congested
2559,cluster_2461880040_2461880142_8131892137,3,4,0,0,r,y,1.0,Non-Congested,Non-Congested
2560,132200274,0,4,0,4,r,y,2.0,Non-Congested,Congested
2560,181747232,2,1,1,1,r,y,1.0,Non-Congested,Non-Congested
2560,cluster_1420096799_47154676,0,2,0,0,r,r,6.0,Non-Congested,Non-Congested
2560,cluster_2455590523_389713_47212064,0,2,0,1,r,r,2.0,Non-Congested,Congested
2560,cluster_2461783448_38980632_5243070374,5,8,1,6,r,G,0.0,Non-Congested,Non-Congested
2560,cluster_2461880040_2461880142_8131892137,2,3,0,0,r,y,0.0,Non-Congested,Non-Congested
2560,cluster_59665162_8742497506,1,0,0,0,G,r,0.0,Congested,Non-Congested
2561,132200274,0,4,0,4,r,y,1.0,Non-Congested,Congested
2561,181747232,2,1,1,1,r,y,0.0,Non-Congested,Non-Congested
2561,cluster_1420096799_47154676,0,2,0,1,r,r,5.0,Non-Congested,Non-Congested
2561,cluster_2455590523_389713_47212064,0,2,0,1,r,r,1.0,Non-Congested,Congested
2561,cluster_2461783448_38980632_5243070374,4,8,1,5,r,G,1.0,Non-Congested,Non-Congested
2561,cluster_2461880040_2461880142_8131892137,2,4,0,0,r,r,4.0,Non-Congested,Non-Congested
2562,132200274,0,4,0,4,r,y,0.0,Non-Congested,Congested
2562,181747232,2,1,1,1,G,r,6.0,Non-Congested,Non-Congested
2562,47217361,0,1,0,0,r,r,2.0,Non-Congested,Non-Congested
2562,cluster_1420096799_47154676,0,2,0,1,r,r,4.0,Non-Congested,Non-Congested
2562,cluster_2455590523_389713_47212064,0,1,0,1,r,r,0.0,Non-Congested,Congested
2562,cluster_2461783448_38980632_5243070374,4,8,1,7,r,G,0.0,Non-Congested,Non-Congested
2562,cluster_2461880040_2461880142_8131892137,2,4,0,1,r,r,3.0,Non-Congested,Congested
2563,132200274,0,4,0,4,G,r,4.0,Non-Congested,Congested
2563,181747232,2,1,1,1,G,r,5.0,Non-Congested,Non-Congested
2563,47217361,0,1,0,0,r,r,1.0,Non-Congested,Non-Congested
2563,cluster_1420096799_47154676,0,2,0,1,r,r,3.0,Non-Congested,Non-Congested
2563,cluster_2455590523_389713_47212064,0,1,0,1,r,r,3.0,Non-Congested,Congested
2563,cluster_2461783448_38980632_5243070374,5,8,1,7,r,G,1.0,Non-Congested,Non-Congested
2563,cluster_2461880040_2461880142_8131892137,1,3,0,1,r,r,2.0,Non-Congested,Congested
2564,132200274,0,4,0,4,G,r,3.0,Non-Congested,Congested
2564,181747232,2,1,1,1,G,r,4.0,Non-Congested,Non-Congested
2564,47217361,0,1,0,0,r,r,0.0,Non-Congested,Non-Congested
2564,cluster_1420096799_47154676,0,2,0,1,r,r,2.0,Non-Congested,Non-Congested
2564,cluster_2455590523_389713_47212064,0,1,0,1,r,r,2.0,Non-Congested,Congested
2564,cluster_2461783448_38980632_5243070374,5,8,1,7,r,G,0.0,Non-Congested,Non-Congested
2564,cluster_2461880040_2461880142_8131892137,0,2,0,1,r,r,1.0,Non-Congested,Congested
2565,132200274,0,4,0,4,G,r,2.0,Non-Congested,Congested
2565,181747232,2,1,1,1,G,r,3.0,Non-Congested,Non-Congested
2565,47217361,0,2,0,0,r,G,4.0,Non-Congested,Non-Congested
2565,cluster_1420096799_47154676,0,2,0,1,r,r,1.0,Non-Congested,Non-Congested
2565,cluster_2455590523_389713_47212064,1,1,0,1,r,r,1.0,Non-Congested,Congested
2565,cluster_2461783448_38980632_5243070374,5,8,2,8,r,G,1.0,Non-Congested,Non-Congested
2565,cluster_2461880040_2461880142_8131892137,0,2,0,2,r,r,0.0,Non-Congested,Congested
2566,132200274,0,4,0,4,G,r,1.0,Non-Congested,Congested
2566,181747232,2,1,1,1,G,r,2.0,Non-Congested,Non-Congested
2566,47217361,0,2,0,0,r,G,3.0,Non-Congested,Non-Congested
2566,cluster_1420096799_47154676,0,1,0,1,r,r,0.0,Non-Congested,Non-Congested
2566,cluster_2455590523_389713_47212064,0,1,0,1,r,r,0.0,Congested,Congested
2566,cluster_2461783448_38980632_5243070374,5,8,2,8,r,G,0.0,Non-Congested,Non-Congested
2566,cluster_2461880040_2461880142_8131892137,0,2,0,2,r,r,1.0,Non-Congested,Congested
2566,cluster_59665162_8742497506,1,0,0,0,G,r,1.0,Non-Congested,Non-Congested
2567,132200274,0,4,0,4,G,r,0.0,Non-Congested,Congested
2567,181747232,1,1,1,1,G,r,1.0,Non-Congested,Non-Congested
2567,47217361,0,2,0,0,r,G,2.0,Non-Congested,Non-Congested
2567,cluster_1420096799_47154676,0,1,0,1,r,r,3.0,Non-Congested,Non-Congested
2567,cluster_2455590523_389713_47212064,0,1,0,0,r,G,4.0,Non-Congested,Congested
2567,cluster_2461783448_38980632_5243070374,6,8,2,8,r,G,1.0,Non-Congested,Non-Congested
2567,cluster_2461880040_2461880142_8131892137,0,2,0,2,r,r,0.0,Non-Congested,Congested
2568,132200274,0,4,0,4,y,r,2.0,Non-Congested,Congested
2568,181747232,2,2,1,1,G,r,0.0,Non-Congested,Non-Congested
2568,47217361,0,2,0,0,r,G,1.0,Non-Congested,Non-Congested
2568,cluster_1420096799_47154676,0,1,0,1,r,r,2.0,Non-Congested,Non-Congested
2568,cluster_2455590523_389713_47212064,0,1,0,1,r,G,3.0,Non-Congested,Congested
2568,cluster_2461783448_38980632_5243070374,5,8,3,8,r,G,0.0,Non-Congested,Non-Congested
2568,cluster_2461880040_2461880142_8131892137,0,2,0,2,r,r,1.0,Non-Congested,Congested
2569,132200274,0,4,0,4,y,r,1.0,Non-Congested,Congested
2569,181747232,2,2,1,1,y,r,3.0,Non-Congested,Non-Congested
2569,47217361,0,2,0,0,r,G,0.0,Non-Congested,Non-Congested
2569,cluster_1420096799_47154676,0,1,0,1,r,r,1.0,Non-Congested,Non-Congested
2569,cluster_2455590523_389713_47212064,0,1,0,1,r,G,2.0,Non-Congested,Congested
2569,cluster_2461783448_38980632_5243070374,6,8,3,8,r,G,1.0,Non-Congested,Non-Congested
2569,cluster_2461880040_2461880142_8131892137,0,2,0,2,r,r,0.0,Non-Congested,Congested
2570,132200274,0,4,0,4,y,r,0.0,Non-Congested,Congested
2570,181747232,2,2,1,1,y,r,2.0,Non-Congested,Non-Congested
2570,47217361,0,1,0,0,r,y,2.0,Non-Congested,Non-Congested
2570,cluster_1420096799_47154676,0,1,0,1,r,r,0.0,Non-Congested,Non-Congested
2570,cluster_2455590523_389713_47212064,0,1,0,1,r,G,1.0,Non-Congested,Congested
2570,cluster_2461783448_38980632_5243070374,5,8,4,8,r,G,0.0,Non-Congested,Non-Congested
2570,cluster_2461880040_2461880142_8131892137,0,2,0,2,r,r,1.0,Non-Congested,Congested
2571,132200274,0,4,0,4,r,G,4.0,Non-Congested,Congested
2571,181747232,2,2,1,1,y,r,1.0,Non-Congested,Non-Congested
2571,47217361,0,1,0,0,r,y,1.0,Non-Congested,Non-Congested
2571,cluster_1420096799_47154676,0,1,0,1,r,G,6.0,Non-Congested,Non-Congested
2571,cluster_2455590523_389713_47212064,0,1,0,1,r,G,0.0,Non-Congested,Congested
2571,cluster_2461783448_38980632_5243070374,6,8,4,8,r,G,1.0,Non-Congested,Non-Congested
2571,cluster_2461880040_2461880142_8131892137,0,2,0,2,r,r,0.0,Non-Congested,Congested
2572,132200274,0,4,0,4,r,G,3.0,Non-Congested,Congested
2572,181747232,2,2,0,0,y,r,0.0,Non-Congested,Non-Congested
2572,47217361,0,1,0,0,r,y,0.0,Non-Congested,Non-Congested
2572,cluster_1420096799_47154676,0,1,0,0,r,G,5.0,Non-Congested,Non-Congested
2572,cluster_2455590523_389713_47212064,0,1,0,1,r,y,3.0,Non-Congested,Congested
2572,cluster_2461783448_38980632_5243070374,6,8,4,8,r,G,0.0,Non-Congested,Non-Congested
2572,cluster_2461880040_2461880142_8131892137,0,2,0,2,r,r,1.0,Non-Congested,Congested
2573,132200274,0,5,0,5,r,G,2.0,Non-Congested,Congested
2573,181747232,1,1,0,0,r,G,6.0,Non-Congested,Non-Congested
2573,47217361,0,1,0,0,G,r,4.0,Non-Congested,Non-Congested
2573,cluster_2455590523_389713_47212064,0,1,0,1,r,y,2.0,Non-Congested,Congested
2573,cluster_2461783448_38980632_5243070374,7,8,4,8,r,G,1.0,Non-Congested,Non-Congested
2573,cluster_2461880040_2461880142_8131892137,0,2,0,2,r,r,0.0,Non-Congested,Congested
2574,132200274,0,5,0,4,r,G,1.0,Non-Congested,Congested
2574,181747232,1,1,0,0,r,G,5.0,Non-Congested,Non-Congested
2574,47217361,0,1,0,0,G,r,3.0,Non-Congested,Non-Congested
2574,cluster_2455590523_389713_47212064,1,1,0,1,r,y,1.0,Non-Congested,Congested
2574,cluster_2461783448_38980632_5243070374,8,8,4,7,r,G,0.0,Congested,Non-Congested
2574,cluster_2461880040_2461880142_8131892137,0,2,0,2,r,r,1.0,Non-Congested,Congested
2574,cluster_2461880136_4910664147_50607912_8131882097,0,1,0,0,y,r,2.0,Non-Congested,Non-Congested
2575,132200274,0,5,0,4,r,G,0.0,Non-Congested,Congested
2575,47217361,0,1,0,0,G,r,2.0,Non-Congested,Non-Congested
2575,cluster_2455590523_389713_47212064,1,1,0,1,r,y,0.0,Non-Congested,Congested
2575,cluster_2461783448_38980632_5243070374,7,8,5,6,r,G,1.0,Congested,Non-Congested
2575,cluster_2461880040_2461880142_8131892137,0,2,0,2,r,r,0.0,Non-Congested,Congested
2575,cluster_2461880136_4910664147_50607912_8131882097,0,1,0,0,y,r,1.0,Non-Congested,Non-Congested
2576,132200274,0,5,0,4,r,G,1.0,Non-Congested,Congested
2576,47217361,0,2,0,0,G,r,1.0,Non-Congested,Non-Congested
2576,cluster_1420096799_47154676,1,0,0,0,r,G,1.0,Non-Congested,Non-Congested
2576,cluster_2455590523_389713_47212064,1,1,0,1,G,r,4.0,Non-Congested,Congested
2576,cluster_2461783448_38980632_5243070374,7,8,5,5,r,G,0.0,Congested,Non-Congested
2576,cluster_2461880040_2461880142_8131892137,0,2,0,2,r,r,1.0,Non-Congested,Congested
2576,cluster_2461880136_4910664147_50607912_8131882097,0,2,0,0,y,r,0.0,Non-Congested,Non-Congested
2577,132200274,0,5,0,4,r,G,0.0,Non-Congested,Congested
2577,47217361,0,2,0,0,G,r,0.0,Non-Congested,Non-Congested
2577,cluster_1420096799_47154676,1,0,0,0,r,G,0.0,Non-Congested,Non-Congested
2577,cluster_2455590523_389713_47212064,1,1,0,1,G,r,3.0,Non-Congested,Congested
2577,cluster_2461783448_38980632_5243070374,7,7,6,4,r,G,1.0,Congested,Non-Congested
2577,cluster_2461880040_2461880142_8131892137,0,2,0,2,r,r,0.0,Non-Congested,Congested
2577,cluster_2461880136_4910664147_50607912_8131882097,0,2,0,0,r,G,4.0,Non-Congested,Non-Congested
2578,132200274,0,5,0,4,r,G,0.0,Non-Congested,Congested
2578,47217361,0,2,0,0,y,r,2.0,Non-Congested,Non-Congested
2578,cluster_1420096799_47154676,1,0,0,0,r,y,3.0,Non-Congested,Non-Congested
2578,cluster_2455590523_389713_47212064,0,1,0,1,G,r,2.0,Non-Congested,Congested
2578,cluster_2461783448_38980632_5243070374,6,7,6,3,r,G,0.0,Congested,Non-Congested
2578,cluster_2461880040_2461880142_8131892137,0,2,0,2,r,r,1.0,Non-Congested,Congested
2578,cluster_2461880136_4910664147_50607912_8131882097,0,3,0,0,r,G,3.0,Non-Congested,Non-Congested
2579,132200274,0,5,0,4,r,G,0.0,Non-Congested,Congested
2579,47217361,0,2,0,0,y,r,1.0,Non-Congested,Non-Congested
2579,cluster_1420096799_47154676,1,0,0,0,r,y,2.0,Non-Congested,Non-Congested
2579,cluster_2455590523_389713_47212064,0,1,0,1,G,r,1.0,Non-Congested,Congested
2579,cluster_2461783448_38980632_5243070374,6,7,6,2,r,G,1.0,Congested,Non-Congested
2579,cluster_2461880040_2461880142_8131892137,0,2,0,2,r,r,0.0,Non-Congested,Congested
2579,cluster_2461880136_4910664147_50607912_8131882097,0,3,0,0,r,G,2.0,Non-Congested,Non-Congested
2580,132200274,0,5,0,4,r,y,2.0,Non-Congested,Congested
2580,47217361,0,2,0,0,y,r,0.0,Non-Congested,Non-Congested
2580,cluster_1420096799_47154676,1,0,0,0,r,y,1.0,Non-Congested,Non-Congested
2580,cluster_2455590523_389713_47212064,0,1,0,1,G,r,0.0,Non-Congested,Congested
2580,cluster_2461783448_38980632_5243070374,7,7,6,2,r,G,0.0,Congested,Non-Congested
2580,cluster_2461880040_2461880142_8131892137,0,2,0,2,r,r,1.0,Non-Congested,Congested
2580,cluster_2461880136_4910664147_50607912_8131882097,0,3,0,0,r,G,1.0,Non-Congested,Non-Congested
2581,132200274,0,5,0,5,r,y,1.0,Non-Congested,Congested
2581,47217361,0,2,0,0,r,r,4.0,Non-Congested,Non-Congested
2581,cluster_1420096799_47154676,0,1,0,1,r,y,0.0,Non-Congested,Non-Congested
2581,cluster_2455590523_389713_47212064,0,1,0,1,y,r,3.0,Non-Congested,Congested
2581,cluster_2461783448_38980632_5243070374,7,7,6,1,r,G,1.0,Congested,Non-Congested
2581,cluster_2461880040_2461880142_8131892137,0,2,0,2,r,r,0.0,Non-Congested,Congested
2581,cluster_2461880136_4910664147_50607912_8131882097,0,2,0,0,r,G,0.0,Non-Congested,Non-Congested
2582,132200274,0,5,0,5,r,y,0.0,Non-Congested,Congested
2582,47217361,0,2,0,1,r,r,3.0,Non-Congested,Non-Congested
2582,cluster_1420096799_47154676,0,1,0,0,G,r,6.0,Non-Congested,Non-Congested
2582,cluster_2455590523_389713_47212064,0,1,0,1,y,r,2.0,Non-Congested,Congested
2582,cluster_2461783448_38980632_5243070374,7,7,6,1,r,G,0.0,Congested,Non-Congested
2582,cluster_2461880040_2461880142_8131892137,0,2,0,2,r,r,1.0,Non-Congested,Congested
2582,cluster_2461880136_4910664147_50607912_8131882097,0,2,0,0,r,G,0.0,Non-Congested,Non-Congested
2583,132200274,0,5,0,5,G,r,4.0,Non-Congested,Congested
2583,47217361,0,2,0,1,r,r,2.0,Non-Congested,Non-Congested
2583,cluster_1420096799_47154676,0,1,0,0,G,r,5.0,Non-Congested,Non-Congested
2583,cluster_2455590523_389713_47212064,0,1,0,1,y,r,1.0,Non-Congested,Congested
2583,cluster_2461783448_38980632_5243070374,7,7,6,1,r,G,1.0,Congested,Non-Congested
2583,cluster_2461880040_2461880142_8131892137,0,2,0,2,r,r,0.0,Non-Congested,Congested
2583,cluster_2461880136_4910664147_50607912_8131882097,0,2,0,0,r,G,1.0,Non-Congested,Non-Congested
2584,132200274,0,5,0,5,G,r,3.0,Non-Congested,Congested
2584,47217361,0,2,0,1,r,r,1.0,Non-Congested,Non-Congested
2584,cluster_1420096799_47154676,0,1,0,0,G,r,4.0,Non-Congested,Non-Congested
2584,cluster_2455590523_389713_47212064,0,2,0,1,y,r,0.0,Non-Congested,Congested
2584,cluster_2461783448_38980632_5243070374,7,7,6,2,r,G,0.0,Congested,Non-Congested
2584,cluster_2461880040_2461880142_8131892137,0,2,0,2,r,r,1.0,Non-Congested,Congested
2584,cluster_2461880136_4910664147_50607912_8131882097,0,2,0,0,r,G,0.0,Non-Congested,Non-Congested
2584,cluster_59665162_8742497506,1,0,0,0,G,r,1.0,Congested,Non-Congested
2585,132200274,0,5,0,5,G,r,2.0,Non-Congested,Congested
2585,47217361,0,2,0,1,r,r,0.0,Non-Congested,Non-Congested
2585,cluster_1420096799_47154676,0,1,0,0,G,r,3.0,Non-Congested,Non-Congested
2585,cluster_2455590523_389713_47212064,0,2,0,1,r,r,6.0,Non-Congested,Congested
2585,cluster_2461783448_38980632_5243070374,6,7,6,3,r,G,1.0,Congested,Non-Congested
2585,cluster_2461880040_2461880142_8131892137,0,2,0,2,r,r,0.0,Non-Congested,Congested
2585,cluster_2461880136_4910664147_50607912_8131882097,1,3,0,0,r,G,1.0,Non-Congested,Non-Congested
2586,132200274,0,5,0,5,G,r,1.0,Non-Congested,Congested
2586,47217361,0,2,0,1,r,r,2.0,Non-Congested,Non-Congested
2586,cluster_1420096799_47154676,1,1,1,0,G,r,2.0,Congested,Non-Congested
2586,cluster_2455590523_389713_47212064,0,1,0,1,r,r,5.0,Non-Congested,Congested
2586,cluster_2461783448_38980632_5243070374,6,7,6,4,r,G,0.0,Congested,Non-Congested
2586,cluster_2461880040_2461880142_8131892137,0,2,0,2,r,r,1.0,Non-Congested,Congested
2586,cluster_2461880136_4910664147_50607912_8131882097,2,3,0,0,r,G,0.0,Congested,Non-Congested
2587,132200274,0,5,0,5,G,r,0.0,Non-Congested,Congested
2587,47217361,0,2,0,1,r,r,1.0,Non-Congested,Non-Congested
2587,cluster_1420096799_47154676,1,1,0,0,G,r,1.0,Congested,Non-Congested
2587,cluster_2455590523_389713_47212064,0,1,0,1,r,r,4.0,Non-Congested,Congested
2587,cluster_2461783448_38980632_5243070374,6,7,6,5,r,G,1.0,Congested,Non-Congested
2587,cluster_2461880040_2461880142_8131892137,0,2,0,2,r,r,0.0,Non-Congested,Congested
2587,cluster_2461880136_4910664147_50607912_8131882097,2,2,0,0,r,G,0.0,Congested,Non-Congested
2588,132200274,0,5,0,5,y,r,2.0,Non-Congested,Congested
2588,47217361,0,3,0,1,r,r,0.0,Non-Congested,Non-Congested
2588,cluster_1420096799_47154676,1,1,0,0,G,r,0.0,Non-Congested,Non-Congested
2588,cluster_2455590523_389713_47212064,0,2,0,1,r,r,3.0,Non-Congested,Congested
2588,cluster_2461783448_38980632_5243070374,6,7,6,5,r,G,0.0,Congested,Non-Congested
2588,cluster_2461880040_2461880142_8131892137,0,2,0,2,r,r,1.0,Non-Congested,Congested
2588,cluster_2461880136_4910664147_50607912_8131882097,2,2,1,0,r,y,2.0,Congested,Non-Congested
2589,132200274,0,5,0,5,y,r,1.0,Non-Congested,Congested
2589,47217361,0,2,0,0,r,G,4.0,Non-Congested,Non-Congested
2589,cluster_1420096799_47154676,1,1,0,0,y,r,3.0,Non-Congested,Non-Congested
2589,cluster_2455590523_389713_47212064,0,2,0,1,r,r,2.0,Non-Congested,Congested
2589,cluster_2461783448_38980632_5243070374,6,8,6,5,r,G,1.0,Congested,Non-Congested
2589,cluster_2461880040_2461880142_8131892137,0,2,0,2,r,r,0.0,Non-Congested,Congested
2589,cluster_2461880136_4910664147_50607912_8131882097,2,2,2,0,r,y,1.0,Congested,Non-Congested
2590,132200274,0,4,0,4,y,r,0.0,Non-Congested,Congested
2590,47217361,0,2,0,0,r,G,3.0,Non-Congested,Non-Congested
2590,cluster_1420096799_47154676,1,1,0,0,y,r,2.0,Non-Congested,Non-Congested
2590,cluster_2455590523_389713_47212064,0,1,0,1,r,r,1.0,Non-Congested,Congested
2590,cluster_2461783448_38980632_5243070374,6,8,6,4,r,G,0.0,Congested,Non-Congested
2590,cluster_2461880040_2461880142_8131892137,0,2,0,2,r,r,1.0,Non-Congested,Congested
2590,cluster_2461880136_4910664147_50607912_8131882097,2,3,2,0,r,y,0.0,Congested,Non-Congested
2591,132200274,0,4,0,2,r,G,4.0,Non-Congested,Non-Congested
2591,47217361,0,2,0,0,r,G,2.0,Non-Congested,Non-Congested
2591,cluster_1420096799_47154676,1,1,0,0,y,r,1.0,Non-Congested,Non-Congested
2591,cluster_2455590523_389713_47212064,0,1,0,1,r,r,0.0,Non-Congested,Congested
2591,cluster_2461783448_38980632_5243070374,6,8,6,4,r,G,1.0,Congested,Non-Congested
2591,cluster_2461880040_2461880142_8131892137,0,2,0,2,r,r,0.0,Non-Congested,Congested
2591,cluster_2461880136_4910664147_50607912_8131882097,2,3,2,0,r,r,0.0,Congested,Non-Congested
2592,132200274,0,4,0,1,r,G,3.0,Non-Congested,Non-Congested
2592,47217361,0,2,0,0,r,G,1.0,Non-Congested,Non-Congested
2592,cluster_1420096799_47154676,0,2,0,0,y,r,0.0,Non-Congested,Non-Congested
2592,cluster_2455590523_389713_47212064,1,1,0,1,r,r,0.0,Non-Congested,Congested
2592,cluster_2461783448_38980632_5243070374,6,8,6,3,r,G,0.0,Congested,Non-Congested
2592,cluster_2461880040_2461880142_8131892137,0,2,0,2,r,r,4.0,Non-Congested,Congested
2592,cluster_2461880136_4910664147_50607912_8131882097,1,3,1,0,G,r,4.0,Congested,Non-Congested
2593,132200274,0,4,0,2,r,G,2.0,Non-Congested,Non-Congested
2593,47217361,0,2,0,0,r,G,0.0,Non-Congested,Non-Congested
2593,cluster_1420096799_47154676,0,2,0,0,r,r,6.0,Non-Congested,Non-Congested
2593,cluster_2455590523_389713_47212064,0,1,0,1,r,r,0.0,Non-Congested,Congested
2593,cluster_2461783448_38980632_5243070374,6,8,6,2,r,G,1.0,Congested,Non-Congested
2593,cluster_2461880040_2461880142_8131892137,0,2,0,2,r,r,3.0,Non-Congested,Congested
2593,cluster_2461880136_4910664147_50607912_8131882097,0,3,0,0,G,r,3.0,Non-Congested,Non-Congested
2594,132200274,0,2,0,0,r,G,1.0,Non-Congested,Non-Congested
2594,47217361,0,4,0,0,r,y,2.0,Non-Congested,Non-Congested
2594,cluster_1420096799_47154676,0,2,0,0,r,r,5.0,Non-Congested,Non-Congested
2594,cluster_2455590523_389713_47212064,0,1,0,1,r,r,3.0,Non-Congested,Congested
2594,cluster_2461783448_38980632_5243070374,6,7,6,2,r,G,0.0,Congested,Non-Congested
2594,cluster_2461880040_2461880142_8131892137,0,2,0,2,r,r,2.0,Non-Congested,Congested
2594,cluster_2461880136_4910664147_50607912_8131882097,0,2,0,0,G,r,2.0,Non-Congested,Non-Congested
2595,132200274,0,1,0,0,r,G,0.0,Non-Congested,Non-Congested
2595,47217361,0,5,0,1,r,y,1.0,Non-Congested,Non-Congested
2595,cluster_1420096799_47154676,0,1,0,0,r,r,4.0,Non-Congested,Non-Congested
2595,cluster_2455590523_389713_47212064,0,1,0,1,r,r,2.0,Non-Congested,Congested
2595,cluster_2461783448_38980632_5243070374,7,8,6,1,r,G,1.0,Congested,Non-Congested
2595,cluster_2461880040_2461880142_8131892137,0,2,0,2,r,r,1.0,Non-Congested,Congested
2595,cluster_2461880136_4910664147_50607912_8131882097,1,2,0,0,G,r,1.0,Non-Congested,Non-Congested
2596,132200274,0,1,0,0,r,y,2.0,Non-Congested,Non-Congested
2596,47217361,0,5,0,1,r,y,0.0,Non-Congested,Non-Congested
2596,cluster_1420096799_47154676,0,1,0,0,r,r,3.0,Non-Congested,Non-Congested
2596,cluster_2455590523_389713_47212064,1,1,0,1,r,r,1.0,Non-Congested,Congested
2596,cluster_2461783448_38980632_5243070374,7,8,6,1,r,G,0.0,Congested,Non-Congested
2596,cluster_2461880040_2461880142_8131892137,0,2,0,2,r,r,0.0,Non-Congested,Congested
2596,cluster_2461880136_4910664147_50607912_8131882097,1,2,0,0,G,r,0.0,Non-Congested,Non-Congested
2597,132200274,0,1,0,0,r,y,1.0,Non-Congested,Non-Congested
2597,47217361,0,5,0,1,G,r,4.0,Non-Congested,Non-Congested
2597,cluster_1420096799_47154676,0,1,0,0,r,r,2.0,Non-Congested,Non-Congested
2597,cluster_2455590523_389713_47212064,0,1,0,1,r,r,0.0,Non-Congested,Congested
2597,cluster_2461783448_38980632_5243070374,7,7,6,0,r,G,1.0,Congested,Non-Congested
2597,cluster_2461880040_2461880142_8131892137,0,2,0,2,G,r,4.0,Non-Congested,Congested
2597,cluster_2461880136_4910664147_50607912_8131882097,0,3,0,1,G,r,1.0,Non-Congested,Non-Congested
2598,47217361,0,5,0,1,G,r,3.0,Non-Congested,Non-Congested
2598,cluster_1420096799_47154676,0,1,0,0,r,r,1.0,Non-Congested,Non-Congested
2598,cluster_2461783448_38980632_5243070374,7,8,6,0,r,G,0.0,Congested,Non-Congested
2598,cluster_2461880040_2461880142_8131892137,0,2,0,2,G,r,3.0,Non-Congested,Congested
2598,cluster_2461880136_4910664147_50607912_8131882097,0,3,0,1,G,r,0.0,Non-Congested,Non-Congested
2599,132200274,0,2,0,0,G,r,4.0,Non-Congested,Non-Congested
2599,47217361,0,5,0,1,G,r,2.0,Non-Congested,Non-Congested
2599,cluster_1420096799_47154676,0,1,0,0,r,r,0.0,Non-Congested,Non-Congested
2599,cluster_2461783448_38980632_5243070374,7,6,6,0,r,G,0.0,Congested,Non-Congested
2599,cluster_2461880040_2461880142_8131892137,0,2,0,2,G,r,2.0,Non-Congested,Congested
2599,cluster_2461880136_4910664147_50607912_8131882097,0,3,0,1,G,r,0.0,Non-Congested,Non-Congested
2600,132200274,0,2,0,0,G,r,3.0,Non-Congested,Non-Congested
2600,47217361,0,5,0,1,G,r,1.0,Non-Congested,Non-Congested
2600,cluster_1420096799_47154676,0,1,0,0,r,r,3.0,Non-Congested,Non-Congested
2600,cluster_2461783448_38980632_5243070374,7,6,6,0,r,y,4.0,Congested,Non-Congested
2600,cluster_2461880040_2461880142_8131892137,0,2,0,2,G,r,1.0,Non-Congested,Congested
2600,cluster_2461880136_4910664147_50607912_8131882097,0,3,0,1,G,r,0.0,Non-Congested,Non-Congested
2601,132200274,0,2,0,0,G,r,2.0,Non-Congested,Non-Congested
2601,47217361,0,4,0,1,G,r,0.0,Non-Congested,Non-Congested
2601,cluster_2461783448_38980632_5243070374,6,5,6,0,r,y,3.0,Congested,Non-Congested
2601,cluster_2461880040_2461880142_8131892137,0,2,0,2,G,r,0.0,Non-Congested,Congested
2601,cluster_2461880136_4910664147_50607912_8131882097,0,3,0,1,y,r,2.0,Non-Congested,Non-Congested
2602,132200274,0,3,0,0,G,r,1.0,Non-Congested,Non-Congested
2602,47217361,0,4,0,1,G,r,1.0,Non-Congested,Non-Congested
2602,cluster_2455590523_389713_47212064,0,1,0,0,r,G,0.0,Non-Congested,Non-Congested
2602,cluster_2461783448_38980632_5243070374,6,5,6,0,r,y,2.0,Congested,Non-Congested
2602,cluster_2461880040_2461880142_8131892137,0,2,0,2,y,r,4.0,Non-Congested,Congested
2602,cluster_2461880136_4910664147_50607912_8131882097,0,3,0,1,y,r,1.0,Non-Congested,Non-Congested
2603,132200274,0,3,0,0,G,r,0.0,Non-Congested,Non-Congested
2603,47217361,0,4,0,1,G,r,0.0,Non-Congested,Non-Congested
2603,cluster_2455590523_389713_47212064,0,1,0,0,r,y,3.0,Non-Congested,Non-Congested
2603,cluster_2461783448_38980632_5243070374,6,6,6,0,r,y,1.0,Congested,Non-Congested
2603,cluster_2461880040_2461880142_8131892137,0,2,0,2,y,r,3.0,Non-Congested,Congested
2603,cluster_2461880136_4910664147_50607912_8131882097,0,3,0,1,y,r,0.0,Non-Congested,Non-Congested
2604,132200274,0,4,0,1,y,r,2.0,Non-Congested,Non-Congested
2604,47217361,0,4,0,2,G,r,0.0,Non-Congested,Non-Congested
2604,cluster_2455590523_389713_47212064,0,1,0,0,r,y,2.0,Non-Congested,Non-Congested
2604,cluster_2461783448_38980632_5243070374,7,6,6,0,r,y,0.0,Congested,Non-Congested
2604,cluster_2461880040_2461880142_8131892137,0,2,0,2,y,r,2.0,Non-Congested,Congested
2604,cluster_2461880136_4910664147_50607912_8131882097,0,2,0,0,r,G,4.0,Non-Congested,Non-Congested
2605,132200274,0,4,0,1,y,r,1.0,Non-Congested,Congested
2605,47217361,0,4,0,2,y,r,2.0,Non-Congested,Non-Congested
2605,cluster_2455590523_389713_47212064,0,1,0,0,r,y,1.0,Non-Congested,Non-Congested
2605,cluster_2461783448_38980632_5243070374,6,6,5,1,G,r,4.0,Congested,Non-Congested
2605,cluster_2461880040_2461880142_8131892137,0,2,0,2,y,r,1.0,Non-Congested,Congested
2605,cluster_2461880136_4910664147_50607912_8131882097,0,2,0,0,r,G,3.0,Non-Congested,Non-Congested
2606,132200274,0,4,0,2,y,r,0.0,Non-Congested,Congested
2606,47217361,0,4,0,2,y,r,1.0,Non-Congested,Non-Congested
2606,cluster_2455590523_389713_47212064,0,2,0,0,r,y,0.0,Non-Congested,Non-Congested
2606,cluster_2461783448_38980632_5243070374,6,6,4,2,G,r,3.0,Non-Congested,Non-Congested
2606,cluster_2461880040_2461880142_8131892137,0,2,0,2,y,r,0.0,Non-Congested,Congested
2606,cluster_2461880136_4910664147_50607912_8131882097,0,2,0,0,r,G,2.0,Non-Congested,Non-Congested
2607,132200274,0,2,0,1,r,G,4.0,Non-Congested,Congested
2607,47217361,0,4,0,2,y,r,0.0,Non-Congested,Non-Congested
2607,cluster_2455590523_389713_47212064,0,3,0,0,G,r,4.0,Non-Congested,Non-Congested
2607,cluster_2461783448_38980632_5243070374,7,6,3,3,G,r,2.0,Non-Congested,Non-Congested
2607,cluster_2461880040_2461880142_8131892137,0,1,0,1,r,G,9.0,Non-Congested,Congested
2607,cluster_2461880136_4910664147_50607912_8131882097,0,1,0,0,r,G,1.0,Non-Congested,Non-Congested
2608,132200274,0,2,0,0,r,G,3.0,Non-Congested,Non-Congested
2608,47217361,0,4,0,2,r,r,4.0,Non-Congested,Non-Congested
2608,cluster_2455590523_389713_47212064,0,2,0,0,G,r,3.0,Non-Congested,Non-Congested
2608,cluster_2461783448_38980632_5243070374,6,6,2,3,G,r,1.0,Non-Congested,Non-Congested
2608,cluster_2461880040_2461880142_8131892137,0,1,0,0,r,G,8.0,Non-Congested,Congested
2608,cluster_2461880136_4910664147_50607912_8131882097,0,1,0,0,r,G,0.0,Non-Congested,Non-Congested
2609,132200274,0,2,0,1,r,G,2.0,Non-Congested,Non-Congested
2609,47217361,0,5,0,2,r,r,3.0,Non-Congested,Non-Congested
2609,cluster_2455590523_389713_47212064,0,2,0,0,G,r,2.0,Non-Congested,Non-Congested
2609,cluster_2461783448_38980632_5243070374,6,6,1,4,G,r,0.0,Non-Congested,Non-Congested
2609,cluster_2461880040_2461880142_8131892137,0,1,0,0,r,G,7.0,Non-Congested,Non-Congested
2609,cluster_2461880136_4910664147_50607912_8131882097,0,2,0,0,r,G,0.0,Non-Congested,Non-Congested
2610,132200274,0,3,0,1,r,G,1.0,Non-Congested,Non-Congested
2610,47217361,0,6,0,3,r,r,2.0,Non-Congested,Non-Congested
2610,cluster_2455590523_389713_47212064,0,2,0,1,G,r,1.0,Non-Congested,Non-Congested
2610,cluster_2461783448_38980632_5243070374,6,7,0,5,G,r,1.0,Non-Congested,Non-Congested
2610,cluster_2461880040_2461880142_8131892137,0,1,0,0,r,G,6.0,Non-Congested,Non-Congested
2610,cluster_2461880136_4910664147_50607912_8131882097,0,1,0,0,r,y,2.0,Non-Congested,Non-Congested
2611,132200274,0,3,0,1,r,G,0.0,Non-Congested,Non-Congested
2611,47217361,0,6,0,3,r,r,1.0,Non-Congested,Non-Congested
2611,cluster_2455590523_389713_47212064,0,2,0,1,G,r,0.0,Non-Congested,Non-Congested
2611,cluster_2461783448_38980632_5243070374,6,7,0,6,G,r,0.0,Non-Congested,Non-Congested
2611,cluster_2461880040_2461880142_8131892137,0,1,0,0,r,G,5.0,Non-Congested,Non-Congested
2611,cluster_2461880136_4910664147_50607912_8131882097,0,1,0,0,r,y,1.0,Non-Congested,Non-Congested
2612,132200274,0,2,0,1,r,G,0.0,Non-Congested,Non-Congested
2612,47217361,0,6,0,3,r,r,0.0,Non-Congested,Non-Congested
2612,cluster_2455590523_389713_47212064,0,2,0,2,y,r,3.0,Non-Congested,Non-Congested
2612,cluster_2461783448_38980632_5243070374,5,6,0,6,G,r,0.0,Non-Congested,Non-Congested
2612,cluster_2461880040_2461880142_8131892137,1,1,0,0,r,G,4.0,Non-Congested,Non-Congested
2612,cluster_2461880136_4910664147_50607912_8131882097,0,1,0,0,r,y,0.0,Non-Congested,Non-Congested
2613,132200274,0,2,0,1,r,y,2.0,Non-Congested,Non-Congested
2613,47217361,0,6,0,4,r,r,2.0,Non-Congested,Non-Congested
2613,cluster_2455590523_389713_47212064,0,2,0,2,y,r,2.0,Non-Congested,Non-Congested
2613,cluster_2461783448_38980632_5243070374,4,6,0,6,G,r,1.0,Non-Congested,Non-Congested
2613,cluster_2461880040_2461880142_8131892137,1,1,0,0,r,G,3.0,Non-Congested,Non-Congested
2613,cluster_2461880136_4910664147_50607912_8131882097,0,1,0,0,r,r,0.0,Non-Congested,Non-Congested
2614,132200274,0,3,0,1,r,y,1.0,Non-Congested,Non-Congested
2614,47217361,0,6,0,4,r,r,1.0,Non-Congested,Non-Congested
2614,cluster_2455590523_389713_47212064,0,2,0,2,y,r,1.0,Non-Congested,Non-Congested
2614,cluster_2461783448_38980632_5243070374,4,7,0,6,G,r,0.0,Non-Congested,Non-Congested
2614,cluster_2461880040_2461880142_8131892137,1,2,0,0,r,G,2.0,Non-Congested,Non-Congested
2614,cluster_2461880136_4910664147_50607912_8131882097,0,1,0,0,G,r,4.0,Non-Congested,Non-Congested
2615,132200274,0,3,0,1,r,y,0.0,Non-Congested,Congested
2615,47217361,0,5,0,4,r,r,0.0,Non-Congested,Non-Congested
2615,cluster_2455590523_389713_47212064,0,2,0,2,y,r,0.0,Non-Congested,Non-Congested
2615,cluster_2461783448_38980632_5243070374,5,7,0,6,G,r,1.0,Non-Congested,Non-Congested
2615,cluster_2461880040_2461880142_8131892137,1,2,0,0,r,G,1.0,Non-Congested,Non-Congested
2615,cluster_2461880136_4910664147_50607912_8131882097,0,1,0,0,G,r,3.0,Non-Congested,Non-Congested
2616,132200274,0,3,0,2,G,r,4.0,Non-Congested,Congested
2616,47217361,0,4,0,3,r,G,4.0,Non-Congested,Non-Congested
2616,cluster_2455590523_389713_47212064,0,3,0,2,r,r,6.0,Non-Congested,Non-Congested
2616,cluster_2461783448_38980632_5243070374,3,7,0,6,G,r,0.0,Non-Congested,Non-Congested
2616,cluster_2461880040_2461880142_8131892137,2,2,0,0,r,G,0.0,Non-Congested,Non-Congested
2617,132200274,0,3,0,2,G,r,3.0,Non-Congested,Congested
2617,47217361,0,4,0,2,r,G,3.0,Non-Congested,Non-Congested
2617,cluster_2455590523_389713_47212064,0,2,0,2,r,r,5.0,Non-Congested,Congested
2617,cluster_2461783448_38980632_5243070374,3,6,0,6,G,r,0.0,Non-Congested,Non-Congested
2617,cluster_2461880040_2461880142_8131892137,2,2,0,0,r,G,0.0,Non-Congested,Non-Congested
2618,132200274,0,3,0,3,G,r,2.0,Non-Congested,Congested
2618,47217361,0,4,0,1,r,G,2.0,Non-Congested,Non-Congested
2618,cluster_2455590523_389713_47212064,0,2,0,2,r,r,4.0,Non-Congested,Congested
2618,cluster_2461783448_38980632_5243070374,4,6,0,6,G,r,0.0,Non-Congested,Non-Congested
2618,cluster_2461880040_2461880142_8131892137,3,3,0,0,r,G,0.0,Non-Congested,Non-Congested
2619,132200274,0,3,0,3,G,r,1.0,Non-Congested,Congested
2619,47217361,0,4,0,0,r,G,1.0,Non-Congested,Non-Congested
2619,cluster_2455590523_389713_47212064,0,2,0,2,r,r,3.0,Non-Congested,Congested
2619,cluster_2461783448_38980632_5243070374,3,6,0,6,G,r,1.0,Non-Congested,Non-Congested
2619,cluster_2461880040_2461880142_8131892137,3,3,0,0,r,y,4.0,Non-Congested,Non-Congested
2620,132200274,0,3,0,3,G,r,0.0,Non-Congested,Congested
2620,47217361,0,3,0,0,r,G,0.0,Non-Congested,Non-Congested
2620,cluster_2455590523_389713_47212064,0,2,0,2,r,r,2.0,Non-Congested,Congested
2620,cluster_2461783448_38980632_5243070374,4,6,0,6,G,r,0.0,Non-Congested,Non-Congested
2620,cluster_2461880040_2461880142_8131892137,3,4,0,0,r,y,3.0,Non-Congested,Non-Congested
2621,132200274,0,3,0,3,y,r,2.0,Non-Congested,Congested
2621,47217361,0,4,0,0,r,G,1.0,Non-Congested,Non-Congested
2621,cluster_1420096799_47154676,0,1,0,0,G,r,0.0,Non-Congested,Non-Congested
2621,cluster_2455590523_389713_47212064,0,2,0,2,r,r,1.0,Non-Congested,Non-Congested
2621,cluster_2461783448_38980632_5243070374,2,6,0,6,G,r,0.0,Non-Congested,Non-Congested
2621,cluster_2461880040_2461880142_8131892137,2,3,0,0,r,y,2.0,Non-Congested,Non-Congested
2622,132200274,0,4,0,3,y,r,1.0,Non-Congested,Congested
2622,47217361,1,5,0,0,r,G,0.0,Non-Congested,Non-Congested
2622,cluster_1420096799_47154676,0,1,0,0,y,r,3.0,Non-Congested,Non-Congested
2622,cluster_2455590523_389713_47212064,0,2,0,2,r,r,0.0,Non-Congested,Non-Congested
2622,cluster_2461783448_38980632_5243070374,4,6,0,6,G,r,1.0,Non-Congested,Non-Congested
2622,cluster_2461880040_2461880142_8131892137,2,3,0,0,r,y,1.0,Non-Congested,Non-Congested
2623,132200274,0,4,0,3,y,r,0.0,Non-Congested,Congested
2623,47217361,1,4,0,0,r,G,1.0,Non-Congested,Non-Congested
2623,cluster_1420096799_47154676,0,1,0,0,y,r,2.0,Non-Congested,Non-Congested
2623,cluster_2455590523_389713_47212064,0,2,0,2,r,r,1.0,Non-Congested,Non-Congested
2623,cluster_2461783448_38980632_5243070374,4,6,0,6,G,r,0.0,Non-Congested,Non-Congested
2623,cluster_2461880040_2461880142_8131892137,2,4,0,0,r,y,0.0,Non-Congested,Non-Congested
2624,132200274,0,4,0,3,r,G,4.0,Non-Congested,Congested
2624,47217361,1,4,0,0,r,G,0.0,Non-Congested,Non-Congested
2624,cluster_1420096799_47154676,0,1,0,1,y,r,1.0,Non-Congested,Non-Congested
2624,cluster_2455590523_389713_47212064,0,2,0,2,r,r,0.0,Non-Congested,Non-Congested
2624,cluster_2461783448_38980632_5243070374,4,6,0,6,G,r,1.0,Non-Congested,Non-Congested
2624,cluster_2461880040_2461880142_8131892137,1,3,0,0,r,r,4.0,Non-Congested,Congested
2625,132200274,0,4,0,3,r,G,3.0,Non-Congested,Congested
2625,47217361,2,3,0,0,r,G,1.0,Non-Congested,Non-Congested
2625,cluster_1420096799_47154676,0,1,0,1,y,r,0.0,Non-Congested,Non-Congested
2625,cluster_2455590523_389713_47212064,0,2,0,2,r,r,0.0,Non-Congested,Non-Congested
2625,cluster_2461783448_38980632_5243070374,4,6,0,6,G,r,0.0,Non-Congested,Non-Congested
2625,cluster_2461880040_2461880142_8131892137,1,3,0,1,r,r,3.0,Non-Congested,Congested
2626,132200274,0,5,0,4,r,G,2.0,Non-Congested,Congested
2626,47217361,2,3,0,0,r,G,0.0,Non-Congested,Non-Congested
2626,cluster_1420096799_47154676,0,1,0,1,r,r,6.0,Non-Congested,Non-Congested
2626,cluster_2455590523_389713_47212064,0,2,0,2,r,r,0.0,Non-Congested,Non-Congested
2626,cluster_2461783448_38980632_5243070374,4,7,0,6,G,r,0.0,Non-Congested,Non-Congested
2626,cluster_2461880040_2461880142_8131892137,0,2,0,1,r,r,2.0,Non-Congested,Congested
2627,132200274,0,5,0,4,r,G,1.0,Non-Congested,Congested
2627,47217361,3,3,0,0,r,G,0.0,Non-Congested,Non-Congested
2627,cluster_1420096799_47154676,0,1,0,1,r,r,5.0,Non-Congested,Non-Congested
2627,cluster_2455590523_389713_47212064,1,2,0,2,r,r,3.0,Congested,Non-Congested
2627,cluster_2461783448_38980632_5243070374,4,7,0,6,G,r,4.0,Non-Congested,Non-Congested
2627,cluster_2461880040_2461880142_8131892137,0,2,0,2,r,r,1.0,Non-Congested,Congested
2628,132200274,0,5,0,4,r,G,0.0,Non-Congested,Congested
2628,47217361,3,1,0,0,r,G,0.0,Non-Congested,Non-Congested
2628,cluster_1420096799_47154676,0,1,0,1,r,r,4.0,Non-Congested,Non-Congested
2628,cluster_2455590523_389713_47212064,0,2,0,2,r,r,2.0,Congested,Non-Congested
2628,cluster_2461783448_38980632_5243070374,4,6,1,6,G,r,3.0,Non-Congested,Non-Congested
2628,cluster_2461880040_2461880142_8131892137,0,2,0,2,r,r,0.0,Non-Congested,Congested
2629,132200274,0,6,0,6,r,G,1.0,Non-Congested,Congested
2629,47217361,3,1,0,0,r,y,2.0,Non-Congested,Non-Congested
2629,cluster_1420096799_47154676,0,1,0,1,r,r,3.0,Non-Congested,Non-Congested
2629,cluster_2455590523_389713_47212064,0,2,0,2,r,r,1.0,Non-Congested,Non-Congested
2629,cluster_2461783448_38980632_5243070374,4,6,1,6,G,r,2.0,Non-Congested,Non-Congested
2629,cluster_2461880040_2461880142_8131892137,0,2,0,2,r,r,4.0,Non-Congested,Congested
2630,132200274,0,6,0,5,r,G,0.0,Non-Congested,Congested
2630,47217361,3,1,0,0,r,y,1.0,Non-Congested,Non-Congested
2630,cluster_1420096799_47154676,0,1,0,1,r,r,2.0,Non-Congested,Non-Congested
2630,cluster_2455590523_389713_47212064,0,2,0,2,r,r,0.0,Non-Congested,Non-Congested
2630,cluster_2461783448_38980632_5243070374,3,6,1,6,G,r,1.0,Non-Congested,Non-Congested
2630,cluster_2461880040_2461880142_8131892137,0,2,0,2,r,r,3.0,Non-Congested,Congested
2631,132200274,0,6,0,5,r,G,1.0,Non-Congested,Congested
2631,47217361,3,1,0,0,r,y,0.0,Non-Congested,Non-Congested
2631,cluster_1420096799_47154676,0,1,0,1,r,r,1.0,Non-Congested,Non-Congested
2631,cluster_2455590523_389713_47212064,0,1,0,1,r,G,4.0,Non-Congested,Non-Congested
2631,cluster_2461783448_38980632_5243070374,5,6,1,6,G,r,0.0,Non-Congested,Non-Congested
2631,cluster_2461880040_2461880142_8131892137,0,2,0,2,r,r,2.0,Non-Congested,Congested
2632,132200274,0,6,0,5,r,G,0.0,Non-Congested,Congested
2632,47217361,2,1,0,0,G,r,4.0,Non-Congested,Non-Congested
2632,cluster_1420096799_47154676,0,1,0,1,r,r,0.0,Non-Congested,Non-Congested
2632,cluster_2455590523_389713_47212064,0,1,0,0,r,G,3.0,Non-Congested,Non-Congested
2632,cluster_2461783448_38980632_5243070374,4,6,1,6,G,r,9.0,Non-Congested,Non-Congested
2632,cluster_2461880040_2461880142_8131892137,0,2,0,2,r,r,1.0,Non-Congested,Congested
2633,132200274,0,6,0,5,r,G,1.0,Non-Congested,Congested
2633,47217361,2,1,0,0,G,r,3.0,Non-Congested,Non-Congested
2633,cluster_1420096799_47154676,0,1,0,1,r,r,3.0,Non-Congested,Non-Congested
2633,cluster_2455590523_389713_47212064,0,1,0,0,r,G,2.0,Non-Congested,Non-Congested
2633,cluster_2461783448_38980632_5243070374,6,6,1,6,G,r,8.0,Non-Congested,Non-Congested
2633,cluster_2461880040_2461880142_8131892137,0,2,0,2,r,r,0.0,Non-Congested,Congested
2633,cluster_2461880136_4910664147_50607912_8131882097,0,1,0,0,G,r,2.0,Non-Congested,Non-Congested
2634,132200274,0,6,0,5,r,G,0.0,Non-Congested,Congested
2634,47217361,1,1,0,0,G,r,2.0,Non-Congested,Non-Congested
2634,cluster_1420096799_47154676,0,1,0,1,r,r,2.0,Non-Congested,Non-Congested
2634,cluster_2455590523_389713_47212064,0,1,0,0,r,G,1.0,Non-Congested,Non-Congested
2634,cluster_2461783448_38980632_5243070374,6,6,1,6,G,r,7.0,Non-Congested,Non-Congested
2634,cluster_2461880040_2461880142_8131892137,0,2,0,2,G,r,4.0,Non-Congested,Congested
2634,cluster_2461880136_4910664147_50607912_8131882097,0,1,0,0,G,r,1.0,Non-Congested,Non-Congested
2635,132200274,0,6,0,5,r,G,1.0,Non-Congested,Congested
2635,47217361,1,1,0,0,G,r,1.0,Non-Congested,Non-Congested
2635,cluster_1420096799_47154676,0,1,0,1,r,r,1.0,Non-Congested,Non-Congested
2635,cluster_2455590523_389713_47212064,0,2,0,0,r,G,0.0,Non-Congested,Non-Congested
2635,cluster_2461783448_38980632_5243070374,6,6,2,6,G,r,6.0,Non-Congested,Non-Congested
2635,cluster_2461880040_2461880142_8131892137,0,2,0,2,G,r,3.0,Non-Congested,Congested
2635,cluster_2461880136_4910664147_50607912_8131882097,0,1,0,0,G,r,0.0,Non-Congested,Non-Congested
2636,132200274,0,6,0,5,r,G,0.0,Non-Congested,Congested
2636,47217361,1,1,0,0,G,r,0.0,Non-Congested,Non-Congested
2636,cluster_1420096799_47154676,0,1,0,1,r,r,0.0,Non-Congested,Non-Congested
2636,cluster_2455590523_389713_47212064,0,2,0,0,r,y,3.0,Non-Congested,Non-Congested
2636,cluster_2461783448_38980632_5243070374,5,6,3,6,G,r,5.0,Non-Congested,Non-Congested
2636,cluster_2461880040_2461880142_8131892137,0,2,0,2,G,r,2.0,Non-Congested,Congested
2636,cluster_2461880136_4910664147_50607912_8131882097,0,1,0,0,y,r,2.0,Non-Congested,Non-Congested
2637,132200274,0,6,0,6,r,G,1.0,Non-Congested,Congested
2637,47217361,0,1,0,0,G,r,1.0,Non-Congested,Non-Congested
2637,cluster_2455590523_389713_47212064,0,2,0,0,r,y,2.0,Non-Congested,Non-Congested
2637,cluster_2461783448_38980632_5243070374,6,6,4,6,G,r,4.0,Non-Congested,Non-Congested
2637,cluster_2461880040_2461880142_8131892137,0,2,0,2,G,r,1.0,Non-Congested,Congested
2637,cluster_2461880136_4910664147_50607912_8131882097,0,1,0,0,y,r,1.0,Non-Congested,Non-Congested
2638,132200274,0,6,0,6,r,G,0.0,Non-Congested,Congested
2638,47217361,0,1,0,0,G,r,0.0,Non-Congested,Non-Congested
2638,cluster_2455590523_389713_47212064,0,1,0,0,r,y,1.0,Non-Congested,Non-Congested
2638,cluster_2461783448_38980632_5243070374,7,6,4,6,G,r,3.0,Non-Congested,Non-Congested
2638,cluster_2461880040_2461880142_8131892137,0,2,0,2,G,r,0.0,Non-Congested,Congested
2638,cluster_2461880136_4910664147_50607912_8131882097,0,2,0,0,y,r,0.0,Non-Congested,Non-Congested
2639,132200274,0,6,0,6,r,G,1.0,Non-Congested,Congested
2639,47217361,0,1,0,1,G,r,0.0,Non-Congested,Non-Congested
2639,cluster_2455590523_389713_47212064,0,2,0,1,r,y,0.0,Non-Congested,Non-Congested
2639,cluster_2461783448_38980632_5243070374,8,6,4,6,G,r,2.0,Non-Congested,Non-Congested
2639,cluster_2461880040_2461880142_8131892137,0,2,0,2,y,r,4.0,Non-Congested,Congested
2639,cluster_2461880136_4910664147_50607912_8131882097,0,2,0,0,r,G,4.0,Non-Congested,Non-Congested
2640,132200274,0,6,0,6,r,G,0.0,Non-Congested,Congested
2640,47217361,0,1,0,1,y,r,2.0,Non-Congested,Non-Congested
2640,cluster_2455590523_389713_47212064,0,2,0,1,G,r,4.0,Non-Congested,Non-Congested
2640,cluster_2461783448_38980632_5243070374,8,6,5,6,G,r,1.0,Non-Congested,Non-Congested
2640,cluster_2461880040_2461880142_8131892137,0,2,0,2,y,r,3.0,Non-Congested,Congested
2640,cluster_2461880136_4910664147_50607912_8131882097,0,1,0,0,r,G,3.0,Non-Congested,Non-Congested
2641,132200274,0,6,0,6,r,G,1.0,Non-Congested,Congested
2641,47217361,0,1,0,1,y,r,1.0,Non-Congested,Non-Congested
2641,cluster_2455590523_389713_47212064,0,2,0,1,G,r,3.0,Non-Congested,Non-Congested
2641,cluster_2461783448_38980632_5243070374,9,6,5,6,G,r,0.0,Non-Congested,Non-Congested
2641,cluster_2461880040_2461880142_8131892137,0,2,0,2,y,r,2.0,Non-Congested,Congested
2641,cluster_2461880136_4910664147_50607912_8131882097,0,2,0,0,r,G,2.0,Non-Congested,Non-Congested
2642,132200274,0,6,0,6,r,G,0.0,Non-Congested,Congested
2642,47217361,0,1,0,1,y,r,0.0,Non-Congested,Non-Congested
2642,cluster_1420096799_47154676,1,0,0,0,r,G,1.0,Non-Congested,Non-Congested
2642,cluster_2455590523_389713_47212064,0,2,0,1,G,r,2.0,Non-Congested,Non-Congested
2642,cluster_2461783448_38980632_5243070374,9,6,5,6,G,r,1.0,Non-Congested,Non-Congested
2642,cluster_2461880040_2461880142_8131892137,0,2,0,2,y,r,1.0,Non-Congested,Congested
2642,cluster_2461880136_4910664147_50607912_8131882097,0,2,0,0,r,G,1.0,Non-Congested,Non-Congested
2643,132200274,0,6,0,6,r,G,1.0,Non-Congested,Congested
2643,47217361,0,1,0,1,r,r,4.0,Non-Congested,Non-Congested
2643,cluster_1420096799_47154676,1,0,0,0,r,G,0.0,Non-Congested,Non-Congested
2643,cluster_2455590523_389713_47212064,0,2,0,2,G,r,1.0,Non-Congested,Non-Congested
2643,cluster_2461783448_38980632_5243070374,10,6,5,6,G,r,0.0,Congested,Non-Congested
2643,cluster_2461880040_2461880142_8131892137,0,2,0,2,y,r,0.0,Non-Congested,Congested
2643,cluster_2461880136_4910664147_50607912_8131882097,0,3,0,0,r,G,0.0,Non-Congested,Non-Congested
2644,132200274,0,6,0,6,r,G,0.0,Non-Congested,Congested
2644,47217361,0,1,0,1,r,r,3.0,Non-Congested,Non-Congested
2644,cluster_1420096799_47154676,1,0,0,0,r,y,3.0,Non-Congested,Non-Congested
2644,cluster_2455590523_389713_47212064,0,2,0,2,G,r,0.0,Non-Congested,Non-Congested
2644,cluster_2461783448_38980632_5243070374,10,6,7,6,G,r,0.0,Congested,Non-Congested
2644,cluster_2461880040_2461880142_8131892137,0,1,0,1,r,G,9.0,Non-Congested,Congested
2644,cluster_2461880136_4910664147_50607912_8131882097,0,3,0,0,r,y,2.0,Non-Congested,Non-Congested
2645,132200274,0,6,0,6,r,G,1.0,Non-Congested,Congested
2645,47217361,0,1,0,1,r,r,2.0,Non-Congested,Non-Congested
2645,cluster_1420096799_47154676,1,0,0,0,r,y,2.0,Non-Congested,Non-Congested
2645,cluster_2455590523_389713_47212064,0,2,0,2,y,r,3.0,Non-Congested,Non-Congested
2645,cluster_2461783448_38980632_5243070374,11,6,7,6,G,r,1.0,Congested,Non-Congested
2645,cluster_2461880040_2461880142_8131892137,0,1,0,0,r,G,8.0,Non-Congested,Non-Congested
2645,cluster_2461880136_4910664147_50607912_8131882097,0,3,0,0,r,y,1.0,Non-Congested,Non-Congested
2646,132200274,0,6,0,6,r,G,0.0,Non-Congested,Congested
2646,47217361,0,1,0,1,r,r,1.0,Non-Congested,Non-Congested
2646,cluster_1420096799_47154676,1,0,0,0,r,y,1.0,Non-Congested,Non-Congested
2646,cluster_2455590523_389713_47212064,0,2,0,2,y,r,2.0,Non-Congested,Non-Congested
2646,cluster_2461783448_38980632_5243070374,10,6,8,6,G,r,0.0,Congested,Non-Congested
2646,cluster_2461880040_2461880142_8131892137,0,1,0,0,r,G,7.0,Non-Congested,Non-Congested
2646,cluster_2461880136_4910664147_50607912_8131882097,0,3,0,0,r,y,0.0,Non-Congested,Non-Congested
2647,132200274,0,6,0,6,r,G,1.0,Non-Congested,Congested
2647,181747232,1,0,0,0,r,y,2.0,Non-Congested,Non-Congested
2647,47217361,0,1,0,1,r,r,0.0,Non-Congested,Non-Congested
2647,cluster_1420096799_47154676,1,0,0,0,r,y,0.0,Non-Congested,Non-Congested
2647,cluster_2455590523_389713_47212064,0,2,0,2,y,r,1.0,Non-Congested,Non-Congested
2647,cluster_2461783448_38980632_5243070374,10,6,8,6,G,r,0.0,Congested,Non-Congested
2647,cluster_2461880040_2461880142_8131892137,0,1,0,0,r,G,6.0,Non-Congested,Non-Congested
2647,cluster_2461880136_4910664147_50607912_8131882097,0,3,0,0,r,r,0.0,Non-Congested,Non-Congested
2648,132200274,0,6,0,6,r,G,0.0,Non-Congested,Congested
2648,181747232,1,0,0,0,r,y,1.0,Non-Congested,Non-Congested
2648,47217361,0,1,0,1,r,r,1.0,Non-Congested,Non-Congested
2648,cluster_2455590523_389713_47212064,0,2,0,2,y,r,0.0,Non-Congested,Non-Congested
2648,cluster_2461783448_38980632_5243070374,10,6,9,6,G,r,0.0,Congested,Non-Congested
2648,cluster_2461880040_2461880142_8131892137,0,1,0,0,r,G,5.0,Non-Congested,Non-Congested
2648,cluster_2461880136_4910664147_50607912_8131882097,0,3,0,0,G,r,4.0,Non-Congested,Non-Congested
2649,132200274,0,6,0,6,r,G,1.0,Non-Congested,Congested
2649,181747232,1,0,0,0,r,y,0.0,Non-Congested,Non-Congested
2649,47217361,0,1,0,1,r,r,0.0,Non-Congested,Non-Congested
2649,cluster_2455590523_389713_47212064,0,2,0,2,r,r,6.0,Non-Congested,Congested
2649,cluster_2461783448_38980632_5243070374,10,6,10,6,y,r,4.0,Congested,Non-Congested
2649,cluster_2461880136_4910664147_50607912_8131882097,0,3,0,0,G,r,3.0,Non-Congested,Non-Congested
2650,132200274,0,6,0,6,r,G,0.0,Non-Congested,Congested
2650,181747232,1,0,0,0,G,r,6.0,Non-Congested,Non-Congested
2650,47217361,0,2,0,1,r,r,0.0,Non-Congested,Non-Congested
2650,cluster_2455590523_389713_47212064,0,2,0,2,r,r,5.0,Non-Congested,Congested
2650,cluster_2461783448_38980632_5243070374,10,7,10,6,y,r,3.0,Congested,Non-Congested
2650,cluster_2461880040_2461880142_8131892137,1,1,0,0,r,G,3.0,Non-Congested,Non-Congested
2650,cluster_2461880136_4910664147_50607912_8131882097,0,3,0,1,G,r,2.0,Non-Congested,Non-Congested
2651,132200274,0,6,0,6,r,G,1.0,Non-Congested,Congested
2651,181747232,1,0,0,0,G,r,5.0,Non-Congested,Non-Congested
2651,47217361,0,2,0,1,r,r,2.0,Non-Congested,Non-Congested
2651,cluster_2455590523_389713_47212064,0,2,0,2,r,r,4.0,Non-Congested,Congested
2651,cluster_2461783448_38980632_5243070374,10,7,10,6,y,r,2.0,Congested,Non-Congested
2651,cluster_2461880040_2461880142_8131892137,1,1,0,0,r,G,2.0,Non-Congested,Non-Congested
2651,cluster_2461880136_4910664147_50607912_8131882097,0,3,0,1,G,r,1.0,Non-Congested,Non-Congested
2652,132200274,0,6,0,6,r,G,0.0,Non-Congested,Congested
2652,181747232,1,0,0,0,G,r,4.0,Non-Congested,Non-Congested
2652,47217361,0,2,0,1,r,r,1.0,Non-Congested,Non-Congested
2652,cluster_2455590523_389713_47212064,0,2,0,2,r,r,3.0,Non-Congested,Non-Congested
2652,cluster_2461783448_38980632_5243070374,10,7,10,6,y,r,1.0,Congested,Non-Congested
2652,cluster_2461880040_2461880142_8131892137,2,2,0,0,r,G,1.0,Non-Congested,Non-Congested
2652,cluster_2461880136_4910664147_50607912_8131882097,0,2,0,1,G,r,0.0,Non-Congested,Non-Congested
2653,132200274,0,6,0,6,r,G,1.0,Non-Congested,Congested
2653,181747232,1,0,0,0,G,r,3.0,Non-Congested,Non-Congested
2653,47217361,0,2,0,1,r,r,0.0,Non-Congested,Non-Congested
2653,cluster_2455590523_389713_47212064,0,2,0,2,r,r,2.0,Non-Congested,Non-Congested
2653,cluster_2461783448_38980632_5243070374,10,7,10,6,y,r,0.0,Congested,Non-Congested
2653,cluster_2461880040_2461880142_8131892137,2,2,0,0,r,G,0.0,Non-Congested,Non-Congested
2653,cluster_2461880136_4910664147_50607912_8131882097,0,2,0,2,y,r,2.0,Non-Congested,Non-Congested
2654,132200274,0,6,0,6,r,G,0.0,Non-Congested,Congested
2654,181747232,1,0,0,0,G,r,2.0,Non-Congested,Non-Congested
2654,47217361,0,1,0,0,r,G,4.0,Non-Congested,Non-Congested
2654,cluster_2455590523_389713_47212064,0,2,0,2,r,r,1.0,Non-Congested,Non-Congested
2654,cluster_2461783448_38980632_5243070374,9,7,9,5,r,G,4.0,Congested,Non-Congested
2654,cluster_2461880040_2461880142_8131892137,2,2,0,0,r,y,4.0,Non-Congested,Non-Congested
2654,cluster_2461880136_4910664147_50607912_8131882097,0,2,0,2,y,r,1.0,Non-Congested,Non-Congested
2655,132200274,0,6,0,6,r,G,1.0,Non-Congested,Congested
2655,181747232,1,0,0,0,G,r,1.0,Non-Congested,Non-Congested
2655,cluster_2455590523_389713_47212064,0,2,0,2,r,r,0.0,Non-Congested,Non-Congested
2655,cluster_2461783448_38980632_5243070374,9,7,8,4,r,G,3.0,Congested,Non-Congested
2655,cluster_2461880040_2461880142_8131892137,2,3,0,0,r,y,3.0,Non-Congested,Non-Congested
2655,cluster_2461880136_4910664147_50607912_8131882097,0,2,0,2,y,r,0.0,Non-Congested,Non-Congested
2656,132200274,0,6,0,6,r,G,0.0,Non-Congested,Congested
2656,181747232,2,0,0,0,G,r,0.0,Non-Congested,Non-Congested
2656,cluster_2455590523_389713_47212064,0,3,0,2,r,r,0.0,Non-Congested,Non-Congested
2656,cluster_2461783448_38980632_5243070374,10,7,7,4,r,G,2.0,Congested,Non-Congested
2656,cluster_2461880040_2461880142_8131892137,2,3,0,0,r,y,2.0,Non-Congested,Non-Congested
2656,cluster_2461880136_4910664147_50607912_8131882097,0,1,0,1,r,G,4.0,Non-Congested,Non-Congested
2657,132200274,0,6,0,6,r,y,2.0,Non-Congested,Congested
2657,181747232,2,0,0,0,y,r,3.0,Non-Congested,Non-Congested
2657,47217361,0,1,0,0,r,G,1.0,Non-Congested,Non-Congested
2657,cluster_2455590523_389713_47212064,1,3,0,2,r,r,0.0,Non-Congested,Non-Congested
2657,cluster_2461783448_38980632_5243070374,10,7,6,4,r,G,1.0,Congested,Non-Congested
2657,cluster_2461880040_2461880142_8131892137,2,3,0,0,r,y,1.0,Non-Congested,Non-Congested
2657,cluster_2461880136_4910664147_50607912_8131882097,0,1,0,0,r,G,3.0,Non-Congested,Non-Congested
2658,132200274,0,6,0,6,r,y,1.0,Non-Congested,Congested
2658,181747232,2,0,0,0,y,r,2.0,Non-Congested,Non-Congested
2658,47217361,0,1,0,0,r,G,0.0,Non-Congested,Non-Congested
2658,cluster_2455590523_389713_47212064,0,2,0,2,r,r,3.0,Non-Congested,Non-Congested
2658,cluster_2461783448_38980632_5243070374,10,7,6,4,r,G,0.0,Congested,Non-Congested
2658,cluster_2461880040_2461880142_8131892137,1,3,0,0,r,y,0.0,Non-Congested,Non-Congested
2658,cluster_2461880136_4910664147_50607912_8131882097,0,1,0,0,r,G,2.0,Non-Congested,Non-Congested
2659,132200274,0,6,0,6,r,y,0.0,Non-Congested,Congested
2659,181747232,2,0,0,0,y,r,1.0,Non-Congested,Non-Congested
2659,47217361,0,2,0,0,r,y,2.0,Non-Congested,Non-Congested
2659,cluster_2455590523_389713_47212064,1,2,0,2,r,r,2.0,Non-Congested,Non-Congested
2659,cluster_2461783448_38980632_5243070374,10,7,7,5,r,y,4.0,Congested,Non-Congested
2659,cluster_2461880040_2461880142_8131892137,1,3,0,0,r,r,4.0,Non-Congested,Congested
2659,cluster_2461880136_4910664147_50607912_8131882097,0,1,0,0,r,G,1.0,Non-Congested,Non-Congested
2660,132200274,0,6,0,6,G,r,4.0,Non-Congested,Congested
2660,181747232,2,0,0,0,y,r,0.0,Non-Congested,Non-Congested
2660,47217361,0,2,0,0,r,y,1.0,Non-Congested,Non-Congested
2660,cluster_2455590523_389713_47212064,1,2,0,2,r,r,1.0,Non-Congested,Non-Congested
2660,cluster_2461783448_38980632_5243070374,11,7,7,6,r,y,3.0,Congested,Non-Congested
2660,cluster_2461880040_2461880142_8131892137,0,2,0,1,r,r,3.0,Non-Congested,Congested
2660,cluster_2461880136_4910664147_50607912_8131882097,0,1,0,0,r,G,0.0,Non-Congested,Non-Congested
2661,132200274,0,6,0,6,G,r,3.0,Non-Congested,Congested
2661,181747232,2,1,0,0,r,G,6.0,Non-Congested,Congested
2661,47217361,0,2,0,0,r,y,0.0,Non-Congested,Non-Congested
2661,cluster_2455590523_389713_47212064,1,2,0,2,r,r,0.0,Non-Congested,Non-Congested
2661,cluster_2461783448_38980632_5243070374,11,7,7,4,r,y,2.0,Congested,Non-Congested
2661,cluster_2461880040_2461880142_8131892137,0,2,0,1,r,r,2.0,Non-Congested,Congested
2661,cluster_2461880136_4910664147_50607912_8131882097,0,1,0,1,r,y,2.0,Non-Congested,Non-Congested
2662,132200274,0,6,0,6,G,r,2.0,Non-Congested,Congested
2662,181747232,2,0,0,0,r,G,5.0,Non-Congested,Congested
2662,47217361,0,2,0,0,G,r,4.0,Non-Congested,Non-Congested
2662,cluster_2455590523_389713_47212064,1,1,0,1,r,G,4.0,Non-Congested,Non-Congested
2662,cluster_2461783448_38980632_5243070374,11,7,8,5,r,y,1.0,Congested,Non-Congested
2662,cluster_2461880040_2461880142_8131892137,0,2,0,2,r,r,1.0,Non-Congested,Congested
2662,cluster_2461880136_4910664147_50607912_8131882097,0,1,0,1,r,y,1.0,Non-Congested,Non-Congested
2663,132200274,0,6,0,6,G,r,1.0,Non-Congested,Congested
2663,181747232,2,0,0,0,r,G,4.0,Non-Congested,Congested
2663,47217361,0,1,0,0,G,r,3.0,Non-Congested,Non-Congested
2663,cluster_2455590523_389713_47212064,1,1,0,0,r,G,3.0,Non-Congested,Non-Congested
2663,cluster_2461783448_38980632_5243070374,11,7,9,6,r,y,0.0,Congested,Non-Congested
2663,cluster_2461880040_2461880142_8131892137,0,2,0,2,r,r,0.0,Non-Congested,Congested
2663,cluster_2461880136_4910664147_50607912_8131882097,0,2,0,1,r,y,0.0,Non-Congested,Non-Congested
2664,132200274,0,7,0,6,G,r,0.0,Non-Congested,Congested
2664,181747232,2,0,0,0,r,G,3.0,Non-Congested,Congested
2664,47217361,0,1,0,0,G,r,2.0,Non-Congested,Non-Congested
2664,cluster_2455590523_389713_47212064,1,2,1,0,r,G,2.0,Non-Congested,Non-Congested
2664,cluster_2461783448_38980632_5243070374,11,7,9,6,G,r,4.0,Congested,Non-Congested
2664,cluster_2461880040_2461880142_8131892137,0,2,0,2,r,r,1.0,Non-Congested,Congested
2664,cluster_2461880136_4910664147_50607912_8131882097,0,2,0,1,r,r,0.0,Non-Congested,Non-Congested
2665,132200274,0,7,0,6,y,r,2.0,Non-Congested,Congested
2665,181747232,2,0,0,0,r,G,2.0,Non-Congested,Non-Congested
2665,47217361,0,1,0,0,G,r,1.0,Non-Congested,Non-Congested
2665,cluster_2455590523_389713_47212064,1,1,1,0,r,G,1.0,Non-Congested,Non-Congested
2665,cluster_2461783448_38980632_5243070374,10,7,10,7,G,r,3.0,Congested,Non-Congested
2665,cluster_2461880040_2461880142_8131892137,0,2,0,2,r,r,0.0,Non-Congested,Congested
2665,cluster_2461880136_4910664147_50607912_8131882097,0,2,0,1,G,r,4.0,Non-Congested,Non-Congested
2666,132200274,0,7,0,6,y,r,1.0,Non-Congested,Congested
2666,181747232,3,1,0,0,r,G,1.0,Non-Congested,Non-Congested
2666,47217361,0,1,0,0,G,r,0.0,Non-Congested,Non-Congested
2666,cluster_2455590523_389713_47212064,1,1,1,0,r,G,0.0,Non-Congested,Non-Congested
2666,cluster_2461783448_38980632_5243070374,10,7,10,7,G,r,2.0,Congested,Non-Congested
2666,cluster_2461880040_2461880142_8131892137,0,2,0,2,r,r,1.0,Non-Congested,Congested
2666,cluster_2461880136_4910664147_50607912_8131882097,0,2,0,1,G,r,3.0,Non-Congested,Non-Congested
2667,132200274,0,7,0,6,y,r,0.0,Non-Congested,Congested
2667,181747232,3,1,0,0,r,G,0.0,Non-Congested,Congested
2667,47217361,0,1,0,0,y,r,2.0,Non-Congested,Non-Congested
2667,cluster_2455590523_389713_47212064,1,1,1,0,r,y,3.0,Non-Congested,Non-Congested
2667,cluster_2461783448_38980632_5243070374,10,7,10,7,G,r,1.0,Congested,Non-Congested
2667,cluster_2461880040_2461880142_8131892137,0,2,0,2,r,r,0.0,Non-Congested,Congested
2667,cluster_2461880136_4910664147_50607912_8131882097,0,2,0,1,G,r,2.0,Non-Congested,Non-Congested
2668,132200274,0,5,0,5,r,G,4.0,Non-Congested,Congested
2668,181747232,3,1,0,0,r,G,0.0,Non-Congested,Non-Congested
2668,47217361,0,1,0,0,y,r,1.0,Non-Congested,Non-Congested
2668,cluster_2455590523_389713_47212064,1,1,1,0,r,y,2.0,Non-Congested,Non-Congested
2668,cluster_2461783448_38980632_5243070374,10,7,10,7,G,r,0.0,Congested,Non-Congested
2668,cluster_2461880040_2461880142_8131892137,0,2,0,2,r,r,1.0,Non-Congested,Congested
2668,cluster_2461880136_4910664147_50607912_8131882097,0,2,0,1,G,r,1.0,Non-Congested,Non-Congested
2669,132200274,0,5,0,4,r,G,3.0,Non-Congested,Congested
2669,181747232,4,2,0,0,r,G,0.0,Non-Congested,Non-Congested
2669,47217361,0,1,0,0,y,r,0.0,Non-Congested,Non-Congested
2669,cluster_2455590523_389713_47212064,1,0,1,0,r,y,1.0,Non-Congested,Non-Congested
2669,cluster_2461783448_38980632_5243070374,10,7,10,7,G,r,4.0,Congested,Non-Congested
2669,cluster_2461880040_2461880142_8131892137,0,2,0,2,r,r,0.0,Non-Congested,Congested
2669,cluster_2461880136_4910664147_50607912_8131882097,0,2,0,1,G,r,0.0,Non-Congested,Non-Congested
2670,132200274,0,6,0,3,r,G,2.0,Non-Congested,Congested
2670,181747232,4,2,0,0,r,y,3.0,Non-Congested,Non-Congested
2670,47217361,0,1,0,0,r,r,4.0,Non-Congested,Non-Congested
2670,cluster_2455590523_389713_47212064,1,0,1,0,r,y,0.0,Non-Congested,Non-Congested
2670,cluster_2461783448_38980632_5243070374,10,7,10,7,G,r,3.0,Congested,Non-Congested
2670,cluster_2461880040_2461880142_8131892137,0,2,0,2,r,r,1.0,Non-Congested,Congested
2670,cluster_2461880136_4910664147_50607912_8131882097,0,2,0,1,y,r,2.0,Non-Congested,Non-Congested
2671,132200274,0,4,0,1,r,G,1.0,Non-Congested,Congested
2671,181747232,4,2,0,0,r,y,2.0,Non-Congested,Non-Congested
2671,47217361,0,1,0,0,r,r,3.0,Non-Congested,Non-Congested
2671,cluster_2461783448_38980632_5243070374,10,7,10,7,G,r,2.0,Congested,Non-Congested
2671,cluster_2461880040_2461880142_8131892137,0,2,0,2,r,r,0.0,Non-Congested,Congested
2671,cluster_2461880136_4910664147_50607912_8131882097,0,3,0,1,y,r,1.0,Non-Congested,Non-Congested
2672,132200274,0,4,0,0,r,G,0.0,Non-Congested,Non-Congested
2672,181747232,4,2,0,0,r,y,1.0,Non-Congested,Non-Congested
2672,47217361,0,1,0,0,r,r,2.0,Non-Congested,Non-Congested
2672,cluster_2461783448_38980632_5243070374,10,7,10,7,G,r,1.0,Congested,Non-Congested
2672,cluster_2461880040_2461880142_8131892137,0,2,0,2,r,r,1.0,Non-Congested,Congested
2672,cluster_2461880136_4910664147_50607912_8131882097,0,3,0,1,y,r,0.0,Non-Congested,Non-Congested
2673,132200274,0,3,0,0,r,y,2.0,Non-Congested,Non-Congested
2673,181747232,4,2,0,0,r,y,0.0,Non-Congested,Non-Congested
2673,47217361,0,1,0,0,r,r,1.0,Non-Congested,Non-Congested
2673,cluster_2461783448_38980632_5243070374,10,7,10,7,G,r,0.0,Congested,Non-Congested
2673,cluster_2461880040_2461880142_8131892137,0,2,0,2,r,r,0.0,Non-Congested,Congested
2673,cluster_2461880136_4910664147_50607912_8131882097,0,2,0,0,r,G,4.0,Non-Congested,Non-Congested
2674,132200274,0,4,0,1,r,y,1.0,Non-Congested,Non-Congested
2674,181747232,4,2,0,0,G,r,6.0,Non-Congested,Non-Congested
2674,47217361,0,1,0,0,r,r,0.0,Non-Congested,Non-Congested
2674,cluster_2455590523_389713_47212064,1,0,0,0,G,r,1.0,Non-Congested,Non-Congested
2674,cluster_2461783448_38980632_5243070374,10,7,10,7,G,r,9.0,Congested,Non-Congested
2674,cluster_2461880040_2461880142_8131892137,0,2,0,2,r,r,1.0,Non-Congested,Congested
2674,cluster_2461880136_4910664147_50607912_8131882097,0,1,0,0,r,G,3.0,Non-Congested,Non-Congested
2675,132200274,0,5,0,1,r,y,0.0,Non-Congested,Non-Congested
2675,181747232,4,2,0,0,G,r,5.0,Non-Congested,Non-Congested
2675,47217361,0,1,0,1,r,r,2.0,Non-Congested,Non-Congested
2675,cluster_2455590523_389713_47212064,1,0,0,0,G,r,0.0,Non-Congested,Non-Congested
2675,cluster_2461783448_38980632_5243070374,10,7,10,7,G,r,8.0,Congested,Non-Congested
2675,cluster_2461880040_2461880142_8131892137,0,2,0,2,r,r,0.0,Non-Congested,Congested
2675,cluster_2461880136_4910664147_50607912_8131882097,0,1,0,0,r,G,2.0,Non-Congested,Non-Congested
2676,132200274,0,6,0,1,G,r,4.0,Non-Congested,Congested
2676,181747232,4,2,0,0,G,r,4.0,Non-Congested,Non-Congested
2676,47217361,0,1,0,1,r,r,1.0,Non-Congested,Non-Congested
2676,cluster_2455590523_389713_47212064,1,0,0,0,G,r,1.0,Non-Congested,Non-Congested
2676,cluster_2461783448_38980632_5243070374,10,7,10,7,G,r,7.0,Congested,Non-Congested
2676,cluster_2461880040_2461880142_8131892137,0,2,0,2,r,r,1.0,Non-Congested,Congested
2676,cluster_2461880136_4910664147_50607912_8131882097,0,2,0,0,r,G,1.0,Non-Congested,Non-Congested
2677,132200274,0,6,0,2,G,r,3.0,Non-Congested,Congested
2677,181747232,4,2,0,0,G,r,3.0,Non-Congested,Non-Congested
2677,47217361,0,1,0,1,r,r,0.0,Non-Congested,Non-Congested
2677,cluster_2455590523_389713_47212064,0,1,0,0,G,r,0.0,Non-Congested,Non-Congested
2677,cluster_2461783448_38980632_5243070374,10,7,10,7,G,r,6.0,Congested,Non-Congested
2677,cluster_2461880040_2461880142_8131892137,0,2,0,2,r,r,0.0,Non-Congested,Congested
2677,cluster_2461880136_4910664147_50607912_8131882097,0,2,0,0,r,G,0.0,Non-Congested,Non-Congested
2678,132200274,0,6,0,3,G,r,2.0,Non-Congested,Congested
2678,181747232,3,2,0,0,G,r,2.0,Non-Congested,Non-Congested
2678,cluster_2455590523_389713_47212064,0,1,0,0,G,r,0.0,Non-Congested,Non-Congested
2678,cluster_2461783448_38980632_5243070374,10,7,10,7,G,r,5.0,Congested,Non-Congested
2678,cluster_2461880040_2461880142_8131892137,0,2,0,2,r,r,1.0,Non-Congested,Congested
2678,cluster_2461880136_4910664147_50607912_8131882097,0,3,0,0,r,G,1.0,Non-Congested,Non-Congested
2679,132200274,0,6,0,4,G,r,1.0,Non-Congested,Congested
2679,181747232,4,3,0,0,G,r,1.0,Non-Congested,Non-Congested
2679,cluster_2455590523_389713_47212064,0,1,0,0,y,r,3.0,Non-Congested,Non-Congested
2679,cluster_2461783448_38980632_5243070374,10,7,10,7,G,r,4.0,Congested,Non-Congested
2679,cluster_2461880040_2461880142_8131892137,0,2,0,2,r,r,0.0,Non-Congested,Congested
2679,cluster_2461880136_4910664147_50607912_8131882097,0,2,0,0,r,G,0.0,Non-Congested,Non-Congested
2680,132200274,0,5,0,4,G,r,0.0,Non-Congested,Congested
2680,181747232,4,3,1,1,G,r,0.0,Non-Congested,Non-Congested
2680,cluster_2461783448_38980632_5243070374,10,7,10,7,G,r,3.0,Congested,Non-Congested
2680,cluster_2461880040_2461880142_8131892137,0,2,0,2,r,r,1.0,Non-Congested,Congested
2680,cluster_2461880136_4910664147_50607912_8131882097,0,2,0,0,r,G,0.0,Non-Congested,Non-Congested
2681,132200274,0,6,0,4,G,r,1.0,Non-Congested,Congested
2681,181747232,4,3,1,1,G,r,1.0,Non-Congested,Non-Congested
2681,cluster_2461783448_38980632_5243070374,10,7,10,7,G,r,2.0,Congested,Non-Congested
2681,cluster_2461880040_2461880142_8131892137,0,2,0,2,r,r,0.0,Non-Congested,Congested
2681,cluster_2461880136_4910664147_50607912_8131882097,0,3,0,0,r,y,2.0,Non-Congested,Non-Congested
2682,132200274,0,6,0,5,G,r,0.0,Non-Congested,Congested
2682,181747232,3,3,1,1,G,r,0.0,Non-Congested,Non-Congested
2682,cluster_2455590523_389713_47212064,0,1,0,0,y,r,0.0,Non-Congested,Non-Congested
2682,cluster_2461783448_38980632_5243070374,10,7,10,7,G,r,1.0,Congested,Non-Congested
2682,cluster_2461880040_2461880142_8131892137,0,2,0,2,r,r,1.0,Non-Congested,Congested
2682,cluster_2461880136_4910664147_50607912_8131882097,0,3,0,0,r,y,1.0,Non-Congested,Non-Congested
2683,132200274,0,6,0,5,G,r,1.0,Non-Congested,Congested
2683,181747232,4,4,2,2,G,r,0.0,Non-Congested,Non-Congested
2683,47217361,0,1,0,0,r,y,2.0,Non-Congested,Non-Congested
2683,cluster_2455590523_389713_47212064,0,1,0,0,r,r,6.0,Non-Congested,Congested
2683,cluster_2461783448_38980632_5243070374,10,7,10,7,G,r,0.0,Congested,Non-Congested
2683,cluster_2461880040_2461880142_8131892137,0,2,0,2,r,r,0.0,Non-Congested,Congested
2683,cluster_2461880136_4910664147_50607912_8131882097,0,3,0,0,r,y,0.0,Non-Congested,Non-Congested
2684,132200274,0,5,0,4,G,r,0.0,Non-Congested,Congested
2684,181747232,4,4,2,2,y,r,3.0,Non-Congested,Non-Congested
2684,47217361,0,1,0,0,r,y,1.0,Non-Congested,Non-Congested
2684,cluster_2461783448_38980632_5243070374,10,7,10,7,y,r,4.0,Congested,Non-Congested
2684,cluster_2461880040_2461880142_8131892137,0,2,0,2,r,r,1.0,Non-Congested,Congested
2684,cluster_2461880136_4910664147_50607912_8131882097,0,3,0,0,r,r,0.0,Non-Congested,Non-Congested
2685,132200274,0,5,0,4,G,r,1.0,Non-Congested,Congested
2685,181747232,4,4,2,2,y,r,2.0,Non-Congested,Non-Congested
2685,47217361,0,1,0,0,r,y,0.0,Non-Congested,Non-Congested
2685,cluster_2461783448_38980632_5243070374,10,7,10,7,y,r,3.0,Congested,Non-Congested
2685,cluster_2461880040_2461880142_8131892137,0,2,0,2,r,r,0.0,Non-Congested,Congested
2685,cluster_2461880136_4910664147_50607912_8131882097,0,3,0,0,G,r,4.0,Non-Congested,Non-Congested
2686,132200274,0,5,0,3,G,r,0.0,Non-Congested,Congested
2686,181747232,4,4,2,2,y,r,1.0,Non-Congested,Non-Congested
2686,47217361,0,1,0,0,G,r,4.0,Non-Congested,Non-Congested
2686,cluster_2461783448_38980632_5243070374,10,7,10,7,y,r,2.0,Congested,Non-Congested
2686,cluster_2461880040_2461880142_8131892137,0,2,0,2,r,r,1.0,Non-Congested,Congested
2686,cluster_2461880136_4910664147_50607912_8131882097,0,3,0,0,G,r,3.0,Non-Congested,Non-Congested
2687,132200274,0,4,0,3,G,r,1.0,Non-Congested,Congested
2687,181747232,4,4,1,1,y,r,0.0,Non-Congested,Non-Congested
2687,47217361,0,1,0,0,G,r,3.0,Non-Congested,Non-Congested
2687,cluster_2461783448_38980632_5243070374,10,7,10,7,y,r,1.0,Congested,Non-Congested
2687,cluster_2461880040_2461880142_8131892137,0,2,0,2,r,r,0.0,Non-Congested,Congested
2687,cluster_2461880136_4910664147_50607912_8131882097,0,3,0,0,G,r,2.0,Non-Congested,Non-Congested
2688,132200274,0,4,0,3,G,r,0.0,Non-Congested,Congested
2688,181747232,3,3,0,0,r,G,6.0,Non-Congested,Congested
2688,47217361,0,1,0,0,G,r,2.0,Non-Congested,Non-Congested
2688,cluster_2461783448_38980632_5243070374,10,7,10,7,y,r,0.0,Congested,Non-Congested
2688,cluster_2461880040_2461880142_8131892137,0,2,0,2,r,r,1.0,Non-Congested,Congested
2688,cluster_2461880136_4910664147_50607912_8131882097,0,3,0,1,G,r,1.0,Non-Congested,Non-Congested
2689,132200274,0,3,0,3,G,r,1.0,Non-Congested,Congested
2689,181747232,3,3,0,0,r,G,5.0,Non-Congested,Non-Congested
2689,47217361,0,1,0,0,G,r,1.0,Non-Congested,Non-Congested
2689,cluster_2461783448_38980632_5243070374,10,7,10,7,r,G,4.0,Congested,Non-Congested
2689,cluster_2461880040_2461880142_8131892137,0,2,0,2,r,r,0.0,Non-Congested,Congested
2689,cluster_2461880136_4910664147_50607912_8131882097,0,2,0,1,G,r,0.0,Non-Congested,Non-Congested
2689,cluster_59665162_8742497506,1,0,0,0,r,G,1.0,Non-Congested,Non-Congested
2690,132200274,0,3,0,3,G,r,0.0,Non-Congested,Congested
2690,181747232,3,3,0,0,r,G,4.0,Non-Congested,Non-Congested
2690,cluster_2461783448_38980632_5243070374,10,7,10,7,r,G,3.0,Congested,Non-Congested
2690,cluster_2461880040_2461880142_8131892137,1,2,0,2,r,r,4.0,Non-Congested,Congested
2690,cluster_2461880136_4910664147_50607912_8131882097,0,2,0,1,y,r,2.0,Non-Congested,Non-Congested
2690,cluster_59665162_8742497506,1,0,0,0,r,G,0.0,Non-Congested,Non-Congested
2691,132200274,0,3,0,3,G,r,1.0,Non-Congested,Congested
2691,181747232,4,4,0,0,r,G,3.0,Non-Congested,Non-Congested
2691,cluster_2461783448_38980632_5243070374,10,7,10,7,r,G,2.0,Congested,Non-Congested
2691,cluster_2461880040_2461880142_8131892137,1,2,0,2,r,r,3.0,Non-Congested,Congested
2691,cluster_2461880136_4910664147_50607912_8131882097,1,1,0,1,y,r,1.0,Non-Congested,Non-Congested
2691,cluster_59665162_8742497506,1,0,0,0,r,y,2.0,Non-Congested,Non-Congested
2692,132200274,0,3,0,3,G,r,0.0,Non-Congested,Congested
2692,181747232,4,4,0,0,r,G,2.0,Non-Congested,Non-Congested
2692,cluster_2455590523_389713_47212064,1,0,0,0,r,r,2.0,Non-Congested,Non-Congested
2692,cluster_2461783448_38980632_5243070374,10,7,10,7,r,G,1.0,Congested,Non-Congested
2692,cluster_2461880040_2461880142_8131892137,1,2,0,2,r,r,2.0,Non-Congested,Congested
2692,cluster_2461880136_4910664147_50607912_8131882097,1,1,0,1,y,r,0.0,Congested,Non-Congested
2692,cluster_59665162_8742497506,1,0,1,0,r,y,1.0,Non-Congested,Non-Congested
2693,132200274,0,3,0,3,G,r,1.0,Non-Congested,Congested
2693,181747232,3,3,0,0,r,G,1.0,Non-Congested,Non-Congested
2693,cluster_2461783448_38980632_5243070374,10,7,10,7,r,G,0.0,Congested,Non-Congested
2693,cluster_2461880040_2461880142_8131892137,1,2,1,2,r,r,1.0,Non-Congested,Congested
2693,cluster_2461880136_4910664147_50607912_8131882097,1,0,0,0,r,G,4.0,Congested,Non-Congested
2693,cluster_59665162_8742497506,1,0,1,0,r,y,0.0,Non-Congested,Non-Congested
2694,132200274,0,3,0,3,G,r,0.0,Non-Congested,Congested
2694,181747232,4,4,0,0,r,G,0.0,Non-Congested,Non-Congested
2694,cluster_2455590523_389713_47212064,0,1,0,1,r,r,0.0,Non-Congested,Non-Congested
2694,cluster_2461783448_38980632_5243070374,10,7,10,7,r,y,4.0,Congested,Non-Congested
2694,cluster_2461880040_2461880142_8131892137,1,2,1,2,r,r,0.0,Non-Congested,Congested
2694,cluster_2461880136_4910664147_50607912_8131882097,1,0,0,0,r,G,3.0,Congested,Non-Congested
2694,cluster_59665162_8742497506,1,0,0,0,G,r,4.0,Congested,Non-Congested
2695,132200274,0,3,0,3,G,r,1.0,Non-Congested,Congested
2695,181747232,4,4,0,0,r,G,0.0,Non-Congested,Non-Congested
2695,cluster_2455590523_389713_47212064,0,1,0,0,r,G,4.0,Non-Congested,Non-Congested
2695,cluster_2461783448_38980632_5243070374,10,7,10,7,r,y,3.0,Congested,Non-Congested
2695,cluster_2461880040_2461880142_8131892137,0,2,0,2,G,r,4.0,Non-Congested,Congested
2695,cluster_2461880136_4910664147_50607912_8131882097,1,0,1,0,r,G,2.0,Congested,Non-Congested
2696,132200274,0,3,0,3,G,r,0.0,Non-Congested,Congested
2696,181747232,3,3,0,0,r,y,3.0,Non-Congested,Non-Congested
2696,cluster_2455590523_389713_47212064,0,1,0,0,r,G,3.0,Non-Congested,Non-Congested
2696,cluster_2461783448_38980632_5243070374,10,7,10,7,r,y,2.0,Congested,Non-Congested
2696,cluster_2461880040_2461880142_8131892137,0,2,0,2,G,r,3.0,Non-Congested,Congested
2696,cluster_2461880136_4910664147_50607912_8131882097,1,0,1,0,r,G,1.0,Congested,Non-Congested
2697,132200274,0,3,0,3,G,r,1.0,Non-Congested,Congested
2697,181747232,3,3,0,0,r,y,2.0,Non-Congested,Non-Congested
2697,cluster_2455590523_389713_47212064,0,1,0,0,r,G,2.0,Non-Congested,Non-Congested
2697,cluster_2461783448_38980632_5243070374,10,7,10,7,r,y,1.0,Congested,Non-Congested
2697,cluster_2461880040_2461880142_8131892137,0,2,0,2,G,r,2.0,Non-Congested,Congested
2697,cluster_2461880136_4910664147_50607912_8131882097,1,0,1,0,r,G,0.0,Congested,Non-Congested
2698,132200274,0,3,0,3,G,r,0.0,Non-Congested,Congested
2698,181747232,3,3,0,0,r,y,1.0,Non-Congested,Non-Congested
2698,cluster_2455590523_389713_47212064,0,1,0,0,r,G,1.0,Non-Congested,Non-Congested
2698,cluster_2461783448_38980632_5243070374,10,7,10,7,r,y,0.0,Congested,Non-Congested
2698,cluster_2461880040_2461880142_8131892137,0,2,0,2,G,r,1.0,Non-Congested,Congested
2698,cluster_2461880136_4910664147_50607912_8131882097,1,1,1,0,r,y,2.0,Congested,Non-Congested
2699,132200274,0,3,0,3,G,r,1.0,Non-Congested,Congested
2699,181747232,2,2,0,0,r,y,0.0,Non-Congested,Non-Congested
2699,cluster_2461783448_38980632_5243070374,10,7,10,7,G,r,4.0,Congested,Non-Congested
2699,cluster_2461880040_2461880142_8131892137,1,3,0,2,G,r,0.0,Non-Congested,Congested
2699,cluster_2461880136_4910664147_50607912_8131882097,1,1,1,0,r,y,1.0,Congested,Non-Congested
2700,132200274,0,3,0,3,G,r,0.0,Non-Congested,Congested
2700,181747232,2,2,0,0,G,r,6.0,Non-Congested,Non-Congested
2700,cluster_2461783448_38980632_5243070374,10,7,10,7,G,r,3.0,Congested,Non-Congested
2700,cluster_2461880040_2461880142_8131892137,1,3,0,2,y,r,4.0,Non-Congested,Congested
2700,cluster_2461880136_4910664147_50607912_8131882097,1,1,1,0,r,y,0.0,Congested,Non-Congested
2701,132200274,0,3,0,3,G,r,1.0,Non-Congested,Congested
2701,181747232,2,2,0,0,G,r,5.0,Non-Congested,Non-Congested
2701,cluster_2461783448_38980632_5243070374,10,7,10,7,G,r,2.0,Congested,Non-Congested
2701,cluster_2461880040_2461880142_8131892137,1,3,0,2,y,r,3.0,Non-Congested,Congested
2701,cluster_2461880136_4910664147_50607912_8131882097,1,1,1,0,r,r,0.0,Congested,Non-Congested
2702,132200274,0,3,0,3,G,r,0.0,Non-Congested,Congested
2702,181747232,2,2,0,0,G,r,4.0,Non-Congested,Non-Congested
2702,cluster_2461783448_38980632_5243070374,10,7,10,7,G,r,1.0,Congested,Non-Congested
2702,cluster_2461880040_2461880142_8131892137,1,3,0,2,y,r,2.0,Non-Congested,Congested
2702,cluster_2461880136_4910664147_50607912_8131882097,0,1,0,0,G,r,4.0,Congested,Non-Congested
2703,132200274,0,3,0,3,G,r,1.0,Non-Congested,Congested
2703,181747232,1,1,0,0,G,r,3.0,Non-Congested,Non-Congested
2703,cluster_2455590523_389713_47212064,1,0,0,0,r,y,0.0,Non-Congested,Non-Congested
2703,cluster_2461783448_38980632_5243070374,10,7,10,7,G,r,0.0,Congested,Non-Congested
2703,cluster_2461880040_2461880142_8131892137,1,3,0,2,y,r,1.0,Non-Congested,Congested
2703,cluster_2461880136_4910664147_50607912_8131882097,0,1,0,0,G,r,3.0,Congested,Non-Congested
2704,132200274,0,3,0,3,G,r,0.0,Non-Congested,Congested
2704,181747232,1,1,0,0,G,r,2.0,Non-Congested,Non-Congested
2704,cluster_2455590523_389713_47212064,1,0,0,0,G,r,4.0,Non-Congested,Non-Congested
2704,cluster_2461783448_38980632_5243070374,10,7,10,7,G,r,4.0,Congested,Non-Congested
2704,cluster_2461880040_2461880142_8131892137,1,3,0,2,y,r,0.0,Non-Congested,Congested
2704,cluster_2461880136_4910664147_50607912_8131882097,0,1,0,0,G,r,2.0,Non-Congested,Non-Congested
2705,132200274,0,3,0,3,G,r,1.0,Non-Congested,Congested
2705,181747232,1,1,0,0,G,r,1.0,Non-Congested,Non-Congested
2705,cluster_2455590523_389713_47212064,1,0,0,0,G,r,3.0,Non-Congested,Non-Congested
2705,cluster_2461783448_38980632_5243070374,10,8,10,8,G,r,3.0,Congested,Non-Congested
2705,cluster_2461880040_2461880142_8131892137,1,3,0,1,r,G,9.0,Non-Congested,Congested
2705,cluster_2461880136_4910664147_50607912_8131882097,0,1,0,0,G,r,1.0,Non-Congested,Non-Congested
2706,132200274,0,3,0,3,G,r,0.0,Non-Congested,Congested
2706,181747232,1,1,0,0,G,r,0.0,Non-Congested,Non-Congested
2706,cluster_2461783448_38980632_5243070374,10,8,10,7,G,r,2.0,Congested,Non-Congested
2706,cluster_2461880040_2461880142_8131892137,0,1,0,0,r,G,8.0,Non-Congested,Congested
2706,cluster_2461880136_4910664147_50607912_8131882097,0,1,0,0,G,r,0.0,Non-Congested,Non-Congested
2707,132200274,0,3,0,3,y,r,2.0,Non-Congested,Congested
2707,181747232,1,1,1,1,y,r,3.0,Non-Congested,Non-Congested
2707,cluster_2461783448_38980632_5243070374,10,8,10,7,G,r,1.0,Congested,Non-Congested
2707,cluster_2461880040_2461880142_8131892137,0,1,0,0,r,G,7.0,Non-Congested,Non-Congested
2707,cluster_2461880136_4910664147_50607912_8131882097,0,1,0,0,y,r,2.0,Non-Congested,Non-Congested
2707,cluster_59665162_8742497506,1,0,0,0,r,G,1.0,Non-Congested,Non-Congested
2708,132200274,0,3,0,3,y,r,1.0,Non-Congested,Congested
2708,181747232,1,1,1,1,y,r,2.0,Non-Congested,Non-Congested
2708,cluster_2461783448_38980632_5243070374,10,8,10,7,G,r,0.0,Congested,Non-Congested
2708,cluster_2461880040_2461880142_8131892137,0,1,0,0,r,G,6.0,Non-Congested,Non-Congested
2708,cluster_2461880136_4910664147_50607912_8131882097,0,1,0,0,y,r,1.0,Non-Congested,Non-Congested
2708,cluster_59665162_8742497506,1,0,0,0,r,G,0.0,Non-Congested,Non-Congested
2709,132200274,0,3,0,3,y,r,0.0,Non-Congested,Congested
2709,181747232,1,1,1,1,y,r,1.0,Non-Congested,Non-Congested
2709,cluster_1420096799_47154676,1,0,0,0,r,G,0.0,Non-Congested,Non-Congested
2709,cluster_181310323_5380872437,1,0,0,0,r,y,0.0,Non-Congested,Non-Congested
2709,cluster_2461783448_38980632_5243070374,10,8,10,7,G,r,9.0,Congested,Non-Congested
2709,cluster_2461880040_2461880142_8131892137,0,1,0,0,r,G,5.0,Non-Congested,Non-Congested
2709,cluster_2461880136_4910664147_50607912_8131882097,0,2,0,0,y,r,0.0,Non-Congested,Non-Congested
2709,cluster_59665162_8742497506,1,0,1,0,r,y,2.0,Non-Congested,Non-Congested
2710,132200274,0,1,0,1,r,G,4.0,Non-Congested,Congested
2710,181747232,1,1,1,1,y,r,0.0,Non-Congested,Non-Congested
2710,cluster_1420096799_47154676,1,0,0,0,r,y,3.0,Non-Congested,Non-Congested
2710,cluster_181310323_5380872437,1,0,0,0,G,r,6.0,Non-Congested,Non-Congested
2710,cluster_2461783448_38980632_5243070374,10,8,10,7,G,r,8.0,Congested,Non-Congested
2710,cluster_2461880040_2461880142_8131892137,0,1,0,0,r,G,4.0,Non-Congested,Non-Congested
2710,cluster_2461880136_4910664147_50607912_8131882097,0,1,0,0,r,G,4.0,Non-Congested,Non-Congested
2710,cluster_59665162_8742497506,1,0,1,0,r,y,1.0,Non-Congested,Non-Congested
2711,132200274,0,1,0,0,r,G,3.0,Non-Congested,Congested
2711,181747232,1,1,1,1,r,G,6.0,Non-Congested,Non-Congested
2711,cluster_1420096799_47154676,1,0,0,0,r,y,2.0,Non-Congested,Non-Congested
2711,cluster_181310323_5380872437,1,0,0,0,G,r,5.0,Non-Congested,Non-Congested
2711,cluster_2455590523_389713_47212064,0,1,0,0,y,r,1.0,Non-Congested,Non-Congested
2711,cluster_2461783448_38980632_5243070374,10,8,10,7,G,r,7.0,Congested,Non-Congested
2711,cluster_2461880040_2461880142_8131892137,1,1,0,0,r,G,3.0,Non-Congested,Non-Congested
2711,cluster_2461880136_4910664147_50607912_8131882097,0,1,0,0,r,G,3.0,Non-Congested,Non-Congested
2711,cluster_59665162_8742497506,1,0,1,0,r,y,0.0,Non-Congested,Non-Congested
2712,132200274,0,1,0,0,r,G,2.0,Non-Congested,Non-Congested
2712,181747232,1,1,1,1,r,G,5.0,Non-Congested,Non-Congested
2712,cluster_1420096799_47154676,1,0,0,0,r,y,1.0,Non-Congested,Non-Congested
2712,cluster_181310323_5380872437,1,0,0,0,G,r,4.0,Non-Congested,Non-Congested
2712,cluster_2455590523_389713_47212064,0,1,0,0,y,r,0.0,Non-Congested,Non-Congested
2712,cluster_2461783448_38980632_5243070374,10,8,10,7,G,r,6.0,Congested,Non-Congested
2712,cluster_2461880040_2461880142_8131892137,1,1,0,0,r,G,2.0,Non-Congested,Non-Congested
2712,cluster_2461880136_4910664147_50607912_8131882097,0,1,0,0,r,G,2.0,Non-Congested,Non-Congested
2713,132200274,0,3,0,0,r,G,1.0,Non-Congested,Non-Congested
2713,181747232,1,1,1,1,r,G,4.0,Non-Congested,Non-Congested
2713,cluster_1420096799_47154676,1,0,0,0,r,y,0.0,Non-Congested,Non-Congested
2713,cluster_2461783448_38980632_5243070374,10,8,10,7,G,r,5.0,Congested,Non-Congested
2713,cluster_2461880040_2461880142_8131892137,1,1,0,0,r,G,1.0,Non-Congested,Non-Congested
2713,cluster_2461880136_4910664147_50607912_8131882097,0,1,0,0,r,G,1.0,Non-Congested,Non-Congested
2714,132200274,0,4,0,0,r,G,0.0,Non-Congested,Non-Congested
2714,181747232,1,1,1,1,r,G,3.0,Non-Congested,Non-Congested
2714,cluster_2461783448_38980632_5243070374,10,8,10,7,G,r,4.0,Congested,Non-Congested
2714,cluster_2461880040_2461880142_8131892137,2,2,0,0,r,G,0.0,Non-Congested,Non-Congested
2714,cluster_2461880136_4910664147_50607912_8131882097,0,1,0,0,r,G,0.0,Non-Congested,Non-Congested
2715,132200274,0,2,0,0,r,G,1.0,Non-Congested,Non-Congested
2715,181747232,2,1,1,1,r,G,2.0,Non-Congested,Non-Congested
2715,cluster_181310323_5380872437,1,0,0,0,G,r,1.0,Non-Congested,Non-Congested
2715,cluster_2461783448_38980632_5243070374,10,8,10,8,G,r,3.0,Congested,Non-Congested
2715,cluster_2461880040_2461880142_8131892137,2,3,0,0,r,y,4.0,Non-Congested,Non-Congested
2715,cluster_2461880136_4910664147_50607912_8131882097,0,1,0,0,r,y,2.0,Non-Congested,Non-Congested
2716,132200274,0,3,0,0,r,G,0.0,Non-Congested,Non-Congested
2716,181747232,2,1,1,1,r,G,1.0,Non-Congested,Non-Congested
2716,cluster_181310323_5380872437,1,0,0,0,G,r,0.0,Non-Congested,Non-Congested
2716,cluster_2461783448_38980632_5243070374,10,8,10,8,G,r,2.0,Congested,Non-Congested
2716,cluster_2461880040_2461880142_8131892137,2,3,0,0,r,y,3.0,Non-Congested,Congested
2716,cluster_2461880136_4910664147_50607912_8131882097,0,1,0,0,r,y,1.0,Non-Congested,Non-Congested
2717,132200274,0,2,0,0,r,G,1.0,Non-Congested,Non-Congested
2717,181747232,2,1,1,1,r,G,0.0,Non-Congested,Non-Congested
2717,cluster_181310323_5380872437,1,0,0,0,y,r,3.0,Non-Congested,Non-Congested
2717,cluster_2461783448_38980632_5243070374,10,8,10,8,G,r,1.0,Congested,Non-Congested
2717,cluster_2461880040_2461880142_8131892137,2,3,0,0,r,y,2.0,Non-Congested,Congested
2717,cluster_2461880136_4910664147_50607912_8131882097,0,1,0,0,r,y,0.0,Non-Congested,Non-Congested
2718,132200274,0,1,0,0,r,G,0.0,Non-Congested,Non-Congested
2718,181747232,2,1,1,1,r,y,3.0,Non-Congested,Non-Congested
2718,cluster_181310323_5380872437,1,0,0,0,y,r,2.0,Non-Congested,Non-Congested
2718,cluster_2461783448_38980632_5243070374,10,8,10,8,G,r,0.0,Congested,Non-Congested
2718,cluster_2461880040_2461880142_8131892137,2,4,0,1,r,y,1.0,Non-Congested,Congested
2718,cluster_2461880136_4910664147_50607912_8131882097,0,1,0,0,r,r,0.0,Non-Congested,Non-Congested
2719,132200274,1,0,0,0,r,G,1.0,Non-Congested,Non-Congested
2719,181747232,2,1,1,1,r,y,2.0,Non-Congested,Non-Congested
2719,cluster_181310323_5380872437,1,0,0,0,y,r,1.0,Non-Congested,Non-Congested
2719,cluster_2461783448_38980632_5243070374,10,8,10,8,y,r,4.0,Congested,Non-Congested
2719,cluster_2461880040_2461880142_8131892137,2,4,0,1,r,y,0.0,Non-Congested,Congested
2719,cluster_2461880136_4910664147_50607912_8131882097,1,1,0,0,G,r,4.0,Non-Congested,Non-Congested
2720,132200274,1,1,0,0,r,G,0.0,Non-Congested,Congested
2720,181747232,1,0,0,0,r,y,1.0,Non-Congested,Non-Congested
2720,cluster_181310323_5380872437,1,0,0,0,y,r,0.0,Non-Congested,Non-Congested
2720,cluster_2461783448_38980632_5243070374,10,8,10,8,y,r,3.0,Congested,Non-Congested
2720,cluster_2461880040_2461880142_8131892137,1,3,0,1,r,r,4.0,Non-Congested,Congested
2720,cluster_2461880136_4910664147_50607912_8131882097,1,1,0,0,G,r,3.0,Non-Congested,Non-Congested
2721,132200274,1,1,0,0,r,G,1.0,Non-Congested,Congested
2721,181747232,1,0,0,0,r,y,0.0,Non-Congested,Non-Congested
2721,cluster_181310323_5380872437,1,0,0,0,r,G,4.0,Non-Congested,Non-Congested
2721,cluster_2455590523_389713_47212064,0,1,0,0,r,r,0.0,Non-Congested,Non-Congested
2721,cluster_2461783448_38980632_5243070374,10,8,10,8,y,r,2.0,Congested,Non-Congested
2721,cluster_2461880040_2461880142_8131892137,1,3,0,1,r,r,3.0,Non-Congested,Congested
2721,cluster_2461880136_4910664147_50607912_8131882097,0,1,0,0,G,r,2.0,Non-Congested,Non-Congested
2722,132200274,1,1,0,0,r,G,0.0,Non-Congested,Non-Congested
2722,181747232,1,0,0,0,G,r,6.0,Non-Congested,Non-Congested
2722,cluster_181310323_5380872437,1,0,0,0,r,G,3.0,Non-Congested,Non-Congested
2722,cluster_2455590523_389713_47212064,1,1,0,0,r,r,3.0,Non-Congested,Non-Congested
2722,cluster_2461783448_38980632_5243070374,10,8,10,8,y,r,1.0,Congested,Non-Congested
2722,cluster_2461880040_2461880142_8131892137,0,2,0,2,r,r,2.0,Non-Congested,Congested
2722,cluster_2461880136_4910664147_50607912_8131882097,0,1,0,0,G,r,1.0,Non-Congested,Non-Congested
2723,132200274,1,2,0,0,r,y,2.0,Non-Congested,Non-Congested
2723,181747232,1,0,0,0,G,r,5.0,Non-Congested,Non-Congested
2723,cluster_181310323_5380872437,1,0,0,0,r,G,2.0,Non-Congested,Non-Congested
2723,cluster_2455590523_389713_47212064,0,1,0,0,r,r,2.0,Non-Congested,Non-Congested
2723,cluster_2461783448_38980632_5243070374,10,8,10,8,y,r,0.0,Congested,Non-Congested
2723,cluster_2461880040_2461880142_8131892137,0,2,0,2,r,r,1.0,Non-Congested,Congested
2723,cluster_2461880136_4910664147_50607912_8131882097,0,1,0,0,G,r,0.0,Non-Congested,Non-Congested
2724,132200274,0,1,0,0,r,y,1.0,Non-Congested,Non-Congested
2724,181747232,1,0,0,0,G,r,4.0,Non-Congested,Non-Congested
2724,47217361,0,1,0,0,r,r,1.0,Non-Congested,Non-Congested
2724,cluster_181310323_5380872437,1,0,0,0,r,G,1.0,Non-Congested,Non-Congested
2724,cluster_2455590523_389713_47212064,0,1,0,0,r,r,1.0,Non-Congested,Non-Congested
2724,cluster_2461783448_38980632_5243070374,10,8,10,8,r,G,4.0,Congested,Non-Congested
2724,cluster_2461880040_2461880142_8131892137,0,2,0,2,r,r,0.0,Non-Congested,Congested
2724,cluster_2461880136_4910664147_50607912_8131882097,0,3,0,0,y,r,2.0,Non-Congested,Non-Congested
2725,132200274,0,1,0,0,r,y,0.0,Non-Congested,Non-Congested
2725,181747232,1,0,0,0,G,r,3.0,Non-Congested,Non-Congested
2725,47217361,0,1,0,0,r,r,0.0,Non-Congested,Non-Congested
2725,cluster_181310323_5380872437,1,0,0,0,r,G,0.0,Non-Congested,Non-Congested
2725,cluster_2455590523_389713_47212064,0,1,0,1,r,r,0.0,Non-Congested,Non-Congested
2725,cluster_2461783448_38980632_5243070374,10,8,10,8,r,G,3.0,Congested,Non-Congested
2725,cluster_2461880040_2461880142_8131892137,0,2,0,2,r,r,1.0,Non-Congested,Congested
2725,cluster_2461880136_4910664147_50607912_8131882097,0,3,0,0,y,r,1.0,Non-Congested,Non-Congested
2726,132200274,0,1,0,0,G,r,4.0,Non-Congested,Non-Congested
2726,181747232,1,0,0,0,G,r,2.0,Non-Congested,Non-Congested
2726,47217361,0,1,0,0,r,G,4.0,Non-Congested,Non-Congested
2726,cluster_2461783448_38980632_5243070374,10,8,10,8,r,G,2.0,Congested,Non-Congested
2726,cluster_2461880040_2461880142_8131892137,0,2,0,2,r,r,0.0,Non-Congested,Congested
2726,cluster_2461880136_4910664147_50607912_8131882097,0,4,0,0,y,r,0.0,Non-Congested,Non-Congested
2727,132200274,0,1,0,0,G,r,3.0,Non-Congested,Non-Congested
2727,181747232,1,0,0,0,G,r,1.0,Non-Congested,Non-Congested
2727,47217361,0,1,0,0,r,G,3.0,Non-Congested,Non-Congested
2727,cluster_2455590523_389713_47212064,0,1,0,0,r,G,3.0,Non-Congested,Non-Congested
2727,cluster_2461783448_38980632_5243070374,10,8,10,8,r,G,1.0,Congested,Non-Congested
2727,cluster_2461880040_2461880142_8131892137,0,2,0,2,r,r,1.0,Non-Congested,Congested
2727,cluster_2461880136_4910664147_50607912_8131882097,0,4,0,0,r,G,4.0,Non-Congested,Non-Congested
2728,132200274,0,2,0,0,G,r,2.0,Non-Congested,Non-Congested
2728,181747232,1,0,0,0,G,r,0.0,Non-Congested,Non-Congested
2728,47217361,0,1,0,0,r,G,2.0,Non-Congested,Non-Congested
2728,cluster_2455590523_389713_47212064,0,1,0,0,r,G,2.0,Non-Congested,Non-Congested
2728,cluster_2461783448_38980632_5243070374,10,8,10,8,r,G,0.0,Congested,Non-Congested
2728,cluster_2461880040_2461880142_8131892137,0,2,0,2,r,r,0.0,Non-Congested,Congested
2728,cluster_2461880136_4910664147_50607912_8131882097,0,3,0,0,r,G,3.0,Non-Congested,Non-Congested
2729,132200274,0,2,0,0,G,r,1.0,Non-Congested,Non-Congested
2729,181747232,1,0,0,0,y,r,3.0,Non-Congested,Non-Congested
2729,47217361,0,1,0,0,r,G,1.0,Non-Congested,Non-Congested
2729,cluster_2455590523_389713_47212064,0,1,0,0,r,G,1.0,Non-Congested,Non-Congested
2729,cluster_2461783448_38980632_5243070374,10,8,10,8,r,y,4.0,Congested,Non-Congested
2729,cluster_2461880040_2461880142_8131892137,0,2,0,2,r,r,1.0,Non-Congested,Congested
2729,cluster_2461880136_4910664147_50607912_8131882097,0,3,0,0,r,G,2.0,Non-Congested,Non-Congested
2730,132200274,0,2,0,1,G,r,0.0,Non-Congested,Congested
2730,181747232,1,0,0,0,y,r,2.0,Non-Congested,Non-Congested
2730,47217361,0,1,0,0,r,G,0.0,Non-Congested,Non-Congested
2730,cluster_2455590523_389713_47212064,0,1,0,0,r,G,0.0,Non-Congested,Non-Congested
2730,cluster_2461783448_38980632_5243070374,10,8,10,8,r,y,3.0,Congested,Non-Congested
2730,cluster_2461880040_2461880142_8131892137,0,2,0,2,r,r,0.0,Non-Congested,Congested
2730,cluster_2461880136_4910664147_50607912_8131882097,0,3,0,0,r,G,1.0,Non-Congested,Non-Congested
2730,cluster_59665162_8742497506,1,0,0,0,G,r,2.0,Congested,Non-Congested
2731,132200274,0,2,0,1,G,r,1.0,Non-Congested,Congested
2731,181747232,1,0,0,0,y,r,1.0,Non-Congested,Non-Congested
2731,47217361,0,1,0,0,r,y,2.0,Non-Congested,Non-Congested
2731,cluster_2455590523_389713_47212064,0,2,0,0,r,y,3.0,Non-Congested,Non-Congested
2731,cluster_2461783448_38980632_5243070374,10,8,10,8,r,y,2.0,Congested,Non-Congested
2731,cluster_2461880040_2461880142_8131892137,0,2,0,2,r,r,1.0,Non-Congested,Congested
2731,cluster_2461880136_4910664147_50607912_8131882097,0,4,0,0,r,G,0.0,Non-Congested,Non-Congested
2732,132200274,0,2,0,2,G,r,0.0,Non-Congested,Congested
2732,181747232,1,0,0,0,y,r,0.0,Non-Congested,Non-Congested
2732,47217361,0,1,0,0,r,y,1.0,Non-Congested,Non-Congested
2732,cluster_2455590523_389713_47212064,0,2,0,0,r,y,2.0,Non-Congested,Non-Congested
2732,cluster_2461783448_38980632_5243070374,10,8,10,8,r,y,1.0,Congested,Non-Congested
2732,cluster_2461880040_2461880142_8131892137,0,2,0,2,r,r,0.0,Non-Congested,Congested
2732,cluster_2461880136_4910664147_50607912_8131882097,0,4,0,0,r,y,2.0,Non-Congested,Non-Congested
2733,132200274,0,2,0,2,G,r,0.0,Non-Congested,Congested
2733,181747232,1,0,0,0,r,G,6.0,Non-Congested,Congested
2733,47217361,0,1,0,0,r,y,0.0,Non-Congested,Non-Congested
2733,cluster_2455590523_389713_47212064,0,1,0,0,r,y,1.0,Non-Congested,Non-Congested
2733,cluster_2461783448_38980632_5243070374,10,8,9,8,r,y,0.0,Congested,Non-Congested
2733,cluster_2461880040_2461880142_8131892137,0,2,0,2,r,r,1.0,Non-Congested,Congested
2733,cluster_2461880136_4910664147_50607912_8131882097,0,3,0,0,r,y,1.0,Non-Congested,Non-Congested
2734,132200274,0,2,0,2,y,r,2.0,Non-Congested,Congested
2734,181747232,1,0,0,0,r,G,5.0,Non-Congested,Non-Congested
2734,47217361,0,1,0,0,G,r,4.0,Non-Congested,Non-Congested
2734,cluster_2455590523_389713_47212064,0,1,0,0,r,y,0.0,Non-Congested,Non-Congested
2734,cluster_2461783448_38980632_5243070374,9,8,8,8,G,r,4.0,Congested,Non-Congested
2734,cluster_2461880040_2461880142_8131892137,0,2,0,2,r,r,0.0,Non-Congested,Congested
2734,cluster_2461880136_4910664147_50607912_8131882097,0,4,0,0,r,y,0.0,Non-Congested,Non-Congested
2735,132200274,0,2,0,2,y,r,1.0,Non-Congested,Congested
2735,181747232,1,0,0,0,r,G,4.0,Non-Congested,Non-Congested
2735,47217361,0,1,0,0,G,r,3.0,Non-Congested,Non-Congested
2735,cluster_2455590523_389713_47212064,0,1,0,0,G,r,4.0,Non-Congested,Non-Congested
2735,cluster_2461783448_38980632_5243070374,9,8,7,8,G,r,3.0,Congested,Non-Congested
2735,cluster_2461880040_2461880142_8131892137,0,2,0,2,r,r,1.0,Non-Congested,Congested
2735,cluster_2461880136_4910664147_50607912_8131882097,0,4,0,0,r,r,0.0,Non-Congested,Non-Congested
2736,132200274,0,2,0,2,y,r,0.0,Non-Congested,Congested
2736,181747232,2,1,0,0,r,G,3.0,Non-Congested,Non-Congested
2736,47217361,0,1,0,0,G,r,2.0,Non-Congested,Non-Congested
2736,cluster_2455590523_389713_47212064,0,1,0,1,G,r,3.0,Non-Congested,Non-Congested
2736,cluster_2461783448_38980632_5243070374,9,8,6,8,G,r,2.0,Congested,Non-Congested
2736,cluster_2461880040_2461880142_8131892137,0,2,0,2,r,r,0.0,Non-Congested,Congested
2736,cluster_2461880136_4910664147_50607912_8131882097,0,5,0,1,G,r,4.0,Non-Congested,Non-Congested
2737,132200274,0,2,0,1,r,G,4.0,Non-Congested,Congested
2737,181747232,2,1,0,0,r,G,2.0,Non-Congested,Non-Congested
2737,47217361,0,1,0,0,G,r,1.0,Non-Congested,Non-Congested
2737,cluster_2455590523_389713_47212064,0,1,0,1,G,r,2.0,Non-Congested,Non-Congested
2737,cluster_2461783448_38980632_5243070374,9,8,5,8,G,r,1.0,Congested,Non-Congested
2737,cluster_2461880040_2461880142_8131892137,0,2,0,2,r,r,1.0,Non-Congested,Congested
2737,cluster_2461880136_4910664147_50607912_8131882097,0,5,0,1,G,r,3.0,Non-Congested,Non-Congested
2738,132200274,0,1,0,1,r,G,3.0,Non-Congested,Congested
2738,181747232,2,1,0,0,r,G,1.0,Non-Congested,Non-Congested
2738,47217361,0,1,0,0,G,r,0.0,Non-Congested,Non-Congested
2738,cluster_2455590523_389713_47212064,0,1,0,1,G,r,1.0,Non-Congested,Non-Congested
2738,cluster_2461783448_38980632_5243070374,7,8,4,8,G,r,0.0,Congested,Non-Congested
2738,cluster_2461880040_2461880142_8131892137,0,2,0,2,r,r,0.0,Non-Congested,Congested
2738,cluster_2461880136_4910664147_50607912_8131882097,0,5,0,1,G,r,2.0,Non-Congested,Non-Congested
2739,132200274,0,1,0,1,r,G,2.0,Non-Congested,Non-Congested
2739,181747232,2,1,0,0,r,G,0.0,Non-Congested,Non-Congested
2739,47217361,0,1,0,0,G,r,0.0,Non-Congested,Non-Congested
2739,cluster_2455590523_389713_47212064,0,1,0,1,G,r,0.0,Non-Congested,Non-Congested
2739,cluster_2461783448_38980632_5243070374,7,8,4,8,G,r,4.0,Congested,Non-Congested
2739,cluster_2461880040_2461880142_8131892137,0,2,0,2,r,r,1.0,Non-Congested,Congested
2739,cluster_2461880136_4910664147_50607912_8131882097,0,5,0,2,G,r,1.0,Non-Congested,Non-Congested
2740,132200274,0,1,0,1,r,G,1.0,Non-Congested,Non-Congested
2740,181747232,2,1,0,0,r,y,3.0,Non-Congested,Non-Congested
2740,47217361,0,1,0,1,y,r,2.0,Non-Congested,Non-Congested
2740,cluster_2455590523_389713_47212064,0,1,0,1,y,r,3.0,Non-Congested,Non-Congested
2740,cluster_2461783448_38980632_5243070374,6,8,4,8,G,r,3.0,Congested,Non-Congested
2740,cluster_2461880040_2461880142_8131892137,0,2,0,2,r,r,0.0,Non-Congested,Congested
2740,cluster_2461880136_4910664147_50607912_8131882097,0,5,0,2,G,r,0.0,Non-Congested,Non-Congested
2741,132200274,0,1,0,1,r,G,0.0,Non-Congested,Non-Congested
2741,181747232,2,1,0,0,r,y,2.0,Non-Congested,Non-Congested
2741,47217361,0,1,0,1,y,r,1.0,Non-Congested,Non-Congested
2741,cluster_2455590523_389713_47212064,0,1,0,1,y,r,2.0,Non-Congested,Non-Congested
2741,cluster_2461783448_38980632_5243070374,8,8,4,8,G,r,2.0,Congested,Non-Congested
2741,cluster_2461880040_2461880142_8131892137,0,2,0,2,r,r,1.0,Non-Congested,Congested
2741,cluster_2461880136_4910664147_50607912_8131882097,0,5,0,2,y,r,2.0,Non-Congested,Non-Congested
2742,132200274,0,2,0,1,r,y,2.0,Non-Congested,Non-Congested
2742,181747232,2,1,0,0,r,y,1.0,Non-Congested,Non-Congested
2742,47217361,0,1,0,1,y,r,0.0,Non-Congested,Non-Congested
2742,cluster_2455590523_389713_47212064,0,1,0,1,y,r,1.0,Non-Congested,Non-Congested
2742,cluster_2461783448_38980632_5243070374,8,8,4,8,G,r,1.0,Congested,Non-Congested
2742,cluster_2461880040_2461880142_8131892137,0,2,0,2,r,r,0.0,Non-Congested,Congested
2742,cluster_2461880136_4910664147_50607912_8131882097,0,4,0,2,y,r,1.0,Non-Congested,Non-Congested
2742,cluster_59665162_8742497506,1,0,0,0,r,G,1.0,Non-Congested,Non-Congested
2743,132200274,0,2,0,1,r,y,1.0,Non-Congested,Congested
2743,181747232,2,1,1,0,r,y,0.0,Non-Congested,Non-Congested
2743,47217361,0,1,0,1,r,r,4.0,Non-Congested,Non-Congested
2743,cluster_2455590523_389713_47212064,0,1,0,1,y,r,0.0,Non-Congested,Non-Congested
2743,cluster_2461783448_38980632_5243070374,7,8,4,8,G,r,0.0,Congested,Non-Congested
2743,cluster_2461880040_2461880142_8131892137,0,2,0,2,r,r,1.0,Non-Congested,Congested
2743,cluster_2461880136_4910664147_50607912_8131882097,0,4,0,2,y,r,0.0,Non-Congested,Non-Congested
2743,cluster_59665162_8742497506,1,0,0,0,r,G,0.0,Non-Congested,Non-Congested
2744,132200274,0,2,0,1,r,y,0.0,Non-Congested,Congested
2744,181747232,2,1,0,0,G,r,6.0,Non-Congested,Non-Congested
2744,47217361,0,1,0,1,r,r,3.0,Non-Congested,Non-Congested
2744,cluster_2455590523_389713_47212064,0,1,0,0,r,r,6.0,Non-Congested,Non-Congested
2744,cluster_2461783448_38980632_5243070374,7,8,4,8,G,r,9.0,Congested,Non-Congested
2744,cluster_2461880040_2461880142_8131892137,0,2,0,2,r,r,0.0,Non-Congested,Congested
2744,cluster_2461880136_4910664147_50607912_8131882097,0,3,0,1,r,G,4.0,Non-Congested,Non-Congested
2744,cluster_59665162_8742497506,2,0,2,0,r,y,2.0,Congested,Non-Congested
2745,132200274,0,2,0,1,G,r,4.0,Non-Congested,Congested
2745,47217361,0,1,0,1,r,r,2.0,Non-Congested,Non-Congested
2745,cluster_2461783448_38980632_5243070374,7,8,4,8,G,r,8.0,Congested,Non-Congested
2745,cluster_2461880040_2461880142_8131892137,0,2,0,2,r,r,1.0,Non-Congested,Congested
2745,cluster_2461880136_4910664147_50607912_8131882097,0,2,0,0,r,G,3.0,Non-Congested,Non-Congested
2745,cluster_59665162_8742497506,1,0,1,0,r,y,1.0,Congested,Non-Congested
2746,132200274,0,2,0,1,G,r,3.0,Non-Congested,Congested
2746,47217361,0,1,0,1,r,r,1.0,Non-Congested,Non-Congested
2746,cluster_1420096799_47154676,0,1,0,0,r,y,0.0,Non-Congested,Non-Congested
2746,cluster_2461783448_38980632_5243070374,7,8,4,8,G,r,7.0,Congested,Non-Congested
2746,cluster_2461880040_2461880142_8131892137,0,2,0,2,r,r,0.0,Non-Congested,Congested
2746,cluster_2461880136_4910664147_50607912_8131882097,0,2,0,0,r,G,2.0,Non-Congested,Non-Congested
2746,cluster_59665162_8742497506,1,0,1,0,r,y,0.0,Congested,Non-Congested
2747,132200274,0,2,0,2,G,r,2.0,Non-Congested,Congested
2747,47217361,0,1,0,1,r,r,0.0,Non-Congested,Non-Congested
2747,cluster_1420096799_47154676,0,1,0,0,G,r,6.0,Non-Congested,Non-Congested
2747,cluster_2461783448_38980632_5243070374,7,8,4,8,G,r,6.0,Congested,Non-Congested
2747,cluster_2461880040_2461880142_8131892137,0,2,0,2,r,r,1.0,Non-Congested,Congested
2747,cluster_2461880136_4910664147_50607912_8131882097,0,2,0,0,r,G,1.0,Non-Congested,Non-Congested
2748,132200274,0,2,0,2,G,r,1.0,Non-Congested,Congested
2748,47217361,0,1,0,1,r,r,2.0,Non-Congested,Non-Congested
2748,cluster_1420096799_47154676,0,1,0,0,G,r,5.0,Non-Congested,Non-Congested
2748,cluster_2455590523_389713_47212064,0,1,0,0,r,r,2.0,Non-Congested,Non-Congested
2748,cluster_2461783448_38980632_5243070374,7,8,5,8,G,r,5.0,Congested,Non-Congested
2748,cluster_2461880040_2461880142_8131892137,0,2,0,2,r,r,0.0,Non-Congested,Congested
2748,cluster_2461880136_4910664147_50607912_8131882097,0,2,0,0,r,G,0.0,Non-Congested,Non-Congested
2749,132200274,0,2,0,2,G,r,0.0,Non-Congested,Congested
2749,181747232,1,1,0,0,G,r,1.0,Non-Congested,Non-Congested
2749,47217361,0,1,0,1,r,r,1.0,Non-Congested,Non-Congested
2749,cluster_1420096799_47154676,0,1,0,0,G,r,4.0,Non-Congested,Non-Congested
2749,cluster_2455590523_389713_47212064,0,2,0,0,r,r,1.0,Non-Congested,Non-Congested
2749,cluster_2461783448_38980632_5243070374,7,8,6,8,G,r,4.0,Congested,Non-Congested
2749,cluster_2461880040_2461880142_8131892137,0,2,0,2,r,r,4.0,Non-Congested,Congested
2749,cluster_2461880136_4910664147_50607912_8131882097,0,2,0,0,r,y,2.0,Non-Congested,Non-Congested
2749,cluster_59665162_8742497506,1,0,0,0,G,r,2.0,Congested,Non-Congested
2750,132200274,0,2,0,2,y,r,2.0,Non-Congested,Congested
2750,181747232,1,1,0,0,G,r,0.0,Non-Congested,Non-Congested
2750,47217361,0,1,0,1,r,r,0.0,Non-Congested,Non-Congested
2750,cluster_1420096799_47154676,0,1,0,0,G,r,3.0,Non-Congested,Non-Congested
2750,cluster_2455590523_389713_47212064,0,3,0,0,r,r,0.0,Non-Congested,Non-Congested
2750,cluster_2461783448_38980632_5243070374,7,8,6,8,G,r,3.0,Congested,Non-Congested
2750,cluster_2461880040_2461880142_8131892137,0,2,0,2,r,r,3.0,Non-Congested,Congested
2750,cluster_2461880136_4910664147_50607912_8131882097,0,3,0,0,r,y,1.0,Non-Congested,Non-Congested
2751,132200274,0,2,0,2,y,r,1.0,Non-Congested,Congested
2751,181747232,1,1,0,0,y,r,3.0,Non-Congested,Non-Congested
2751,47217361,0,1,0,0,r,G,4.0,Non-Congested,Non-Congested
2751,cluster_1420096799_47154676,0,1,0,0,G,r,2.0,Non-Congested,Non-Congested
2751,cluster_2455590523_389713_47212064,0,2,0,0,r,r,3.0,Non-Congested,Non-Congested
2751,cluster_2461783448_38980632_5243070374,6,8,6,8,G,r,2.0,Congested,Non-Congested
2751,cluster_2461880040_2461880142_8131892137,0,2,0,2,r,r,2.0,Non-Congested,Congested
2751,cluster_2461880136_4910664147_50607912_8131882097,0,2,0,1,r,y,0.0,Non-Congested,Non-Congested
2752,132200274,0,3,0,2,y,r,0.0,Non-Congested,Congested
2752,181747232,1,1,0,0,y,r,2.0,Non-Congested,Non-Congested
2752,cluster_1420096799_47154676,0,1,0,0,G,r,1.0,Non-Congested,Non-Congested
2752,cluster_2455590523_389713_47212064,0,1,0,0,r,r,2.0,Non-Congested,Non-Congested
2752,cluster_2461783448_38980632_5243070374,6,8,6,8,G,r,1.0,Congested,Non-Congested
2752,cluster_2461880040_2461880142_8131892137,0,2,0,2,r,r,1.0,Non-Congested,Congested
2752,cluster_2461880136_4910664147_50607912_8131882097,0,3,0,1,r,r,0.0,Non-Congested,Non-Congested
2753,132200274,0,3,0,2,r,G,4.0,Non-Congested,Congested
2753,181747232,1,1,0,0,y,r,1.0,Non-Congested,Non-Congested
2753,cluster_1420096799_47154676,0,1,0,0,G,r,0.0,Non-Congested,Non-Congested
2753,cluster_2455590523_389713_47212064,0,1,0,1,r,r,1.0,Non-Congested,Non-Congested
2753,cluster_2461783448_38980632_5243070374,6,8,6,8,G,r,0.0,Congested,Non-Congested
2753,cluster_2461880040_2461880142_8131892137,0,2,0,2,r,r,0.0,Non-Congested,Congested
2753,cluster_2461880136_4910664147_50607912_8131882097,0,3,0,1,G,r,4.0,Non-Congested,Non-Congested
2754,132200274,0,3,0,2,r,G,3.0,Non-Congested,Congested
2754,181747232,1,1,0,0,y,r,0.0,Non-Congested,Non-Congested
2754,cluster_1420096799_47154676,0,1,0,0,y,r,3.0,Non-Congested,Non-Congested
2754,cluster_2455590523_389713_47212064,0,1,0,1,r,r,0.0,Non-Congested,Non-Congested
2754,cluster_2461783448_38980632_5243070374,6,8,6,8,y,r,4.0,Congested,Non-Congested
2754,cluster_2461880040_2461880142_8131892137,0,2,0,2,G,r,4.0,Non-Congested,Congested
2754,cluster_2461880136_4910664147_50607912_8131882097,0,3,0,1,G,r,3.0,Non-Congested,Non-Congested
2755,132200274,0,3,0,2,r,G,2.0,Non-Congested,Congested
2755,181747232,1,1,0,0,r,G,6.0,Non-Congested,Congested
2755,47217361,1,0,0,0,r,G,0.0,Non-Congested,Non-Congested
2755,cluster_1420096799_47154676,0,1,0,0,y,r,2.0,Non-Congested,Non-Congested
2755,cluster_2461783448_38980632_5243070374,6,8,6,8,y,r,3.0,Congested,Non-Congested
2755,cluster_2461880040_2461880142_8131892137,0,2,0,2,G,r,3.0,Non-Congested,Congested
2755,cluster_2461880136_4910664147_50607912_8131882097,0,3,0,1,G,r,2.0,Non-Congested,Non-Congested
2756,132200274,0,3,0,3,r,G,1.0,Non-Congested,Congested
2756,181747232,1,1,0,0,r,G,5.0,Non-Congested,Non-Congested
2756,47217361,1,0,0,0,r,y,2.0,Non-Congested,Non-Congested
2756,cluster_1420096799_47154676,0,1,0,1,y,r,1.0,Non-Congested,Non-Congested
2756,cluster_2461783448_38980632_5243070374,6,8,6,8,y,r,2.0,Congested,Non-Congested
2756,cluster_2461880040_2461880142_8131892137,0,2,0,2,G,r,2.0,Non-Congested,Congested
2756,cluster_2461880136_4910664147_50607912_8131882097,0,3,0,1,G,r,1.0,Non-Congested,Non-Congested
2757,132200274,0,3,0,3,r,G,0.0,Non-Congested,Congested
2757,181747232,1,1,0,0,r,G,4.0,Non-Congested,Non-Congested
2757,47217361,1,0,0,0,r,y,1.0,Non-Congested,Non-Congested
2757,cluster_1420096799_47154676,0,1,0,1,y,r,0.0,Non-Congested,Non-Congested
2757,cluster_2461783448_38980632_5243070374,6,8,6,8,y,r,1.0,Congested,Non-Congested
2757,cluster_2461880040_2461880142_8131892137,0,2,0,2,G,r,1.0,Non-Congested,Congested
2757,cluster_2461880136_4910664147_50607912_8131882097,0,3,0,1,G,r,0.0,Non-Congested,Non-Congested
2758,132200274,0,3,0,3,r,y,2.0,Non-Congested,Congested
2758,181747232,2,2,0,0,r,G,3.0,Non-Congested,Non-Congested
2758,47217361,1,0,0,0,r,y,0.0,Non-Congested,Non-Congested
2758,cluster_1420096799_47154676,0,1,0,1,r,r,6.0,Non-Congested,Non-Congested
2758,cluster_2455590523_389713_47212064,1,0,0,0,r,G,1.0,Non-Congested,Non-Congested
2758,cluster_2461783448_38980632_5243070374,6,8,6,8,y,r,0.0,Congested,Non-Congested
2758,cluster_2461880040_2461880142_8131892137,0,2,0,2,G,r,0.0,Non-Congested,Congested
2758,cluster_2461880136_4910664147_50607912_8131882097,0,3,0,1,y,r,2.0,Non-Congested,Non-Congested
2758,cluster_59665162_8742497506,1,0,0,0,y,r,0.0,Non-Congested,Non-Congested
2759,132200274,0,3,0,3,r,y,1.0,Non-Congested,Congested
2759,181747232,2,2,0,0,r,G,2.0,Non-Congested,Non-Congested
2759,47217361,1,1,0,0,G,r,4.0,Non-Congested,Non-Congested
2759,cluster_1420096799_47154676,0,1,0,1,r,r,5.0,Non-Congested,Non-Congested
2759,cluster_2455590523_389713_47212064,1,1,0,0,r,G,0.0,Non-Congested,Non-Congested
2759,cluster_2461783448_38980632_5243070374,5,7,5,7,r,G,4.0,Congested,Non-Congested
2759,cluster_2461880040_2461880142_8131892137,0,2,0,2,y,r,4.0,Non-Congested,Congested
2759,cluster_2461880136_4910664147_50607912_8131882097,0,3,0,1,y,r,1.0,Non-Congested,Non-Congested
2759,cluster_59665162_8742497506,1,0,0,0,r,G,4.0,Non-Congested,Non-Congested
2760,132200274,0,3,0,3,r,y,0.0,Non-Congested,Congested
2760,181747232,2,2,0,0,r,G,1.0,Non-Congested,Non-Congested
2760,47217361,1,1,0,0,G,r,3.0,Non-Congested,Non-Congested
2760,cluster_1420096799_47154676,0,1,0,1,r,r,4.0,Non-Congested,Non-Congested
2760,cluster_2455590523_389713_47212064,1,1,0,0,r,y,3.0,Non-Congested,Non-Congested
2760,cluster_2461783448_38980632_5243070374,5,7,4,6,r,G,3.0,Non-Congested,Non-Congested
2760,cluster_2461880040_2461880142_8131892137,0,2,0,2,y,r,3.0,Non-Congested,Congested
2760,cluster_2461880136_4910664147_50607912_8131882097,0,3,0,1,y,r,0.0,Non-Congested,Non-Congested
2760,cluster_59665162_8742497506,1,0,1,0,r,G,3.0,Non-Congested,Non-Congested
2761,132200274,0,3,0,3,G,r,4.0,Non-Congested,Congested
2761,181747232,2,2,0,0,r,G,0.0,Non-Congested,Non-Congested
2761,47217361,1,1,0,0,G,r,2.0,Non-Congested,Non-Congested
2761,cluster_1420096799_47154676,0,1,0,1,r,r,3.0,Non-Congested,Non-Congested
2761,cluster_2455590523_389713_47212064,1,1,0,0,r,y,2.0,Non-Congested,Non-Congested
2761,cluster_2461783448_38980632_5243070374,5,7,3,5,r,G,2.0,Non-Congested,Non-Congested
2761,cluster_2461880040_2461880142_8131892137,0,2,0,2,y,r,2.0,Non-Congested,Congested
2761,cluster_2461880136_4910664147_50607912_8131882097,0,2,0,0,r,G,4.0,Non-Congested,Non-Congested
2761,cluster_59665162_8742497506,1,0,1,0,r,G,2.0,Non-Congested,Non-Congested
2762,132200274,0,3,0,3,G,r,3.0,Non-Congested,Congested
2762,181747232,2,2,1,1,r,y,3.0,Non-Congested,Non-Congested
2762,47217361,1,1,0,0,G,r,1.0,Non-Congested,Non-Congested
2762,cluster_1420096799_47154676,0,1,0,1,r,r,2.0,Non-Congested,Non-Congested
2762,cluster_2455590523_389713_47212064,1,0,0,0,r,y,1.0,Non-Congested,Non-Congested
2762,cluster_2461783448_38980632_5243070374,5,7,2,4,r,G,1.0,Non-Congested,Non-Congested
2762,cluster_2461880040_2461880142_8131892137,0,2,0,2,y,r,1.0,Non-Congested,Congested
2762,cluster_2461880136_4910664147_50607912_8131882097,0,1,0,0,r,G,3.0,Non-Congested,Non-Congested
2762,cluster_59665162_8742497506,1,0,1,0,r,G,1.0,Non-Congested,Non-Congested
2763,132200274,0,3,0,3,G,r,2.0,Non-Congested,Congested
2763,181747232,2,2,1,1,r,y,2.0,Non-Congested,Non-Congested
2763,47217361,1,1,0,0,G,r,0.0,Non-Congested,Non-Congested
2763,cluster_1420096799_47154676,0,1,0,1,r,r,1.0,Non-Congested,Non-Congested
2763,cluster_2455590523_389713_47212064,1,0,0,0,r,y,0.0,Non-Congested,Non-Congested
2763,cluster_2461783448_38980632_5243070374,5,7,2,4,r,G,0.0,Non-Congested,Non-Congested
2763,cluster_2461880040_2461880142_8131892137,0,2,0,2,y,r,0.0,Non-Congested,Congested
2763,cluster_2461880136_4910664147_50607912_8131882097,0,2,0,0,r,G,2.0,Non-Congested,Non-Congested
2763,cluster_59665162_8742497506,1,0,1,0,r,G,0.0,Non-Congested,Non-Congested
2764,132200274,0,3,0,3,G,r,1.0,Non-Congested,Congested
2764,181747232,2,2,1,1,r,y,1.0,Non-Congested,Non-Congested
2764,47217361,0,1,0,0,y,r,2.0,Non-Congested,Non-Congested
2764,cluster_1420096799_47154676,0,1,0,1,r,r,0.0,Non-Congested,Non-Congested
2764,cluster_2461783448_38980632_5243070374,5,7,2,3,r,y,4.0,Non-Congested,Non-Congested
2764,cluster_2461880040_2461880142_8131892137,0,1,0,1,r,G,9.0,Non-Congested,Congested
2764,cluster_2461880136_4910664147_50607912_8131882097,0,1,0,0,r,G,1.0,Non-Congested,Non-Congested
2764,cluster_59665162_8742497506,1,0,1,0,r,y,2.0,Non-Congested,Non-Congested
2765,132200274,0,3,0,3,G,r,0.0,Non-Congested,Congested
2765,181747232,2,2,1,1,r,y,0.0,Non-Congested,Non-Congested
2765,47217361,0,1,0,0,y,r,1.0,Non-Congested,Non-Congested
2765,cluster_1420096799_47154676,0,1,0,1,r,r,3.0,Non-Congested,Non-Congested
2765,cluster_2461783448_38980632_5243070374,5,7,3,4,r,y,3.0,Non-Congested,Non-Congested
2765,cluster_2461880040_2461880142_8131892137,0,1,0,0,r,G,8.0,Non-Congested,Congested
2765,cluster_2461880136_4910664147_50607912_8131882097,0,1,0,0,r,G,0.0,Non-Congested,Non-Congested
2765,cluster_59665162_8742497506,1,0,1,0,r,y,1.0,Non-Congested,Non-Congested
2766,132200274,0,3,0,3,y,r,2.0,Non-Congested,Congested
2766,181747232,2,2,1,1,G,r,6.0,Non-Congested,Non-Congested
2766,47217361,0,1,0,0,y,r,0.0,Non-Congested,Non-Congested
2766,cluster_1420096799_47154676,0,1,0,1,r,r,2.0,Non-Congested,Non-Congested
2766,cluster_2461783448_38980632_5243070374,7,7,3,2,r,y,2.0,Non-Congested,Non-Congested
2766,cluster_2461880040_2461880142_8131892137,0,1,0,0,r,G,7.0,Non-Congested,Congested
2766,cluster_59665162_8742497506,1,0,1,0,r,y,0.0,Non-Congested,Non-Congested
2767,132200274,0,3,0,3,y,r,1.0,Non-Congested,Congested
2767,181747232,1,1,0,0,G,r,5.0,Non-Congested,Non-Congested
2767,47217361,0,1,0,0,r,r,4.0,Non-Congested,Non-Congested
2767,cluster_1420096799_47154676,0,1,0,1,r,r,1.0,Non-Congested,Non-Congested
2767,cluster_2461783448_38980632_5243070374,7,7,3,1,r,y,1.0,Non-Congested,Non-Congested
2767,cluster_2461880040_2461880142_8131892137,0,1,0,0,r,G,6.0,Non-Congested,Non-Congested
2767,cluster_59665162_8742497506,1,0,0,0,G,r,4.0,Congested,Non-Congested
2768,132200274,0,3,0,3,y,r,0.0,Non-Congested,Congested
2768,181747232,1,1,0,0,G,r,4.0,Non-Congested,Non-Congested
2768,47217361,0,1,0,0,r,r,3.0,Non-Congested,Non-Congested
2768,cluster_1420096799_47154676,0,1,0,1,r,r,0.0,Non-Congested,Non-Congested
2768,cluster_2461783448_38980632_5243070374,7,7,3,0,r,y,0.0,Non-Congested,Non-Congested
2768,cluster_2461880040_2461880142_8131892137,0,1,0,0,r,G,5.0,Non-Congested,Non-Congested
2769,132200274,0,3,0,3,r,G,4.0,Non-Congested,Congested
2769,181747232,1,1,0,0,G,r,3.0,Non-Congested,Non-Congested
2769,47217361,0,1,0,0,r,r,2.0,Non-Congested,Non-Congested
2769,cluster_2461783448_38980632_5243070374,8,7,4,1,G,r,4.0,Non-Congested,Non-Congested
2769,cluster_2461880040_2461880142_8131892137,0,2,0,0,r,G,4.0,Non-Congested,Non-Congested
2770,132200274,0,3,0,3,r,G,3.0,Non-Congested,Congested
2770,181747232,1,1,0,0,G,r,2.0,Non-Congested,Non-Congested
2770,47217361,0,1,0,0,r,r,1.0,Non-Congested,Non-Congested
2770,cluster_2455590523_389713_47212064,0,1,0,0,y,r,2.0,Non-Congested,Non-Congested
2770,cluster_2461783448_38980632_5243070374,8,7,5,1,G,r,3.0,Non-Congested,Non-Congested
2770,cluster_2461880040_2461880142_8131892137,1,2,0,0,r,G,3.0,Non-Congested,Non-Congested
2771,132200274,0,3,0,3,r,G,2.0,Non-Congested,Congested
2771,181747232,1,1,0,0,G,r,1.0,Non-Congested,Non-Congested
2771,47217361,0,1,0,0,r,r,0.0,Non-Congested,Non-Congested
2771,cluster_2455590523_389713_47212064,0,1,0,0,y,r,1.0,Non-Congested,Non-Congested
2771,cluster_2461783448_38980632_5243070374,8,7,6,2,G,r,2.0,Non-Congested,Non-Congested
2771,cluster_2461880040_2461880142_8131892137,1,2,0,0,r,G,2.0,Non-Congested,Non-Congested
2772,132200274,0,3,0,3,r,G,1.0,Non-Congested,Congested
2772,181747232,1,1,0,0,G,r,0.0,Non-Congested,Non-Congested
2772,47217361,0,1,0,0,r,r,2.0,Non-Congested,Non-Congested
2772,cluster_1420096799_47154676,0,1,0,0,r,G,3.0,Non-Congested,Non-Congested
2772,cluster_2455590523_389713_47212064,0,1,0,0,y,r,0.0,Non-Congested,Non-Congested
2772,cluster_2461783448_38980632_5243070374,8,7,7,2,G,r,1.0,Non-Congested,Non-Congested
2772,cluster_2461880040_2461880142_8131892137,1,1,0,0,r,G,1.0,Non-Congested,Non-Congested
2773,132200274,0,3,0,3,r,G,0.0,Non-Congested,Congested
2773,47217361,0,1,0,0,r,r,1.0,Non-Congested,Non-Congested
2773,cluster_1420096799_47154676,0,1,0,0,r,G,2.0,Non-Congested,Non-Congested
2773,cluster_2461783448_38980632_5243070374,8,7,7,3,G,r,0.0,Non-Congested,Non-Congested
2773,cluster_2461880040_2461880142_8131892137,1,1,0,0,r,G,0.0,Non-Congested,Non-Congested
2774,132200274,0,3,0,3,r,y,2.0,Non-Congested,Congested
2774,47217361,0,1,0,0,r,r,0.0,Non-Congested,Non-Congested
2774,cluster_1420096799_47154676,0,1,0,0,r,G,1.0,Non-Congested,Non-Congested
2774,cluster_2461783448_38980632_5243070374,8,7,8,4,G,r,4.0,Non-Congested,Non-Congested
2774,cluster_2461880040_2461880142_8131892137,2,2,0,0,r,G,0.0,Non-Congested,Non-Congested
2775,132200274,0,3,0,3,r,y,1.0,Non-Congested,Congested
2775,cluster_1420096799_47154676,0,1,0,0,r,G,0.0,Non-Congested,Non-Congested
2775,cluster_2455590523_389713_47212064,0,1,0,0,r,r,4.0,Non-Congested,Non-Congested
2775,cluster_2461783448_38980632_5243070374,8,7,8,4,G,r,3.0,Non-Congested,Non-Congested
2775,cluster_2461880040_2461880142_8131892137,2,2,0,0,r,y,4.0,Non-Congested,Non-Congested
2776,132200274,0,3,0,3,r,y,0.0,Non-Congested,Congested
2776,cluster_1420096799_47154676,0,1,0,0,r,y,3.0,Non-Congested,Non-Congested
2776,cluster_2455590523_389713_47212064,0,2,0,0,r,r,3.0,Non-Congested,Congested
2776,cluster_2461783448_38980632_5243070374,8,8,8,4,G,r,2.0,Non-Congested,Non-Congested
2776,cluster_2461880040_2461880142_8131892137,3,3,0,0,r,y,3.0,Non-Congested,Non-Congested
2777,132200274,0,3,0,3,G,r,4.0,Non-Congested,Congested
2777,47217361,1,0,0,0,r,G,2.0,Non-Congested,Non-Congested
2777,cluster_1420096799_47154676,0,1,0,0,r,y,2.0,Non-Congested,Non-Congested
2777,cluster_2455590523_389713_47212064,0,2,0,0,r,r,2.0,Non-Congested,Congested
2777,cluster_2461783448_38980632_5243070374,8,8,8,5,G,r,1.0,Non-Congested,Non-Congested
2777,cluster_2461880040_2461880142_8131892137,3,3,0,0,r,y,2.0,Non-Congested,Non-Congested
2778,132200274,0,3,0,3,G,r,3.0,Non-Congested,Congested
2778,47217361,1,0,0,0,r,G,1.0,Non-Congested,Non-Congested
2778,cluster_1420096799_47154676,0,1,0,0,r,y,1.0,Non-Congested,Non-Congested
2778,cluster_2455590523_389713_47212064,0,2,0,0,r,r,1.0,Non-Congested,Congested
2778,cluster_2461783448_38980632_5243070374,8,8,8,6,G,r,0.0,Non-Congested,Non-Congested
2778,cluster_2461880040_2461880142_8131892137,3,3,0,0,r,y,1.0,Non-Congested,Non-Congested
2779,132200274,0,3,0,3,G,r,2.0,Non-Congested,Congested
2779,47217361,1,1,0,0,r,G,0.0,Non-Congested,Non-Congested
2779,cluster_1420096799_47154676,0,1,0,0,r,y,0.0,Non-Congested,Non-Congested
2779,cluster_2455590523_389713_47212064,0,1,0,0,r,r,0.0,Non-Congested,Congested
2779,cluster_2461783448_38980632_5243070374,8,7,8,6,G,r,9.0,Non-Congested,Non-Congested
2779,cluster_2461880040_2461880142_8131892137,3,3,0,0,r,y,0.0,Non-Congested,Non-Congested
2779,cluster_59665162_8742497506,1,0,0,0,r,G,2.0,Non-Congested,Non-Congested
2780,132200274,0,3,0,3,G,r,1.0,Non-Congested,Congested
2780,47217361,1,1,0,0,r,y,2.0,Non-Congested,Non-Congested
2780,cluster_1420096799_47154676,0,1,0,0,G,r,6.0,Non-Congested,Non-Congested
2780,cluster_2455590523_389713_47212064,0,1,0,1,r,r,3.0,Non-Congested,Congested
2780,cluster_2461783448_38980632_5243070374,8,7,8,7,G,r,8.0,Non-Congested,Non-Congested
2780,cluster_2461880040_2461880142_8131892137,2,3,0,0,r,r,4.0,Non-Congested,Non-Congested
2780,cluster_59665162_8742497506,1,0,0,0,r,G,1.0,Non-Congested,Non-Congested
2781,132200274,0,3,0,3,G,r,0.0,Non-Congested,Congested
2781,47217361,1,1,0,0,r,y,1.0,Non-Congested,Non-Congested
2781,cluster_1420096799_47154676,0,1,0,0,G,r,5.0,Non-Congested,Non-Congested
2781,cluster_2455590523_389713_47212064,0,1,0,1,r,r,2.0,Non-Congested,Congested
2781,cluster_2461783448_38980632_5243070374,8,7,8,7,G,r,7.0,Non-Congested,Non-Congested
2781,cluster_2461880040_2461880142_8131892137,2,3,0,0,r,r,3.0,Non-Congested,Congested
2781,cluster_59665162_8742497506,1,0,0,0,r,G,0.0,Non-Congested,Non-Congested
2782,132200274,0,3,0,3,y,r,2.0,Non-Congested,Congested
2782,47217361,1,1,0,0,r,y,0.0,Non-Congested,Non-Congested
2782,cluster_1420096799_47154676,0,1,0,0,G,r,4.0,Non-Congested,Non-Congested
2782,cluster_2455590523_389713_47212064,0,1,0,1,r,r,1.0,Non-Congested,Congested
2782,cluster_2461783448_38980632_5243070374,8,7,8,7,G,r,6.0,Non-Congested,Non-Congested
2782,cluster_2461880040_2461880142_8131892137,1,2,0,0,r,r,2.0,Non-Congested,Congested
2782,cluster_59665162_8742497506,1,0,1,0,r,y,2.0,Non-Congested,Non-Congested
2783,132200274,0,3,0,3,y,r,1.0,Non-Congested,Congested
2783,47217361,1,1,0,0,G,r,4.0,Non-Congested,Non-Congested
2783,cluster_1420096799_47154676,0,1,0,0,G,r,3.0,Non-Congested,Non-Congested
2783,cluster_2455590523_389713_47212064,0,2,0,1,r,r,0.0,Non-Congested,Congested
2783,cluster_2461783448_38980632_5243070374,8,7,8,7,G,r,5.0,Non-Congested,Non-Congested
2783,cluster_2461880040_2461880142_8131892137,1,3,0,1,r,r,1.0,Non-Congested,Congested
2783,cluster_59665162_8742497506,1,0,1,0,r,y,1.0,Non-Congested,Non-Congested
2784,132200274,0,3,0,3,y,r,0.0,Non-Congested,Congested
2784,47217361,0,1,0,0,G,r,3.0,Non-Congested,Non-Congested
2784,cluster_1420096799_47154676,0,2,0,0,G,r,2.0,Non-Congested,Non-Congested
2784,cluster_2455590523_389713_47212064,0,2,0,0,r,G,4.0,Non-Congested,Congested
2784,cluster_2461783448_38980632_5243070374,8,7,8,7,G,r,4.0,Non-Congested,Non-Congested
2784,cluster_2461880040_2461880142_8131892137,0,2,0,1,r,r,0.0,Non-Congested,Congested
2784,cluster_59665162_8742497506,1,0,1,0,r,y,0.0,Non-Congested,Non-Congested
2785,132200274,0,3,0,3,r,G,4.0,Non-Congested,Congested
2785,47217361,0,1,0,0,G,r,2.0,Non-Congested,Non-Congested
2785,cluster_1420096799_47154676,0,2,0,1,G,r,1.0,Non-Congested,Non-Congested
2785,cluster_2455590523_389713_47212064,0,2,0,1,r,G,3.0,Non-Congested,Congested
2785,cluster_2461783448_38980632_5243070374,8,7,8,7,G,r,3.0,Non-Congested,Non-Congested
2785,cluster_2461880040_2461880142_8131892137,0,2,0,2,r,r,1.0,Non-Congested,Congested
2786,132200274,0,3,0,3,r,G,3.0,Non-Congested,Congested
2786,47217361,0,1,0,0,G,r,1.0,Non-Congested,Non-Congested
2786,cluster_1420096799_47154676,0,2,0,2,G,r,0.0,Non-Congested,Non-Congested
2786,cluster_2455590523_389713_47212064,0,1,0,1,r,G,2.0,Non-Congested,Congested
2786,cluster_2461783448_38980632_5243070374,8,7,8,7,G,r,2.0,Non-Congested,Non-Congested
2786,cluster_2461880040_2461880142_8131892137,0,2,0,2,r,r,0.0,Non-Congested,Congested
2787,132200274,0,3,0,3,r,G,2.0,Non-Congested,Congested
2787,47217361,0,1,0,0,G,r,0.0,Non-Congested,Non-Congested
2787,cluster_1420096799_47154676,0,2,0,2,y,r,3.0,Non-Congested,Non-Congested
2787,cluster_2455590523_389713_47212064,0,1,0,0,r,G,1.0,Non-Congested,Congested
2787,cluster_2461783448_38980632_5243070374,8,7,8,7,G,r,1.0,Non-Congested,Non-Congested
2787,cluster_2461880040_2461880142_8131892137,0,2,0,2,r,r,1.0,Non-Congested,Congested
2788,132200274,0,3,0,3,r,G,1.0,Non-Congested,Congested
2788,47217361,0,1,0,0,y,r,2.0,Non-Congested,Non-Congested
2788,cluster_1420096799_47154676,0,2,0,2,y,r,2.0,Non-Congested,Non-Congested
2788,cluster_2455590523_389713_47212064,0,1,0,0,r,G,0.0,Non-Congested,Non-Congested
2788,cluster_2461783448_38980632_5243070374,8,7,8,7,G,r,0.0,Non-Congested,Non-Congested
2788,cluster_2461880040_2461880142_8131892137,0,2,0,2,r,r,0.0,Non-Congested,Congested
2789,132200274,0,3,0,3,r,G,0.0,Non-Congested,Congested
2789,47217361,0,1,0,0,y,r,1.0,Non-Congested,Non-Congested
2789,cluster_1420096799_47154676,0,1,0,1,y,r,1.0,Non-Congested,Non-Congested
2789,cluster_2461783448_38980632_5243070374,8,7,8,7,y,r,4.0,Non-Congested,Non-Congested
2789,cluster_2461880040_2461880142_8131892137,0,2,0,2,r,r,1.0,Non-Congested,Congested
2790,132200274,0,3,0,3,r,y,2.0,Non-Congested,Congested
2790,47217361,0,1,0,0,y,r,0.0,Non-Congested,Non-Congested
2790,cluster_1420096799_47154676,0,1,0,1,y,r,0.0,Non-Congested,Non-Congested
2790,cluster_2461783448_38980632_5243070374,8,7,8,7,y,r,3.0,Non-Congested,Non-Congested
2790,cluster_2461880040_2461880142_8131892137,0,2,0,2,r,r,0.0,Non-Congested,Congested
2791,132200274,0,3,0,3,r,y,1.0,Non-Congested,Congested
2791,47217361,0,1,0,0,r,r,4.0,Non-Congested,Non-Congested
2791,cluster_1420096799_47154676,0,1,0,1,r,r,6.0,Non-Congested,Non-Congested
2791,cluster_2461783448_38980632_5243070374,8,7,8,7,y,r,2.0,Non-Congested,Non-Congested
2791,cluster_2461880040_2461880142_8131892137,0,2,0,2,r,r,1.0,Non-Congested,Congested
2792,132200274,0,3,0,3,r,y,0.0,Non-Congested,Congested
2792,47217361,0,1,0,0,r,r,3.0,Non-Congested,Non-Congested
2792,cluster_1420096799_47154676,0,1,0,1,r,r,5.0,Non-Congested,Non-Congested
2792,cluster_2461783448_38980632_5243070374,8,7,8,7,y,r,1.0,Non-Congested,Non-Congested
2792,cluster_2461880040_2461880142_8131892137,0,2,0,2,r,r,0.0,Non-Congested,Congested
2793,132200274,0,3,0,3,G,r,4.0,Non-Congested,Congested
2793,47217361,0,1,0,0,r,r,2.0,Non-Congested,Non-Congested
2793,cluster_1420096799_47154676,0,1,0,1,r,r,4.0,Non-Congested,Non-Congested
2793,cluster_2461783448_38980632_5243070374,8,7,8,7,y,r,0.0,Non-Congested,Non-Congested
2793,cluster_2461880040_2461880142_8131892137,0,2,0,2,r,r,1.0,Non-Congested,Congested
2793,cluster_2461880136_4910664147_50607912_8131882097,0,1,0,0,y,r,1.0,Non-Congested,Non-Congested
2794,132200274,0,3,0,3,G,r,3.0,Non-Congested,Congested
2794,47217361,0,2,0,0,r,r,1.0,Non-Congested,Non-Congested
2794,cluster_1420096799_47154676,0,1,0,1,r,r,3.0,Non-Congested,Non-Congested
2794,cluster_2461783448_38980632_5243070374,7,6,7,6,r,G,4.0,Non-Congested,Non-Congested
2794,cluster_2461880040_2461880142_8131892137,0,2,0,2,r,r,0.0,Non-Congested,Congested
2794,cluster_2461880136_4910664147_50607912_8131882097,0,1,0,0,y,r,0.0,Non-Congested,Non-Congested
2795,132200274,0,3,0,3,G,r,2.0,Non-Congested,Congested
2795,47217361,0,2,0,1,r,r,0.0,Non-Congested,Non-Congested
2795,cluster_1420096799_47154676,0,1,0,1,r,r,2.0,Non-Congested,Non-Congested
2795,cluster_2455590523_389713_47212064,0,1,0,0,G,r,2.0,Non-Congested,Non-Congested
2795,cluster_2461783448_38980632_5243070374,7,6,5,5,r,G,3.0,Non-Congested,Non-Congested
2795,cluster_2461880040_2461880142_8131892137,0,2,0,2,r,r,1.0,Non-Congested,Congested
2795,cluster_2461880136_4910664147_50607912_8131882097,1,1,0,0,r,G,4.0,Non-Congested,Non-Congested
2796,132200274,0,3,0,3,G,r,1.0,Non-Congested,Congested
2796,47217361,0,2,0,1,r,r,2.0,Non-Congested,Non-Congested
2796,cluster_1420096799_47154676,0,1,0,1,r,r,1.0,Non-Congested,Non-Congested
2796,cluster_2455590523_389713_47212064,0,1,0,0,G,r,1.0,Non-Congested,Non-Congested
2796,cluster_2461783448_38980632_5243070374,7,6,3,4,r,G,2.0,Non-Congested,Non-Congested
2796,cluster_2461880040_2461880142_8131892137,0,2,0,2,r,r,0.0,Non-Congested,Congested
2796,cluster_2461880136_4910664147_50607912_8131882097,1,2,0,0,r,G,3.0,Non-Congested,Non-Congested
2797,132200274,0,3,0,3,G,r,0.0,Non-Congested,Congested
2797,47217361,0,2,0,1,r,r,1.0,Non-Congested,Non-Congested
2797,cluster_1420096799_47154676,0,1,0,1,r,r,0.0,Non-Congested,Non-Congested
2797,cluster_2461783448_38980632_5243070374,6,6,1,3,r,G,1.0,Non-Congested,Non-Congested
2797,cluster_2461880040_2461880142_8131892137,0,2,0,2,r,r,1.0,Non-Congested,Congested
2797,cluster_2461880136_4910664147_50607912_8131882097,1,2,0,0,r,G,2.0,Non-Congested,Non-Congested
2798,132200274,0,3,0,3,y,r,2.0,Non-Congested,Congested
2798,47217361,0,2,0,1,r,r,0.0,Non-Congested,Non-Congested
2798,cluster_1420096799_47154676,0,1,0,1,r,r,3.0,Non-Congested,Non-Congested
2798,cluster_2461783448_38980632_5243070374,6,7,0,2,r,G,0.0,Non-Congested,Non-Congested
2798,cluster_2461880040_2461880142_8131892137,0,2,0,2,r,r,0.0,Non-Congested,Congested
2798,cluster_2461880136_4910664147_50607912_8131882097,1,3,0,0,r,G,1.0,Non-Congested,Non-Congested
2799,132200274,0,3,0,3,y,r,1.0,Non-Congested,Congested
2799,47217361,0,1,0,0,r,G,4.0,Non-Congested,Non-Congested
2799,cluster_1420096799_47154676,0,1,0,1,r,r,2.0,Non-Congested,Non-Congested
2799,cluster_2461783448_38980632_5243070374,5,7,0,2,r,G,1.0,Non-Congested,Non-Congested
2799,cluster_2461880040_2461880142_8131892137,0,2,0,2,r,r,1.0,Non-Congested,Congested
2799,cluster_2461880136_4910664147_50607912_8131882097,1,3,1,0,r,G,0.0,Non-Congested,Non-Congested
2800,132200274,0,3,0,3,y,r,0.0,Non-Congested,Congested
2800,47217361,0,1,0,0,r,G,3.0,Non-Congested,Non-Congested
2800,cluster_1420096799_47154676,0,1,0,1,r,r,1.0,Non-Congested,Non-Congested
2800,cluster_2455590523_389713_47212064,0,1,0,0,y,r,1.0,Non-Congested,Non-Congested
2800,cluster_2461783448_38980632_5243070374,6,7,0,2,r,G,0.0,Non-Congested,Non-Congested
2800,cluster_2461880040_2461880142_8131892137,0,2,0,2,r,r,0.0,Non-Congested,Congested
2800,cluster_2461880136_4910664147_50607912_8131882097,1,3,1,0,r,G,1.0,Non-Congested,Non-Congested
2801,132200274,0,3,0,3,r,G,4.0,Non-Congested,Congested
2801,47217361,0,1,0,0,r,G,2.0,Non-Congested,Non-Congested
2801,cluster_1420096799_47154676,0,1,0,1,r,r,0.0,Non-Congested,Non-Congested
2801,cluster_2455590523_389713_47212064,0,1,0,0,y,r,0.0,Non-Congested,Congested
2801,cluster_2461783448_38980632_5243070374,4,7,0,3,r,G,1.0,Non-Congested,Non-Congested
2801,cluster_2461880040_2461880142_8131892137,0,2,0,2,r,r,1.0,Non-Congested,Congested
2801,cluster_2461880136_4910664147_50607912_8131882097,1,2,1,0,r,G,0.0,Non-Congested,Non-Congested
2802,132200274,0,3,0,3,r,G,3.0,Non-Congested,Congested
2802,47217361,0,1,0,0,r,G,1.0,Non-Congested,Non-Congested
2802,cluster_1420096799_47154676,0,1,0,0,r,G,6.0,Non-Congested,Non-Congested
2802,cluster_2455590523_389713_47212064,0,2,0,0,r,r,6.0,Non-Congested,Congested
2802,cluster_2461783448_38980632_5243070374,6,7,0,4,r,G,0.0,Non-Congested,Non-Congested
2802,cluster_2461880040_2461880142_8131892137,0,2,0,2,r,r,0.0,Non-Congested,Congested
2802,cluster_2461880136_4910664147_50607912_8131882097,1,2,1,0,r,G,0.0,Non-Congested,Non-Congested
2803,132200274,0,3,0,3,r,G,2.0,Non-Congested,Congested
2803,47217361,1,1,0,0,r,G,0.0,Non-Congested,Non-Congested
2803,cluster_2455590523_389713_47212064,0,1,0,0,r,r,5.0,Non-Congested,Congested
2803,cluster_2461783448_38980632_5243070374,6,7,0,5,r,G,1.0,Non-Congested,Non-Congested
2803,cluster_2461880040_2461880142_8131892137,0,2,0,2,r,r,1.0,Non-Congested,Congested
2803,cluster_2461880136_4910664147_50607912_8131882097,1,2,1,0,r,G,1.0,Non-Congested,Non-Congested
2804,132200274,0,3,0,3,r,G,1.0,Non-Congested,Congested
2804,47217361,1,1,0,0,r,y,2.0,Non-Congested,Non-Congested
2804,cluster_2455590523_389713_47212064,0,1,0,0,r,r,4.0,Non-Congested,Congested
2804,cluster_2461783448_38980632_5243070374,5,7,0,4,r,G,0.0,Non-Congested,Non-Congested
2804,cluster_2461880040_2461880142_8131892137,0,2,0,2,r,r,0.0,Non-Congested,Congested
2804,cluster_2461880136_4910664147_50607912_8131882097,1,2,1,0,r,G,0.0,Non-Congested,Non-Congested
2805,132200274,0,3,0,3,r,G,0.0,Non-Congested,Congested
2805,47217361,1,1,0,0,r,y,1.0,Non-Congested,Non-Congested
2805,cluster_2455590523_389713_47212064,0,1,0,1,r,r,3.0,Non-Congested,Congested
2805,cluster_2461783448_38980632_5243070374,7,7,1,5,r,G,1.0,Non-Congested,Non-Congested
2805,cluster_2461880040_2461880142_8131892137,0,2,0,2,r,r,1.0,Non-Congested,Congested
2805,cluster_2461880136_4910664147_50607912_8131882097,1,1,1,0,r,G,0.0,Non-Congested,Non-Congested
2806,132200274,0,3,0,3,r,y,2.0,Non-Congested,Congested
2806,47217361,1,2,0,0,r,y,0.0,Non-Congested,Non-Congested
2806,cluster_2455590523_389713_47212064,0,1,0,1,r,r,2.0,Non-Congested,Congested
2806,cluster_2461783448_38980632_5243070374,7,7,1,5,r,G,0.0,Non-Congested,Non-Congested
2806,cluster_2461880040_2461880142_8131892137,0,2,0,2,r,r,0.0,Non-Congested,Congested
2806,cluster_2461880136_4910664147_50607912_8131882097,1,2,1,0,r,G,1.0,Non-Congested,Non-Congested
2807,132200274,0,3,0,3,r,y,1.0,Non-Congested,Congested
2807,47217361,1,2,0,0,G,r,4.0,Non-Congested,Non-Congested
2807,cluster_1420096799_47154676,0,1,0,0,r,G,1.0,Non-Congested,Non-Congested
2807,cluster_2455590523_389713_47212064,0,1,0,1,r,r,1.0,Non-Congested,Congested
2807,cluster_2461783448_38980632_5243070374,6,7,1,6,r,G,1.0,Non-Congested,Non-Congested
2807,cluster_2461880040_2461880142_8131892137,0,2,0,2,r,r,1.0,Non-Congested,Congested
2807,cluster_2461880136_4910664147_50607912_8131882097,1,1,1,0,r,G,0.0,Non-Congested,Non-Congested
2808,132200274,0,3,0,3,r,y,0.0,Non-Congested,Congested
2808,47217361,1,2,0,0,G,r,3.0,Non-Congested,Non-Congested
2808,cluster_1420096799_47154676,0,1,0,0,r,G,0.0,Non-Congested,Non-Congested
2808,cluster_2455590523_389713_47212064,0,1,0,1,r,r,0.0,Non-Congested,Congested
2808,cluster_2461783448_38980632_5243070374,7,7,2,7,r,G,0.0,Non-Congested,Non-Congested
2808,cluster_2461880040_2461880142_8131892137,0,2,0,2,r,r,0.0,Non-Congested,Congested
2808,cluster_2461880136_4910664147_50607912_8131882097,1,2,1,0,r,G,0.0,Non-Congested,Non-Congested
2809,132200274,0,3,0,3,G,r,4.0,Non-Congested,Congested
2809,47217361,1,2,0,0,G,r,2.0,Non-Congested,Non-Congested
2809,cluster_1420096799_47154676,1,1,0,0,r,y,3.0,Non-Congested,Non-Congested
2809,cluster_2455590523_389713_47212064,0,1,0,1,r,r,3.0,Non-Congested,Congested
2809,cluster_2461783448_38980632_5243070374,8,7,2,7,r,G,1.0,Non-Congested,Non-Congested
2809,cluster_2461880040_2461880142_8131892137,0,2,0,2,r,r,1.0,Non-Congested,Congested
2809,cluster_2461880136_4910664147_50607912_8131882097,1,1,1,0,r,G,0.0,Non-Congested,Non-Congested
2810,132200274,0,3,0,3,G,r,3.0,Non-Congested,Congested
2810,47217361,1,2,0,1,G,r,1.0,Non-Congested,Non-Congested
2810,cluster_1420096799_47154676,1,1,0,1,r,y,2.0,Non-Congested,Non-Congested
2810,cluster_2455590523_389713_47212064,0,1,0,1,r,r,2.0,Non-Congested,Congested
2810,cluster_2461783448_38980632_5243070374,9,7,3,7,r,G,0.0,Congested,Non-Congested
2810,cluster_2461880040_2461880142_8131892137,0,2,0,2,r,r,0.0,Non-Congested,Congested
2810,cluster_2461880136_4910664147_50607912_8131882097,1,1,1,0,r,y,2.0,Non-Congested,Non-Congested
2811,132200274,0,3,0,3,G,r,2.0,Non-Congested,Congested
2811,47217361,1,2,0,1,G,r,0.0,Non-Congested,Non-Congested
2811,cluster_1420096799_47154676,1,1,0,1,r,y,1.0,Non-Congested,Non-Congested
2811,cluster_2455590523_389713_47212064,1,1,0,1,r,r,1.0,Non-Congested,Congested
2811,cluster_2461783448_38980632_5243070374,9,7,5,7,r,G,1.0,Congested,Non-Congested
2811,cluster_2461880040_2461880142_8131892137,0,2,0,2,r,r,1.0,Non-Congested,Congested
2811,cluster_2461880136_4910664147_50607912_8131882097,1,2,1,0,r,y,1.0,Non-Congested,Non-Congested
2812,132200274,0,3,0,3,G,r,1.0,Non-Congested,Congested
2812,47217361,1,2,0,1,y,r,2.0,Non-Congested,Non-Congested
2812,cluster_1420096799_47154676,1,1,0,1,r,y,0.0,Non-Congested,Non-Congested
2812,cluster_2455590523_389713_47212064,0,1,0,1,r,r,0.0,Non-Congested,Congested
2812,cluster_2461783448_38980632_5243070374,9,7,5,7,r,G,0.0,Congested,Non-Congested
2812,cluster_2461880040_2461880142_8131892137,0,2,0,2,r,r,0.0,Non-Congested,Congested
2812,cluster_2461880136_4910664147_50607912_8131882097,1,2,1,0,r,y,0.0,Non-Congested,Non-Congested
2813,132200274,0,3,0,3,G,r,0.0,Non-Congested,Congested
2813,47217361,0,2,0,1,y,r,1.0,Non-Congested,Non-Congested
2813,cluster_1420096799_47154676,1,1,0,1,G,r,6.0,Non-Congested,Non-Congested
2813,cluster_2461783448_38980632_5243070374,10,7,6,7,r,G,1.0,Congested,Non-Congested
2813,cluster_2461880040_2461880142_8131892137,0,2,0,2,r,r,1.0,Non-Congested,Congested
2813,cluster_2461880136_4910664147_50607912_8131882097,1,2,1,0,r,r,0.0,Non-Congested,Non-Congested
2814,132200274,0,3,0,3,y,r,2.0,Non-Congested,Congested
2814,47217361,0,2,0,1,y,r,0.0,Non-Congested,Non-Congested
2814,cluster_1420096799_47154676,1,1,0,1,G,r,5.0,Non-Congested,Non-Congested
2814,cluster_2461783448_38980632_5243070374,10,7,6,7,r,G,0.0,Congested,Non-Congested
2814,cluster_2461880040_2461880142_8131892137,0,2,0,2,r,r,0.0,Non-Congested,Congested
2814,cluster_2461880136_4910664147_50607912_8131882097,0,2,0,0,G,r,4.0,Non-Congested,Non-Congested
2815,132200274,0,3,0,3,y,r,1.0,Non-Congested,Congested
2815,47217361,0,2,0,1,r,r,4.0,Non-Congested,Non-Congested
2815,cluster_1420096799_47154676,0,1,0,1,G,r,4.0,Non-Congested,Non-Congested
2815,cluster_2455590523_389713_47212064,0,1,0,0,r,G,2.0,Non-Congested,Non-Congested
2815,cluster_2461783448_38980632_5243070374,11,7,8,7,r,G,1.0,Congested,Non-Congested
2815,cluster_2461880040_2461880142_8131892137,0,2,0,2,r,r,4.0,Non-Congested,Congested
2815,cluster_2461880136_4910664147_50607912_8131882097,0,2,0,0,G,r,3.0,Non-Congested,Non-Congested
2816,132200274,0,3,0,3,y,r,0.0,Non-Congested,Congested
2816,181747232,1,0,0,0,G,r,0.0,Non-Congested,Non-Congested
2816,47217361,0,2,0,1,r,r,3.0,Non-Congested,Non-Congested
2816,cluster_1420096799_47154676,0,1,0,1,G,r,3.0,Non-Congested,Non-Congested
2816,cluster_2455590523_389713_47212064,0,1,0,0,r,G,1.0,Non-Congested,Non-Congested
2816,cluster_2461783448_38980632_5243070374,11,7,9,7,r,G,0.0,Congested,Non-Congested
2816,cluster_2461880040_2461880142_8131892137,0,2,0,2,r,r,3.0,Non-Congested,Congested
2816,cluster_2461880136_4910664147_50607912_8131882097,0,2,0,0,G,r,2.0,Non-Congested,Non-Congested
2817,132200274,0,3,0,3,r,G,4.0,Non-Congested,Congested
2817,181747232,1,0,0,0,y,r,3.0,Non-Congested,Non-Congested
2817,47217361,0,2,0,1,r,r,2.0,Non-Congested,Non-Congested
2817,cluster_1420096799_47154676,0,1,0,1,G,r,2.0,Non-Congested,Non-Congested
2817,cluster_2455590523_389713_47212064,0,1,0,0,r,G,0.0,Non-Congested,Non-Congested
2817,cluster_2461783448_38980632_5243070374,12,7,9,6,r,G,1.0,Congested,Non-Congested
2817,cluster_2461880040_2461880142_8131892137,0,2,0,2,r,r,2.0,Non-Congested,Congested
2817,cluster_2461880136_4910664147_50607912_8131882097,0,2,0,0,G,r,1.0,Non-Congested,Non-Congested
2818,132200274,0,3,0,3,r,G,3.0,Non-Congested,Congested
2818,181747232,1,0,0,0,y,r,2.0,Non-Congested,Non-Congested
2818,47217361,0,2,0,1,r,r,1.0,Non-Congested,Non-Congested
2818,cluster_1420096799_47154676,0,1,0,1,G,r,1.0,Non-Congested,Non-Congested
2818,cluster_2455590523_389713_47212064,0,1,0,0,r,y,3.0,Non-Congested,Non-Congested
2818,cluster_2461783448_38980632_5243070374,12,7,10,5,r,G,0.0,Congested,Non-Congested
2818,cluster_2461880040_2461880142_8131892137,0,2,0,2,r,r,1.0,Non-Congested,Congested
2818,cluster_2461880136_4910664147_50607912_8131882097,0,2,0,0,G,r,0.0,Non-Congested,Non-Congested
2819,132200274,0,3,0,3,r,G,2.0,Non-Congested,Congested
2819,181747232,1,0,0,0,y,r,1.0,Non-Congested,Non-Congested
2819,47217361,0,2,0,1,r,r,0.0,Non-Congested,Non-Congested
2819,cluster_1420096799_47154676,0,1,0,1,G,r,0.0,Non-Congested,Non-Congested
2819,cluster_2455590523_389713_47212064,0,1,0,1,r,y,2.0,Non-Congested,Non-Congested
2819,cluster_2461783448_38980632_5243070374,12,7,11,4,r,G,1.0,Congested,Non-Congested
2819,cluster_2461880040_2461880142_8131892137,0,2,0,2,r,r,0.0,Non-Congested,Congested
2819,cluster_2461880136_4910664147_50607912_8131882097,0,2,0,0,y,r,2.0,Non-Congested,Non-Congested
2820,132200274,0,3,0,3,r,G,1.0,Non-Congested,Congested
2820,181747232,1,0,0,0,y,r,0.0,Non-Congested,Non-Congested
2820,47217361,0,2,0,1,r,r,2.0,Non-Congested,Non-Congested
2820,cluster_1420096799_47154676,0,1,0,1,y,r,3.0,Non-Congested,Non-Congested
2820,cluster_2455590523_389713_47212064,0,1,0,1,r,y,1.0,Non-Congested,Non-Congested
2820,cluster_2461783448_38980632_5243070374,12,7,11,3,r,G,0.0,Congested,Non-Congested
2820,cluster_2461880040_2461880142_8131892137,0,2,0,2,G,r,4.0,Non-Congested,Congested
2820,cluster_2461880136_4910664147_50607912_8131882097,0,2,0,0,y,r,1.0,Non-Congested,Non-Congested
2821,132200274,0,3,0,3,r,G,0.0,Non-Congested,Congested
2821,181747232,1,0,0,0,r,G,6.0,Non-Congested,Non-Congested
2821,47217361,0,2,0,1,r,r,1.0,Non-Congested,Non-Congested
2821,cluster_1420096799_47154676,0,1,0,1,y,r,2.0,Non-Congested,Non-Congested
2821,cluster_2455590523_389713_47212064,0,2,0,1,r,y,0.0,Non-Congested,Non-Congested
2821,cluster_2461783448_38980632_5243070374,12,7,12,2,r,G,1.0,Congested,Non-Congested
2821,cluster_2461880040_2461880142_8131892137,0,2,0,2,G,r,3.0,Non-Congested,Congested
2821,cluster_2461880136_4910664147_50607912_8131882097,0,1,0,0,y,r,0.0,Non-Congested,Non-Congested
2822,132200274,0,3,0,3,r,y,2.0,Non-Congested,Congested
2822,181747232,1,0,0,0,r,G,5.0,Non-Congested,Non-Congested
2822,47217361,0,2,0,1,r,r,0.0,Non-Congested,Non-Congested
2822,cluster_1420096799_47154676,0,1,0,1,y,r,1.0,Non-Congested,Non-Congested
2822,cluster_2455590523_389713_47212064,0,2,0,1,G,r,4.0,Non-Congested,Non-Congested
2822,cluster_2461783448_38980632_5243070374,12,7,12,2,r,G,0.0,Congested,Non-Congested
2822,cluster_2461880040_2461880142_8131892137,0,2,0,2,G,r,2.0,Non-Congested,Congested
2822,cluster_2461880136_4910664147_50607912_8131882097,0,1,0,0,r,G,4.0,Non-Congested,Non-Congested
2823,132200274,0,3,0,3,r,y,1.0,Non-Congested,Congested
2823,181747232,1,0,0,0,r,G,4.0,Non-Congested,Non-Congested
2823,47217361,0,1,0,0,r,G,4.0,Non-Congested,Non-Congested
2823,cluster_1420096799_47154676,1,1,0,1,y,r,0.0,Non-Congested,Non-Congested
2823,cluster_2455590523_389713_47212064,0,1,0,1,G,r,3.0,Non-Congested,Non-Congested
2823,cluster_2461783448_38980632_5243070374,12,7,12,2,r,G,1.0,Congested,Non-Congested
2823,cluster_2461880040_2461880142_8131892137,0,2,0,2,G,r,1.0,Non-Congested,Congested
2823,cluster_2461880136_4910664147_50607912_8131882097,0,1,0,0,r,G,3.0,Non-Congested,Non-Congested
2824,132200274,0,3,0,3,r,y,0.0,Non-Congested,Congested
2824,181747232,1,0,0,0,r,G,3.0,Non-Congested,Non-Congested
2824,47217361,0,1,0,0,r,G,3.0,Non-Congested,Non-Congested
2824,cluster_1420096799_47154676,1,1,0,1,r,r,6.0,Non-Congested,Non-Congested
2824,cluster_2455590523_389713_47212064,0,1,0,1,G,r,2.0,Non-Congested,Non-Congested
2824,cluster_2461783448_38980632_5243070374,12,7,12,2,r,G,0.0,Congested,Non-Congested
2824,cluster_2461880040_2461880142_8131892137,0,2,0,2,G,r,0.0,Non-Congested,Congested
2824,cluster_2461880136_4910664147_50607912_8131882097,0,1,0,0,r,G,2.0,Non-Congested,Non-Congested
2825,132200274,0,3,0,3,G,r,4.0,Non-Congested,Congested
2825,181747232,1,0,0,0,r,G,2.0,Non-Congested,Non-Congested
2825,47217361,0,1,0,0,r,G,2.0,Non-Congested,Non-Congested
2825,cluster_1420096799_47154676,1,1,0,1,r,r,5.0,Non-Congested,Non-Congested
2825,cluster_2455590523_389713_47212064,0,1,0,1,G,r,1.0,Non-Congested,Non-Congested
2825,cluster_2461783448_38980632_5243070374,12,7,12,3,r,G,1.0,Congested,Non-Congested
2825,cluster_2461880040_2461880142_8131892137,0,2,0,2,y,r,4.0,Non-Congested,Congested
2825,cluster_2461880136_4910664147_50607912_8131882097,0,1,0,0,r,G,1.0,Non-Congested,Non-Congested
2826,132200274,0,3,0,3,G,r,3.0,Non-Congested,Congested
2826,181747232,1,0,0,0,r,G,1.0,Non-Congested,Non-Congested
2826,47217361,1,1,0,0,r,G,1.0,Non-Congested,Non-Congested
2826,cluster_1420096799_47154676,1,1,0,1,r,r,4.0,Non-Congested,Non-Congested
2826,cluster_2455590523_389713_47212064,0,1,0,1,G,r,0.0,Non-Congested,Non-Congested
2826,cluster_2461783448_38980632_5243070374,12,7,12,4,r,G,0.0,Congested,Non-Congested
2826,cluster_2461880040_2461880142_8131892137,0,2,0,2,y,r,3.0,Non-Congested,Congested
2826,cluster_2461880136_4910664147_50607912_8131882097,0,1,0,0,r,G,0.0,Non-Congested,Non-Congested
2827,132200274,0,3,0,3,G,r,2.0,Non-Congested,Congested
2827,181747232,1,0,0,0,r,G,0.0,Non-Congested,Non-Congested
2827,47217361,1,0,0,0,r,G,0.0,Non-Congested,Non-Congested
2827,cluster_1420096799_47154676,1,1,0,1,r,r,3.0,Non-Congested,Non-Congested
2827,cluster_2455590523_389713_47212064,0,1,0,1,y,r,3.0,Non-Congested,Non-Congested
2827,cluster_2461783448_38980632_5243070374,12,7,12,4,r,G,1.0,Congested,Non-Congested
2827,cluster_2461880040_2461880142_8131892137,0,2,0,2,y,r,2.0,Non-Congested,Congested
2827,cluster_2461880136_4910664147_50607912_8131882097,0,1,0,0,r,y,2.0,Non-Congested,Non-Congested
2828,132200274,0,3,0,3,G,r,1.0,Non-Congested,Congested
2828,181747232,1,0,0,0,r,y,3.0,Non-Congested,Non-Congested
2828,47217361,2,0,0,0,r,y,2.0,Non-Congested,Non-Congested
2828,cluster_1420096799_47154676,1,1,0,1,r,r,2.0,Non-Congested,Non-Congested
2828,cluster_2455590523_389713_47212064,0,1,0,1,y,r,2.0,Non-Congested,Non-Congested
2828,cluster_2461783448_38980632_5243070374,12,7,12,5,r,G,0.0,Congested,Non-Congested
2828,cluster_2461880040_2461880142_8131892137,0,2,0,2,y,r,1.0,Non-Congested,Congested
2828,cluster_2461880136_4910664147_50607912_8131882097,0,1,0,0,r,y,1.0,Non-Congested,Non-Congested
2829,132200274,0,3,0,3,G,r,0.0,Non-Congested,Congested
2829,181747232,1,0,0,0,r,y,2.0,Non-Congested,Non-Congested
2829,47217361,2,0,0,0,r,y,1.0,Non-Congested,Non-Congested
2829,cluster_1420096799_47154676,1,1,0,1,r,r,1.0,Non-Congested,Non-Congested
2829,cluster_2455590523_389713_47212064,0,1,0,1,y,r,1.0,Non-Congested,Non-Congested
2829,cluster_2461783448_38980632_5243070374,12,7,12,5,r,G,1.0,Congested,Non-Congested
2829,cluster_2461880040_2461880142_8131892137,0,2,0,2,y,r,0.0,Non-Congested,Congested
2830,132200274,0,3,0,3,y,r,2.0,Non-Congested,Congested
2830,181747232,1,0,0,0,r,y,1.0,Non-Congested,Non-Congested
2830,47217361,2,1,0,0,r,y,0.0,Non-Congested,Non-Congested
2830,cluster_1420096799_47154676,1,1,1,1,r,r,0.0,Non-Congested,Non-Congested
2830,cluster_2455590523_389713_47212064,0,1,0,1,y,r,0.0,Non-Congested,Non-Congested
2830,cluster_2461783448_38980632_5243070374,12,7,12,6,r,G,0.0,Congested,Non-Congested
2830,cluster_2461880040_2461880142_8131892137,0,2,0,1,r,G,9.0,Non-Congested,Congested
2831,132200274,0,3,0,3,y,r,1.0,Non-Congested,Congested
2831,181747232,1,0,0,0,r,y,0.0,Non-Congested,Non-Congested
2831,47217361,2,1,0,0,G,r,4.0,Non-Congested,Non-Congested
2831,cluster_1420096799_47154676,1,1,1,1,r,r,3.0,Non-Congested,Non-Congested
2831,cluster_2455590523_389713_47212064,0,1,0,1,r,r,6.0,Non-Congested,Congested
2831,cluster_2461783448_38980632_5243070374,12,7,12,7,r,G,1.0,Congested,Non-Congested
2831,cluster_2461880040_2461880142_8131892137,0,1,0,0,r,G,8.0,Non-Congested,Congested
2832,132200274,0,3,0,3,y,r,0.0,Non-Congested,Congested
2832,181747232,1,0,0,0,G,r,6.0,Non-Congested,Non-Congested
2832,47217361,1,1,0,0,G,r,3.0,Non-Congested,Non-Congested
2832,cluster_1420096799_47154676,1,1,1,1,r,r,2.0,Non-Congested,Non-Congested
2832,cluster_2455590523_389713_47212064,0,1,0,1,r,r,5.0,Non-Congested,Congested
2832,cluster_2461783448_38980632_5243070374,12,7,12,7,r,G,0.0,Congested,Non-Congested
2832,cluster_2461880040_2461880142_8131892137,0,1,0,0,r,G,7.0,Non-Congested,Congested
2833,132200274,0,3,0,3,r,G,4.0,Non-Congested,Congested
2833,181747232,1,0,0,0,G,r,5.0,Non-Congested,Non-Congested
2833,47217361,1,1,0,0,G,r,2.0,Non-Congested,Non-Congested
2833,cluster_1420096799_47154676,1,1,1,1,r,r,1.0,Non-Congested,Non-Congested
2833,cluster_2455590523_389713_47212064,0,1,0,1,r,r,4.0,Non-Congested,Congested
2833,cluster_2461783448_38980632_5243070374,12,7,12,7,r,G,1.0,Congested,Non-Congested
2833,cluster_2461880040_2461880142_8131892137,0,1,0,0,r,G,6.0,Non-Congested,Non-Congested
2834,132200274,0,3,0,3,r,G,3.0,Non-Congested,Congested
2834,181747232,1,0,0,0,G,r,4.0,Non-Congested,Non-Congested
2834,47217361,1,1,0,0,G,r,1.0,Non-Congested,Non-Congested
2834,cluster_1420096799_47154676,1,1,1,1,r,r,0.0,Non-Congested,Non-Congested
2834,cluster_2455590523_389713_47212064,0,1,0,1,r,r,3.0,Non-Congested,Non-Congested
2834,cluster_2461783448_38980632_5243070374,12,7,12,7,r,G,0.0,Congested,Non-Congested
2834,cluster_2461880040_2461880142_8131892137,0,1,0,0,r,G,5.0,Non-Congested,Non-Congested
2835,132200274,0,3,0,3,r,G,2.0,Non-Congested,Congested
2835,181747232,1,0,0,0,G,r,3.0,Non-Congested,Non-Congested
2835,47217361,0,1,0,0,G,r,0.0,Non-Congested,Non-Congested
2835,cluster_1420096799_47154676,1,1,1,0,r,G,6.0,Non-Congested,Non-Congested
2835,cluster_2455590523_389713_47212064,0,1,0,1,r,r,2.0,Non-Congested,Non-Congested
2835,cluster_2461783448_38980632_5243070374,12,7,12,7,r,G,1.0,Congested,Non-Congested
2835,cluster_2461880040_2461880142_8131892137,0,1,0,0,r,G,4.0,Non-Congested,Non-Congested
2836,132200274,0,3,0,3,r,G,1.0,Non-Congested,Congested
2836,181747232,2,0,0,0,G,r,2.0,Non-Congested,Non-Congested
2836,47217361,0,1,0,0,y,r,2.0,Non-Congested,Non-Congested
2836,cluster_1420096799_47154676,1,0,1,0,r,G,5.0,Non-Congested,Non-Congested
2836,cluster_2455590523_389713_47212064,0,1,0,1,r,r,1.0,Non-Congested,Non-Congested
2836,cluster_2461783448_38980632_5243070374,12,7,12,7,r,G,0.0,Congested,Non-Congested
2837,132200274,0,3,0,3,r,G,0.0,Non-Congested,Congested
2837,181747232,3,0,0,0,G,r,1.0,Non-Congested,Non-Congested
2837,47217361,0,1,0,0,y,r,1.0,Non-Congested,Non-Congested
2837,cluster_1420096799_47154676,1,0,1,0,r,G,4.0,Non-Congested,Non-Congested
2837,cluster_2455590523_389713_47212064,0,1,0,1,r,r,0.0,Non-Congested,Non-Congested
2837,cluster_2461783448_38980632_5243070374,12,7,12,7,r,G,1.0,Congested,Non-Congested
2837,cluster_2461880040_2461880142_8131892137,1,1,0,0,r,G,2.0,Non-Congested,Non-Congested
2838,132200274,0,3,0,3,r,y,2.0,Non-Congested,Congested
2838,181747232,3,0,0,0,G,r,0.0,Non-Congested,Non-Congested
2838,47217361,0,1,0,0,y,r,0.0,Non-Congested,Non-Congested
2838,cluster_1420096799_47154676,1,0,1,0,r,G,3.0,Non-Congested,Non-Congested
2838,cluster_2455590523_389713_47212064,0,1,0,1,r,r,3.0,Non-Congested,Non-Congested
2838,cluster_2461783448_38980632_5243070374,12,7,12,7,r,G,0.0,Congested,Non-Congested
2838,cluster_2461880040_2461880142_8131892137,1,1,0,0,r,G,1.0,Non-Congested,Non-Congested
2839,132200274,0,3,0,3,r,y,1.0,Non-Congested,Congested
2839,181747232,2,0,0,0,G,r,1.0,Non-Congested,Non-Congested
2839,47217361,0,1,0,0,r,r,4.0,Non-Congested,Non-Congested
2839,cluster_1420096799_47154676,1,0,1,0,r,G,2.0,Non-Congested,Non-Congested
2839,cluster_2455590523_389713_47212064,1,1,0,1,r,r,2.0,Non-Congested,Non-Congested
2839,cluster_2461783448_38980632_5243070374,12,7,12,7,r,G,1.0,Congested,Non-Congested
2839,cluster_2461880040_2461880142_8131892137,1,1,0,0,r,G,0.0,Non-Congested,Non-Congested
2840,132200274,0,3,0,3,r,y,0.0,Non-Congested,Congested
2840,181747232,3,1,0,0,G,r,0.0,Non-Congested,Non-Congested
2840,47217361,0,1,0,0,r,r,3.0,Non-Congested,Non-Congested
2840,cluster_1420096799_47154676,1,0,1,0,r,G,1.0,Non-Congested,Non-Congested
2840,cluster_2455590523_389713_47212064,0,1,0,1,r,r,1.0,Non-Congested,Non-Congested
2840,cluster_2461783448_38980632_5243070374,12,7,12,7,r,G,0.0,Congested,Non-Congested
2840,cluster_2461880040_2461880142_8131892137,2,2,0,0,r,y,4.0,Non-Congested,Non-Congested
2841,132200274,0,3,0,3,G,r,4.0,Non-Congested,Congested
2841,181747232,3,1,0,0,G,r,0.0,Non-Congested,Non-Congested
2841,47217361,0,1,0,0,r,r,2.0,Non-Congested,Non-Congested
2841,cluster_1420096799_47154676,1,0,1,0,r,G,0.0,Non-Congested,Non-Congested
2841,cluster_2455590523_389713_47212064,0,1,0,1,r,r,0.0,Non-Congested,Non-Congested
2841,cluster_2461783448_38980632_5243070374,12,7,12,7,r,G,1.0,Congested,Non-Congested
2841,cluster_2461880040_2461880142_8131892137,2,2,0,0,r,y,3.0,Non-Congested,Non-Congested
2842,132200274,0,3,0,3,G,r,3.0,Non-Congested,Congested
2842,181747232,3,1,0,0,y,r,3.0,Non-Congested,Non-Congested
2842,47217361,0,1,0,0,r,r,1.0,Non-Congested,Non-Congested
2842,cluster_1420096799_47154676,2,0,1,0,r,y,3.0,Non-Congested,Non-Congested
2842,cluster_2461783448_38980632_5243070374,12,7,12,7,r,G,0.0,Congested,Non-Congested
2842,cluster_2461880040_2461880142_8131892137,2,3,0,0,r,y,2.0,Non-Congested,Non-Congested
2843,132200274,0,3,0,3,G,r,2.0,Non-Congested,Congested
2843,181747232,3,1,0,0,y,r,2.0,Non-Congested,Non-Congested
2843,47217361,0,1,0,0,r,r,0.0,Non-Congested,Non-Congested
2843,cluster_1420096799_47154676,2,0,1,0,r,y,2.0,Non-Congested,Non-Congested
2843,cluster_2461783448_38980632_5243070374,12,7,12,7,r,G,0.0,Congested,Non-Congested
2843,cluster_2461880040_2461880142_8131892137,2,3,0,0,r,y,1.0,Non-Congested,Non-Congested
2844,132200274,0,3,0,3,G,r,1.0,Non-Congested,Congested
2844,181747232,3,1,0,0,y,r,1.0,Non-Congested,Non-Congested
2844,47217361,0,1,0,0,r,r,2.0,Non-Congested,Non-Congested
2844,cluster_1420096799_47154676,2,0,1,0,r,y,1.0,Non-Congested,Non-Congested
2844,cluster_2461783448_38980632_5243070374,12,7,12,7,r,y,4.0,Congested,Non-Congested
2844,cluster_2461880040_2461880142_8131892137,2,3,0,0,r,y,0.0,Non-Congested,Non-Congested
2845,132200274,0,3,0,3,G,r,0.0,Non-Congested,Congested
2845,181747232,3,1,0,0,y,r,0.0,Non-Congested,Non-Congested
2845,47217361,0,1,0,0,r,r,1.0,Non-Congested,Non-Congested
2845,cluster_1420096799_47154676,2,0,1,0,r,y,0.0,Non-Congested,Non-Congested
2845,cluster_2461783448_38980632_5243070374,12,7,12,7,r,y,3.0,Congested,Non-Congested
2845,cluster_2461880040_2461880142_8131892137,2,4,0,0,r,r,4.0,Non-Congested,Congested
2846,132200274,0,3,0,3,y,r,2.0,Non-Congested,Congested
2846,181747232,3,1,0,0,r,G,6.0,Non-Congested,Non-Congested
2846,47217361,0,1,0,0,r,r,0.0,Non-Congested,Non-Congested
2846,cluster_1420096799_47154676,2,0,0,0,G,r,6.0,Non-Congested,Non-Congested
2846,cluster_2455590523_389713_47212064,0,1,0,0,r,G,0.0,Non-Congested,Non-Congested
2846,cluster_2461783448_38980632_5243070374,12,7,12,7,r,y,2.0,Congested,Non-Congested
2846,cluster_2461880040_2461880142_8131892137,1,3,0,0,r,r,3.0,Non-Congested,Congested
2847,132200274,0,3,0,3,y,r,1.0,Non-Congested,Congested
2847,181747232,3,1,0,0,r,G,5.0,Non-Congested,Non-Congested
2847,cluster_2455590523_389713_47212064,0,1,0,0,r,G,1.0,Non-Congested,Non-Congested
2847,cluster_2461783448_38980632_5243070374,12,7,12,7,r,y,1.0,Congested,Non-Congested
2847,cluster_2461880040_2461880142_8131892137,1,3,0,1,r,r,2.0,Non-Congested,Congested
2848,132200274,0,3,0,3,y,r,0.0,Non-Congested,Congested
2848,181747232,3,1,0,0,r,G,4.0,Non-Congested,Non-Congested
2848,cluster_2455590523_389713_47212064,0,2,0,0,r,G,0.0,Non-Congested,Non-Congested
2848,cluster_2461783448_38980632_5243070374,12,7,12,7,r,y,0.0,Congested,Non-Congested
2848,cluster_2461880040_2461880142_8131892137,0,2,0,1,r,r,1.0,Non-Congested,Congested
2849,132200274,0,3,0,3,r,G,4.0,Non-Congested,Congested
2849,181747232,3,1,0,0,r,G,3.0,Non-Congested,Non-Congested
2849,cluster_2461783448_38980632_5243070374,12,7,12,7,G,r,4.0,Congested,Non-Congested
2849,cluster_2461880040_2461880142_8131892137,0,2,0,2,r,r,0.0,Non-Congested,Congested
2850,132200274,0,3,0,3,r,G,3.0,Non-Congested,Congested
2850,181747232,3,1,1,1,r,G,2.0,Non-Congested,Non-Congested
2850,47217361,1,0,0,0,r,G,1.0,Non-Congested,Non-Congested
2850,cluster_1420096799_47154676,0,1,0,0,G,r,2.0,Non-Congested,Non-Congested
2850,cluster_2461783448_38980632_5243070374,12,7,12,7,G,r,3.0,Congested,Non-Congested
2850,cluster_2461880040_2461880142_8131892137,0,2,0,2,r,r,4.0,Non-Congested,Congested
2851,132200274,0,3,0,3,r,G,2.0,Non-Congested,Congested
2851,181747232,3,1,1,1,r,G,1.0,Non-Congested,Non-Congested
2851,47217361,1,0,0,0,r,G,0.0,Non-Congested,Non-Congested
2851,cluster_1420096799_47154676,0,1,0,0,G,r,1.0,Non-Congested,Non-Congested
2851,cluster_2455590523_389713_47212064,0,1,0,0,r,y,2.0,Non-Congested,Non-Congested
2851,cluster_2461783448_38980632_5243070374,12,7,12,7,G,r,2.0,Congested,Non-Congested
2851,cluster_2461880040_2461880142_8131892137,0,2,0,2,r,r,3.0,Non-Congested,Congested
2852,132200274,0,3,0,3,r,G,1.0,Non-Congested,Congested
2852,181747232,3,1,1,1,r,G,0.0,Non-Congested,Non-Congested
2852,47217361,1,0,0,0,r,y,2.0,Non-Congested,Non-Congested
2852,cluster_1420096799_47154676,0,1,0,0,G,r,0.0,Non-Congested,Non-Congested
2852,cluster_2455590523_389713_47212064,0,1,0,0,r,y,1.0,Non-Congested,Non-Congested
2852,cluster_2461783448_38980632_5243070374,12,7,12,7,G,r,1.0,Congested,Non-Congested
2852,cluster_2461880040_2461880142_8131892137,0,2,0,2,r,r,2.0,Non-Congested,Congested
2853,132200274,0,3,0,3,r,G,0.0,Non-Congested,Congested
2853,181747232,3,1,1,1,r,y,3.0,Non-Congested,Non-Congested
2853,47217361,1,0,0,0,r,y,1.0,Non-Congested,Non-Congested
2853,cluster_1420096799_47154676,0,1,0,0,y,r,3.0,Non-Congested,Non-Congested
2853,cluster_2455590523_389713_47212064,0,2,0,0,r,y,0.0,Non-Congested,Non-Congested
2853,cluster_2461783448_38980632_5243070374,12,8,12,7,G,r,0.0,Congested,Non-Congested
2853,cluster_2461880040_2461880142_8131892137,0,2,0,2,r,r,1.0,Non-Congested,Congested
2854,132200274,0,3,0,3,r,y,2.0,Non-Congested,Congested
2854,181747232,3,1,1,1,r,y,2.0,Non-Congested,Non-Congested
2854,47217361,1,0,0,0,r,y,0.0,Non-Congested,Non-Congested
2854,cluster_1420096799_47154676,0,1,0,0,y,r,2.0,Non-Congested,Non-Congested
2854,cluster_2455590523_389713_47212064,0,1,0,0,G,r,4.0,Non-Congested,Congested
2854,cluster_2461783448_38980632_5243070374,12,8,12,7,G,r,4.0,Congested,Non-Congested
2854,cluster_2461880040_2461880142_8131892137,0,2,0,2,r,r,0.0,Non-Congested,Congested
2855,132200274,0,3,0,3,r,y,1.0,Non-Congested,Congested
2855,181747232,2,0,0,0,r,y,1.0,Non-Congested,Non-Congested
2855,47217361,1,0,0,0,G,r,4.0,Non-Congested,Non-Congested
2855,cluster_1420096799_47154676,0,1,0,0,y,r,1.0,Non-Congested,Non-Congested
2855,cluster_2455590523_389713_47212064,0,1,0,0,G,r,3.0,Non-Congested,Congested
2855,cluster_2461783448_38980632_5243070374,12,8,12,7,G,r,3.0,Congested,Non-Congested
2855,cluster_2461880040_2461880142_8131892137,0,2,0,2,G,r,4.0,Non-Congested,Congested
2856,132200274,0,3,0,3,r,y,0.0,Non-Congested,Congested
2856,181747232,2,0,0,0,r,y,0.0,Non-Congested,Non-Congested
2856,47217361,1,0,0,0,G,r,3.0,Non-Congested,Non-Congested
2856,cluster_1420096799_47154676,0,1,0,0,y,r,0.0,Non-Congested,Non-Congested
2856,cluster_2455590523_389713_47212064,0,1,0,0,G,r,2.0,Non-Congested,Congested
2856,cluster_2461783448_38980632_5243070374,12,8,12,7,G,r,2.0,Congested,Non-Congested
2856,cluster_2461880040_2461880142_8131892137,0,2,0,2,G,r,3.0,Non-Congested,Congested
2857,132200274,0,3,0,3,G,r,4.0,Non-Congested,Congested
2857,181747232,2,0,0,0,G,r,6.0,Non-Congested,Non-Congested
2857,47217361,1,0,0,0,G,r,2.0,Non-Congested,Non-Congested
2857,cluster_1420096799_47154676,0,1,0,0,r,r,6.0,Non-Congested,Non-Congested
2857,cluster_2455590523_389713_47212064,0,1,0,1,G,r,1.0,Non-Congested,Congested
2857,cluster_2461783448_38980632_5243070374,11,8,11,7,G,r,1.0,Congested,Non-Congested
2857,cluster_2461880040_2461880142_8131892137,0,2,0,2,G,r,2.0,Non-Congested,Congested
2858,132200274,0,3,0,3,G,r,3.0,Non-Congested,Congested
2858,181747232,2,0,0,0,G,r,5.0,Non-Congested,Non-Congested
2858,47217361,1,0,0,0,G,r,1.0,Non-Congested,Non-Congested
2858,cluster_1420096799_47154676,0,2,0,0,r,r,5.0,Non-Congested,Non-Congested
2858,cluster_2455590523_389713_47212064,0,1,0,1,G,r,0.0,Non-Congested,Congested
2858,cluster_2461783448_38980632_5243070374,11,8,10,7,G,r,0.0,Congested,Non-Congested
2858,cluster_2461880040_2461880142_8131892137,0,2,0,2,G,r,1.0,Non-Congested,Congested
2859,132200274,0,4,0,3,G,r,2.0,Non-Congested,Congested
2859,181747232,2,0,0,0,G,r,4.0,Non-Congested,Non-Congested
2859,47217361,1,0,0,0,G,r,0.0,Non-Congested,Non-Congested
2859,cluster_1420096799_47154676,0,2,0,0,r,r,4.0,Non-Congested,Non-Congested
2859,cluster_181310323_5380872437,1,0,0,0,y,r,1.0,Non-Congested,Non-Congested
2859,cluster_2455590523_389713_47212064,0,1,0,1,y,r,3.0,Non-Congested,Congested
2859,cluster_2461783448_38980632_5243070374,11,9,9,8,G,r,9.0,Congested,Non-Congested
2859,cluster_2461880040_2461880142_8131892137,0,2,0,2,G,r,0.0,Non-Congested,Congested
2859,cluster_2461880136_4910664147_50607912_8131882097,0,1,0,0,r,G,1.0,Non-Congested,Non-Congested
2860,132200274,0,4,0,3,G,r,1.0,Non-Congested,Congested
2860,181747232,2,0,0,0,G,r,3.0,Non-Congested,Non-Congested
2860,47217361,1,0,0,0,y,r,2.0,Non-Congested,Non-Congested
2860,cluster_1420096799_47154676,0,2,0,0,r,r,3.0,Non-Congested,Non-Congested
2860,cluster_181310323_5380872437,1,0,0,0,y,r,0.0,Non-Congested,Non-Congested
2860,cluster_2455590523_389713_47212064,0,1,0,1,y,r,2.0,Non-Congested,Congested
2860,cluster_2461783448_38980632_5243070374,11,9,8,8,G,r,8.0,Congested,Non-Congested
2860,cluster_2461880040_2461880142_8131892137,0,2,0,2,y,r,4.0,Non-Congested,Congested
2860,cluster_2461880136_4910664147_50607912_8131882097,0,1,0,0,r,G,0.0,Non-Congested,Non-Congested
2861,132200274,0,4,0,3,G,r,0.0,Non-Congested,Congested
2861,181747232,2,0,0,0,G,r,2.0,Non-Congested,Non-Congested
2861,47217361,1,0,1,0,y,r,1.0,Non-Congested,Non-Congested
2861,cluster_1420096799_47154676,0,2,0,1,r,r,2.0,Non-Congested,Non-Congested
2861,cluster_181310323_5380872437,1,0,0,0,r,G,4.0,Non-Congested,Non-Congested
2861,cluster_2455590523_389713_47212064,0,1,0,1,y,r,1.0,Non-Congested,Congested
2861,cluster_2461783448_38980632_5243070374,11,9,7,8,G,r,7.0,Congested,Non-Congested
2861,cluster_2461880040_2461880142_8131892137,0,2,0,2,y,r,3.0,Non-Congested,Congested
2861,cluster_2461880136_4910664147_50607912_8131882097,0,1,0,0,r,y,2.0,Non-Congested,Non-Congested
2862,132200274,0,4,0,3,y,r,2.0,Non-Congested,Congested
2862,47217361,1,0,1,0,y,r,0.0,Non-Congested,Non-Congested
2862,cluster_1420096799_47154676,0,2,0,1,r,r,1.0,Non-Congested,Non-Congested
2862,cluster_181310323_5380872437,1,0,0,0,r,G,3.0,Non-Congested,Non-Congested
2862,cluster_2455590523_389713_47212064,0,1,0,1,y,r,0.0,Non-Congested,Congested
2862,cluster_2461783448_38980632_5243070374,10,9,6,8,G,r,6.0,Congested,Non-Congested
2862,cluster_2461880040_2461880142_8131892137,0,2,0,2,y,r,2.0,Non-Congested,Congested
2862,cluster_2461880136_4910664147_50607912_8131882097,0,2,0,0,r,y,1.0,Non-Congested,Non-Congested
2863,132200274,0,4,0,3,y,r,1.0,Non-Congested,Congested
2863,181747232,2,2,0,0,G,r,0.0,Non-Congested,Non-Congested
2863,47217361,1,0,0,0,r,r,4.0,Non-Congested,Non-Congested
2863,cluster_1420096799_47154676,0,1,0,1,r,r,0.0,Non-Congested,Non-Congested
2863,cluster_181310323_5380872437,1,0,0,0,r,G,2.0,Non-Congested,Non-Congested
2863,cluster_2455590523_389713_47212064,0,1,0,1,r,r,6.0,Non-Congested,Congested
2863,cluster_2461783448_38980632_5243070374,10,9,5,8,G,r,5.0,Congested,Non-Congested
2863,cluster_2461880040_2461880142_8131892137,0,2,0,2,y,r,1.0,Non-Congested,Congested
2863,cluster_2461880136_4910664147_50607912_8131882097,0,2,0,0,r,y,0.0,Non-Congested,Non-Congested
2864,132200274,0,4,0,3,y,r,0.0,Non-Congested,Congested
2864,181747232,2,2,0,0,G,r,0.0,Non-Congested,Non-Congested
2864,cluster_1420096799_47154676,0,1,0,1,r,r,3.0,Non-Congested,Non-Congested
2864,cluster_181310323_5380872437,1,0,0,0,r,G,1.0,Non-Congested,Non-Congested
2864,cluster_2455590523_389713_47212064,0,1,0,1,r,r,5.0,Non-Congested,Congested
2864,cluster_2461783448_38980632_5243070374,11,9,5,9,G,r,4.0,Congested,Non-Congested
2864,cluster_2461880040_2461880142_8131892137,0,2,0,2,y,r,0.0,Non-Congested,Congested
2864,cluster_2461880136_4910664147_50607912_8131882097,0,2,0,0,r,r,0.0,Non-Congested,Non-Congested
2865,132200274,0,3,0,3,r,G,4.0,Non-Congested,Congested
2865,181747232,2,2,0,0,y,r,3.0,Non-Congested,Non-Congested
2865,cluster_1420096799_47154676,0,1,0,1,r,r,2.0,Non-Congested,Non-Congested
2865,cluster_181310323_5380872437,1,0,0,0,r,G,0.0,Non-Congested,Non-Congested
2865,cluster_2455590523_389713_47212064,0,1,0,1,r,r,4.0,Non-Congested,Congested
2865,cluster_2461783448_38980632_5243070374,10,9,4,9,G,r,3.0,Congested,Non-Congested
2865,cluster_2461880040_2461880142_8131892137,0,1,0,1,r,G,9.0,Non-Congested,Congested
2865,cluster_2461880136_4910664147_50607912_8131882097,0,2,0,0,G,r,4.0,Non-Congested,Non-Congested
2866,132200274,0,3,0,3,r,G,3.0,Non-Congested,Congested
2866,181747232,2,2,0,0,y,r,2.0,Non-Congested,Non-Congested
2866,cluster_1420096799_47154676,0,1,0,1,r,r,1.0,Non-Congested,Non-Congested
2866,cluster_181310323_5380872437,1,0,1,0,r,y,3.0,Non-Congested,Non-Congested
2866,cluster_2455590523_389713_47212064,0,1,0,1,r,r,3.0,Non-Congested,Congested
2866,cluster_2461783448_38980632_5243070374,10,9,4,9,G,r,2.0,Congested,Non-Congested
2866,cluster_2461880040_2461880142_8131892137,0,1,0,0,r,G,8.0,Non-Congested,Non-Congested
2866,cluster_2461880136_4910664147_50607912_8131882097,0,2,0,0,G,r,3.0,Non-Congested,Non-Congested
2867,132200274,0,3,0,3,r,G,2.0,Non-Congested,Congested
2867,181747232,2,2,0,0,y,r,1.0,Non-Congested,Non-Congested
2867,cluster_1420096799_47154676,0,1,0,1,r,r,0.0,Non-Congested,Non-Congested
2867,cluster_181310323_5380872437,1,0,1,0,r,y,2.0,Non-Congested,Non-Congested
2867,cluster_2455590523_389713_47212064,0,1,0,1,r,r,2.0,Non-Congested,Congested
2867,cluster_2461783448_38980632_5243070374,10,9,4,9,G,r,1.0,Congested,Non-Congested
2867,cluster_2461880040_2461880142_8131892137,0,1,0,0,r,G,7.0,Non-Congested,Non-Congested
2867,cluster_2461880136_4910664147_50607912_8131882097,0,2,0,0,G,r,2.0,Non-Congested,Non-Congested
2868,132200274,0,3,0,3,r,G,1.0,Non-Congested,Congested
2868,181747232,2,2,0,0,y,r,0.0,Non-Congested,Non-Congested
2868,cluster_181310323_5380872437,1,0,1,0,r,y,1.0,Non-Congested,Non-Congested
2868,cluster_2455590523_389713_47212064,0,1,0,1,r,r,1.0,Non-Congested,Congested
2868,cluster_2461783448_38980632_5243070374,10,9,5,9,G,r,0.0,Congested,Non-Congested
2868,cluster_2461880040_2461880142_8131892137,0,2,0,0,r,G,6.0,Non-Congested,Non-Congested
2868,cluster_2461880136_4910664147_50607912_8131882097,0,2,0,0,G,r,1.0,Non-Congested,Non-Congested
2869,132200274,1,3,0,3,r,G,0.0,Non-Congested,Congested
2869,181747232,2,3,0,0,r,G,6.0,Non-Congested,Non-Congested
2869,cluster_181310323_5380872437,1,0,1,0,r,y,0.0,Non-Congested,Non-Congested
2869,cluster_2455590523_389713_47212064,0,2,0,1,r,r,0.0,Non-Congested,Congested
2869,cluster_2461783448_38980632_5243070374,11,9,5,9,y,r,4.0,Congested,Non-Congested
2869,cluster_2461880040_2461880142_8131892137,0,1,0,0,r,G,5.0,Non-Congested,Non-Congested
2869,cluster_2461880136_4910664147_50607912_8131882097,0,2,0,0,G,r,0.0,Non-Congested,Non-Congested
2870,132200274,1,3,0,3,r,y,2.0,Non-Congested,Congested
2870,181747232,2,2,0,0,r,G,5.0,Non-Congested,Congested
2870,cluster_2455590523_389713_47212064,0,2,0,1,r,r,1.0,Non-Congested,Congested
2870,cluster_2461783448_38980632_5243070374,11,9,6,9,y,r,3.0,Congested,Non-Congested
2870,cluster_2461880040_2461880142_8131892137,0,1,0,0,r,G,4.0,Non-Congested,Non-Congested
2870,cluster_2461880136_4910664147_50607912_8131882097,0,2,0,1,y,r,2.0,Non-Congested,Non-Congested
2871,132200274,1,3,0,3,r,y,1.0,Non-Congested,Congested
2871,181747232,3,2,0,0,r,G,4.0,Non-Congested,Congested
2871,cluster_2455590523_389713_47212064,0,2,0,1,r,r,0.0,Non-Congested,Congested
2871,cluster_2461783448_38980632_5243070374,11,9,6,9,y,r,2.0,Congested,Non-Congested
2871,cluster_2461880040_2461880142_8131892137,1,2,0,0,r,G,3.0,Non-Congested,Non-Congested
2871,cluster_2461880136_4910664147_50607912_8131882097,0,2,0,1,y,r,1.0,Non-Congested,Non-Congested
2872,132200274,1,3,0,3,r,y,0.0,Non-Congested,Congested
2872,181747232,3,2,1,1,r,G,3.0,Non-Congested,Non-Congested
2872,cluster_2455590523_389713_47212064,1,2,0,1,r,r,1.0,Non-Congested,Congested
2872,cluster_2461783448_38980632_5243070374,11,9,7,9,y,r,1.0,Congested,Non-Congested
2872,cluster_2461880040_2461880142_8131892137,1,1,0,0,r,G,2.0,Non-Congested,Non-Congested
2872,cluster_2461880136_4910664147_50607912_8131882097,0,2,0,1,y,r,0.0,Non-Congested,Non-Congested
2873,132200274,1,3,0,3,G,r,4.0,Non-Congested,Congested
2873,181747232,3,2,1,1,r,G,2.0,Non-Congested,Non-Congested
2873,cluster_1420096799_47154676,1,0,0,0,r,G,1.0,Non-Congested,Non-Congested
2873,cluster_181310323_5380872437,1,0,0,0,G,r,3.0,Non-Congested,Non-Congested
2873,cluster_2455590523_389713_47212064,0,1,0,1,r,r,0.0,Congested,Congested
2873,cluster_2461783448_38980632_5243070374,11,9,9,9,y,r,0.0,Congested,Non-Congested
2873,cluster_2461880040_2461880142_8131892137,2,2,0,0,r,G,1.0,Non-Congested,Non-Congested
2873,cluster_2461880136_4910664147_50607912_8131882097,0,1,0,1,r,G,4.0,Non-Congested,Non-Congested
2874,132200274,1,3,0,3,G,r,3.0,Non-Congested,Congested
2874,181747232,3,2,2,2,r,G,1.0,Non-Congested,Non-Congested
2874,cluster_1420096799_47154676,1,0,0,0,r,G,0.0,Non-Congested,Non-Congested
2874,cluster_181310323_5380872437,1,0,0,0,G,r,2.0,Non-Congested,Non-Congested
2874,cluster_2455590523_389713_47212064,0,1,0,1,r,r,0.0,Non-Congested,Congested
2874,cluster_2461783448_38980632_5243070374,11,9,11,9,r,G,4.0,Congested,Non-Congested
2874,cluster_2461880040_2461880142_8131892137,2,3,0,0,r,G,0.0,Non-Congested,Non-Congested
2874,cluster_2461880136_4910664147_50607912_8131882097,0,1,0,0,r,G,3.0,Non-Congested,Non-Congested
2875,132200274,0,3,0,3,G,r,2.0,Non-Congested,Congested
2875,181747232,4,3,2,2,r,G,0.0,Non-Congested,Non-Congested
2875,cluster_1420096799_47154676,1,0,0,0,r,y,3.0,Non-Congested,Non-Congested
2875,cluster_181310323_5380872437,1,1,0,0,G,r,1.0,Non-Congested,Non-Congested
2875,cluster_2455590523_389713_47212064,0,1,0,1,r,r,3.0,Non-Congested,Congested
2875,cluster_2461783448_38980632_5243070374,11,9,11,9,r,G,3.0,Congested,Non-Congested
2875,cluster_2461880040_2461880142_8131892137,3,4,0,0,r,G,1.0,Non-Congested,Non-Congested
2875,cluster_2461880136_4910664147_50607912_8131882097,0,1,0,0,r,G,2.0,Non-Congested,Non-Congested
2876,132200274,0,3,0,3,G,r,1.0,Non-Congested,Congested
2876,181747232,4,3,2,2,r,y,3.0,Non-Congested,Non-Congested
2876,cluster_1420096799_47154676,1,0,0,0,r,y,2.0,Non-Congested,Non-Congested
2876,cluster_181310323_5380872437,0,1,0,0,G,r,0.0,Non-Congested,Non-Congested
2876,cluster_2455590523_389713_47212064,0,1,0,1,r,r,2.0,Non-Congested,Congested
2876,cluster_2461783448_38980632_5243070374,11,9,11,9,r,G,2.0,Congested,Non-Congested
2876,cluster_2461880040_2461880142_8131892137,3,3,0,0,r,G,0.0,Non-Congested,Non-Congested
2876,cluster_2461880136_4910664147_50607912_8131882097,0,1,0,0,r,G,1.0,Non-Congested,Non-Congested
2877,132200274,0,3,0,3,G,r,0.0,Non-Congested,Congested
2877,181747232,4,3,2,2,r,y,2.0,Non-Congested,Non-Congested
2877,cluster_1420096799_47154676,1,0,0,0,r,y,1.0,Non-Congested,Non-Congested
2877,cluster_181310323_5380872437,0,1,0,0,y,r,3.0,Non-Congested,Non-Congested
2877,cluster_2455590523_389713_47212064,1,1,0,1,r,r,1.0,Non-Congested,Congested
2877,cluster_2461783448_38980632_5243070374,11,9,11,9,r,G,1.0,Congested,Non-Congested
2877,cluster_2461880040_2461880142_8131892137,3,4,0,0,r,G,0.0,Non-Congested,Non-Congested
2877,cluster_2461880136_4910664147_50607912_8131882097,0,2,0,0,r,G,0.0,Non-Congested,Non-Congested
2878,132200274,0,3,0,3,y,r,2.0,Non-Congested,Congested
2878,181747232,4,3,2,2,r,y,1.0,Non-Congested,Non-Congested
2878,cluster_1420096799_47154676,1,0,0,0,r,y,0.0,Non-Congested,Non-Congested
2878,cluster_181310323_5380872437,0,1,0,0,y,r,2.0,Non-Congested,Non-Congested
2878,cluster_2455590523_389713_47212064,1,1,0,1,r,r,0.0,Non-Congested,Congested
2878,cluster_2461783448_38980632_5243070374,11,9,11,9,r,G,0.0,Congested,Non-Congested
2878,cluster_2461880040_2461880142_8131892137,4,4,0,0,r,G,1.0,Non-Congested,Non-Congested
2878,cluster_2461880136_4910664147_50607912_8131882097,0,2,0,0,r,y,2.0,Non-Congested,Non-Congested
2879,132200274,0,3,0,3,y,r,1.0,Non-Congested,Congested
2879,181747232,4,3,2,2,r,y,0.0,Non-Congested,Non-Congested
2879,cluster_181310323_5380872437,0,1,0,0,y,r,1.0,Non-Congested,Non-Congested
2879,cluster_2455590523_389713_47212064,2,0,0,0,r,G,4.0,Non-Congested,Congested
2879,cluster_2461783448_38980632_5243070374,11,9,11,9,r,y,4.0,Congested,Non-Congested
2879,cluster_2461880040_2461880142_8131892137,4,4,0,0,r,G,0.0,Non-Congested,Non-Congested
2879,cluster_2461880136_4910664147_50607912_8131882097,0,2,0,0,r,y,1.0,Non-Congested,Non-Congested
2880,132200274,0,3,0,3,y,r,0.0,Non-Congested,Congested
2880,181747232,3,2,0,0,G,r,6.0,Non-Congested,Non-Congested
2880,cluster_181310323_5380872437,1,1,0,1,y,r,0.0,Non-Congested,Non-Congested
2880,cluster_2455590523_389713_47212064,1,0,0,0,r,G,3.0,Non-Congested,Non-Congested
2880,cluster_2461783448_38980632_5243070374,11,9,11,9,r,y,3.0,Congested,Non-Congested
2880,cluster_2461880040_2461880142_8131892137,4,4,0,0,r,G,0.0,Non-Congested,Non-Congested
2880,cluster_2461880136_4910664147_50607912_8131882097,0,2,0,0,r,y,0.0,Non-Congested,Non-Congested
2881,132200274,0,3,0,3,r,G,4.0,Non-Congested,Congested
2881,181747232,2,1,0,0,G,r,5.0,Non-Congested,Non-Congested
2881,cluster_181310323_5380872437,1,1,0,0,r,G,4.0,Non-Congested,Non-Congested
2881,cluster_2455590523_389713_47212064,1,0,0,0,r,G,2.0,Non-Congested,Non-Congested
2881,cluster_2461783448_38980632_5243070374,11,9,11,9,r,y,2.0,Congested,Non-Congested
2881,cluster_2461880040_2461880142_8131892137,4,4,0,0,r,y,4.0,Non-Congested,Non-Congested
2881,cluster_2461880136_4910664147_50607912_8131882097,0,3,0,1,r,r,0.0,Non-Congested,Non-Congested
2882,132200274,0,3,0,3,r,G,3.0,Non-Congested,Congested
2882,181747232,2,1,0,0,G,r,4.0,Non-Congested,Non-Congested
2882,cluster_181310323_5380872437,2,0,0,0,r,G,3.0,Non-Congested,Non-Congested
2882,cluster_2455590523_389713_47212064,1,0,0,0,r,G,1.0,Non-Congested,Non-Congested
2882,cluster_2461783448_38980632_5243070374,11,9,11,9,r,y,1.0,Congested,Non-Congested
2882,cluster_2461880040_2461880142_8131892137,3,3,0,0,r,y,3.0,Non-Congested,Non-Congested
2882,cluster_2461880136_4910664147_50607912_8131882097,0,3,0,1,G,r,4.0,Non-Congested,Non-Congested
2883,132200274,0,3,0,3,r,G,2.0,Non-Congested,Congested
2883,181747232,2,1,0,0,G,r,3.0,Non-Congested,Non-Congested
2883,cluster_181310323_5380872437,2,0,0,0,r,G,2.0,Non-Congested,Non-Congested
2883,cluster_2455590523_389713_47212064,1,0,1,0,r,G,0.0,Non-Congested,Non-Congested
2883,cluster_2461783448_38980632_5243070374,11,9,11,9,r,y,0.0,Congested,Non-Congested
2883,cluster_2461880040_2461880142_8131892137,3,3,0,0,r,y,2.0,Non-Congested,Non-Congested
2883,cluster_2461880136_4910664147_50607912_8131882097,0,3,0,1,G,r,3.0,Non-Congested,Non-Congested
2884,132200274,0,3,0,3,r,G,1.0,Non-Congested,Congested
2884,181747232,2,1,0,0,G,r,2.0,Non-Congested,Non-Congested
2884,cluster_181310323_5380872437,2,0,0,0,r,G,1.0,Non-Congested,Non-Congested
2884,cluster_2455590523_389713_47212064,1,1,1,0,r,G,0.0,Non-Congested,Non-Congested
2884,cluster_2461783448_38980632_5243070374,11,9,11,9,G,r,4.0,Congested,Non-Congested
2884,cluster_2461880040_2461880142_8131892137,2,3,0,0,r,y,1.0,Non-Congested,Non-Congested
2884,cluster_2461880136_4910664147_50607912_8131882097,0,3,0,1,G,r,2.0,Non-Congested,Non-Congested
2885,132200274,0,3,0,3,r,G,0.0,Non-Congested,Congested
2885,181747232,1,0,0,0,G,r,1.0,Non-Congested,Non-Congested
2885,cluster_181310323_5380872437,2,0,0,0,r,G,0.0,Non-Congested,Non-Congested
2885,cluster_2455590523_389713_47212064,1,0,1,0,r,G,0.0,Non-Congested,Non-Congested
2885,cluster_2461783448_38980632_5243070374,11,9,11,9,G,r,3.0,Congested,Non-Congested
2885,cluster_2461880040_2461880142_8131892137,2,3,0,0,r,y,0.0,Non-Congested,Non-Congested
2885,cluster_2461880136_4910664147_50607912_8131882097,0,3,0,1,G,r,1.0,Non-Congested,Non-Congested
2886,132200274,0,3,0,3,r,y,2.0,Non-Congested,Congested
2886,181747232,1,0,0,0,G,r,0.0,Non-Congested,Non-Congested
2886,cluster_181310323_5380872437,2,0,0,0,r,y,3.0,Non-Congested,Non-Congested
2886,cluster_2455590523_389713_47212064,1,0,1,0,r,y,3.0,Non-Congested,Non-Congested
2886,cluster_2461783448_38980632_5243070374,11,9,11,9,G,r,2.0,Congested,Non-Congested
2886,cluster_2461880040_2461880142_8131892137,1,2,0,0,r,r,4.0,Non-Congested,Congested
2886,cluster_2461880136_4910664147_50607912_8131882097,0,3,0,1,G,r,0.0,Non-Congested,Non-Congested
2887,132200274,0,3,0,3,r,y,1.0,Non-Congested,Congested
2887,181747232,1,0,0,0,y,r,3.0,Non-Congested,Non-Congested
2887,cluster_181310323_5380872437,3,0,0,0,r,y,2.0,Non-Congested,Non-Congested
2887,cluster_2455590523_389713_47212064,1,1,1,0,r,y,2.0,Non-Congested,Non-Congested
2887,cluster_2461783448_38980632_5243070374,11,9,11,9,G,r,1.0,Congested,Non-Congested
2887,cluster_2461880040_2461880142_8131892137,1,2,0,0,r,r,3.0,Non-Congested,Congested
2887,cluster_2461880136_4910664147_50607912_8131882097,0,3,0,1,y,r,2.0,Non-Congested,Non-Congested
2888,132200274,0,3,0,3,r,y,0.0,Non-Congested,Congested
2888,181747232,1,0,0,0,y,r,2.0,Non-Congested,Non-Congested
2888,cluster_181310323_5380872437,3,0,1,0,r,y,1.0,Non-Congested,Non-Congested
2888,cluster_2455590523_389713_47212064,1,1,1,0,r,y,1.0,Non-Congested,Non-Congested
2888,cluster_2461783448_38980632_5243070374,11,9,11,9,G,r,0.0,Congested,Non-Congested
2888,cluster_2461880040_2461880142_8131892137,0,2,0,0,r,r,2.0,Non-Congested,Congested
2888,cluster_2461880136_4910664147_50607912_8131882097,1,3,0,1,y,r,1.0,Non-Congested,Non-Congested
2889,132200274,0,3,0,3,G,r,4.0,Non-Congested,Congested
2889,181747232,2,0,0,0,y,r,1.0,Non-Congested,Non-Congested
2889,cluster_181310323_5380872437,3,0,1,0,r,y,0.0,Non-Congested,Non-Congested
2889,cluster_2455590523_389713_47212064,1,1,1,0,r,y,0.0,Non-Congested,Non-Congested
2889,cluster_2461783448_38980632_5243070374,11,10,11,9,G,r,4.0,Congested,Non-Congested
2889,cluster_2461880040_2461880142_8131892137,0,2,0,1,r,r,1.0,Non-Congested,Congested
2889,cluster_2461880136_4910664147_50607912_8131882097,1,3,0,2,y,r,0.0,Non-Congested,Non-Congested
2890,132200274,0,3,0,3,G,r,3.0,Non-Congested,Congested
2890,181747232,2,0,0,0,y,r,0.0,Non-Congested,Non-Congested
2890,cluster_181310323_5380872437,2,0,1,0,G,r,6.0,Non-Congested,Non-Congested
2890,cluster_2455590523_389713_47212064,0,1,0,0,G,r,4.0,Non-Congested,Non-Congested
2890,cluster_2461783448_38980632_5243070374,11,10,11,9,G,r,3.0,Congested,Non-Congested
2890,cluster_2461880040_2461880142_8131892137,0,2,0,1,r,r,0.0,Non-Congested,Congested
2890,cluster_2461880136_4910664147_50607912_8131882097,1,2,0,0,r,G,4.0,Non-Congested,Non-Congested
2891,132200274,0,3,0,3,G,r,2.0,Non-Congested,Congested
2891,181747232,2,0,0,0,r,G,6.0,Non-Congested,Congested
2891,cluster_181310323_5380872437,2,0,0,0,G,r,5.0,Non-Congested,Non-Congested
2891,cluster_2455590523_389713_47212064,0,1,0,0,G,r,3.0,Non-Congested,Non-Congested
2891,cluster_2461783448_38980632_5243070374,11,10,11,9,G,r,2.0,Congested,Non-Congested
2891,cluster_2461880040_2461880142_8131892137,0,2,0,2,r,r,1.0,Non-Congested,Congested
2891,cluster_2461880136_4910664147_50607912_8131882097,1,1,1,0,r,G,3.0,Non-Congested,Non-Congested
2892,132200274,0,3,0,3,G,r,1.0,Non-Congested,Congested
2892,181747232,2,0,0,0,r,G,5.0,Non-Congested,Non-Congested
2892,cluster_181310323_5380872437,2,0,0,0,G,r,4.0,Non-Congested,Non-Congested
2892,cluster_2455590523_389713_47212064,0,1,0,0,G,r,2.0,Non-Congested,Non-Congested
2892,cluster_2461783448_38980632_5243070374,11,9,11,9,G,r,1.0,Congested,Non-Congested
2892,cluster_2461880040_2461880142_8131892137,0,2,0,2,r,r,0.0,Non-Congested,Congested
2892,cluster_2461880136_4910664147_50607912_8131882097,1,2,1,0,r,G,2.0,Non-Congested,Non-Congested
2893,132200274,0,3,0,3,G,r,0.0,Non-Congested,Congested
2893,181747232,3,1,0,0,r,G,4.0,Non-Congested,Non-Congested
2893,cluster_1420096799_47154676,0,1,0,0,r,r,3.0,Non-Congested,Non-Congested
2893,cluster_181310323_5380872437,2,0,0,0,G,r,3.0,Non-Congested,Non-Congested
2893,cluster_2455590523_389713_47212064,0,1,0,0,G,r,1.0,Non-Congested,Non-Congested
2893,cluster_2461783448_38980632_5243070374,11,9,11,9,G,r,0.0,Congested,Non-Congested
2893,cluster_2461880040_2461880142_8131892137,0,2,0,2,r,r,1.0,Non-Congested,Congested
2893,cluster_2461880136_4910664147_50607912_8131882097,1,1,1,0,r,G,1.0,Non-Congested,Non-Congested
2894,132200274,0,3,0,3,y,r,2.0,Non-Congested,Congested
2894,181747232,3,1,0,0,r,G,3.0,Non-Congested,Non-Congested
2894,cluster_1420096799_47154676,0,1,0,0,r,r,2.0,Non-Congested,Non-Congested
2894,cluster_181310323_5380872437,2,0,0,0,G,r,2.0,Non-Congested,Non-Congested
2894,cluster_2455590523_389713_47212064,0,2,0,0,G,r,0.0,Non-Congested,Non-Congested
2894,cluster_2461783448_38980632_5243070374,11,9,11,9,G,r,9.0,Congested,Non-Congested
2894,cluster_2461880040_2461880142_8131892137,0,2,0,2,r,r,0.0,Non-Congested,Congested
2894,cluster_2461880136_4910664147_50607912_8131882097,1,1,1,0,r,G,0.0,Non-Congested,Non-Congested
2895,132200274,0,3,0,3,y,r,1.0,Non-Congested,Congested
2895,181747232,3,1,0,0,r,G,2.0,Non-Congested,Non-Congested
2895,cluster_1420096799_47154676,0,1,0,0,r,r,1.0,Non-Congested,Non-Congested
2895,cluster_181310323_5380872437,2,1,0,0,G,r,1.0,Non-Congested,Non-Congested
2895,cluster_2455590523_389713_47212064,0,3,0,0,y,r,3.0,Non-Congested,Congested
2895,cluster_2461783448_38980632_5243070374,11,9,11,9,G,r,8.0,Congested,Non-Congested
2895,cluster_2461880040_2461880142_8131892137,0,2,0,2,r,r,1.0,Non-Congested,Congested
2895,cluster_2461880136_4910664147_50607912_8131882097,1,1,1,0,r,y,2.0,Non-Congested,Non-Congested
2896,132200274,0,3,0,3,y,r,0.0,Non-Congested,Congested
2896,181747232,3,1,0,0,r,G,1.0,Non-Congested,Non-Congested
2896,cluster_1420096799_47154676,0,1,0,1,r,r,0.0,Non-Congested,Non-Congested
2896,cluster_181310323_5380872437,2,1,0,0,G,r,0.0,Non-Congested,Non-Congested
2896,cluster_2455590523_389713_47212064,0,2,0,0,y,r,2.0,Non-Congested,Congested
2896,cluster_2461783448_38980632_5243070374,11,9,11,9,G,r,7.0,Congested,Non-Congested
2896,cluster_2461880040_2461880142_8131892137,0,2,0,2,r,r,0.0,Non-Congested,Congested
2896,cluster_2461880136_4910664147_50607912_8131882097,1,1,1,0,r,y,1.0,Non-Congested,Non-Congested
2897,132200274,0,3,0,3,r,G,4.0,Non-Congested,Congested
2897,181747232,3,1,0,0,r,G,0.0,Non-Congested,Non-Congested
2897,cluster_1420096799_47154676,0,1,0,1,r,r,3.0,Non-Congested,Non-Congested
2897,cluster_181310323_5380872437,1,0,0,0,y,r,3.0,Non-Congested,Non-Congested
2897,cluster_2455590523_389713_47212064,0,2,0,1,y,r,1.0,Non-Congested,Congested
2897,cluster_2461783448_38980632_5243070374,11,9,11,9,G,r,6.0,Congested,Non-Congested
2897,cluster_2461880040_2461880142_8131892137,0,2,0,2,r,r,1.0,Non-Congested,Congested
2897,cluster_2461880136_4910664147_50607912_8131882097,1,1,1,0,r,y,0.0,Non-Congested,Non-Congested
2898,132200274,0,3,0,3,r,G,3.0,Non-Congested,Congested
2898,181747232,3,1,0,0,r,y,3.0,Non-Congested,Non-Congested
2898,cluster_1420096799_47154676,0,1,0,1,r,r,2.0,Non-Congested,Non-Congested
2898,cluster_181310323_5380872437,1,0,0,0,y,r,2.0,Non-Congested,Non-Congested
2898,cluster_2455590523_389713_47212064,0,2,0,1,y,r,0.0,Non-Congested,Congested
2898,cluster_2461783448_38980632_5243070374,11,9,11,9,G,r,5.0,Congested,Non-Congested
2898,cluster_2461880040_2461880142_8131892137,0,2,0,2,r,r,0.0,Non-Congested,Congested
2898,cluster_2461880136_4910664147_50607912_8131882097,1,3,1,0,r,r,0.0,Non-Congested,Non-Congested
2899,132200274,0,3,0,3,r,G,2.0,Non-Congested,Congested
2899,181747232,3,1,0,0,r,y,2.0,Non-Congested,Non-Congested
2899,cluster_1420096799_47154676,0,1,0,1,r,r,1.0,Non-Congested,Non-Congested
2899,cluster_2455590523_389713_47212064,0,3,0,1,r,r,6.0,Non-Congested,Congested
2899,cluster_2461783448_38980632_5243070374,11,9,11,9,G,r,4.0,Congested,Non-Congested
2899,cluster_2461880040_2461880142_8131892137,0,2,0,2,r,r,1.0,Non-Congested,Congested
2899,cluster_2461880136_4910664147_50607912_8131882097,0,3,0,0,G,r,4.0,Non-Congested,Non-Congested
2900,132200274,0,3,0,3,r,G,1.0,Non-Congested,Congested
2900,181747232,3,1,0,0,r,y,1.0,Non-Congested,Non-Congested
2900,cluster_1420096799_47154676,0,1,0,1,r,r,0.0,Non-Congested,Non-Congested
2900,cluster_2455590523_389713_47212064,0,3,0,2,r,r,5.0,Non-Congested,Congested
2900,cluster_2461783448_38980632_5243070374,11,9,11,9,G,r,3.0,Congested,Non-Congested
2900,cluster_2461880040_2461880142_8131892137,0,2,0,2,r,r,0.0,Non-Congested,Congested
2900,cluster_2461880136_4910664147_50607912_8131882097,0,4,0,0,G,r,3.0,Non-Congested,Non-Congested
2901,132200274,0,3,0,3,r,G,0.0,Non-Congested,Congested
2901,181747232,3,1,0,0,r,y,0.0,Non-Congested,Non-Congested
2901,cluster_2455590523_389713_47212064,0,3,0,2,r,r,4.0,Non-Congested,Congested
2901,cluster_2461783448_38980632_5243070374,11,9,11,9,G,r,2.0,Congested,Non-Congested
2901,cluster_2461880040_2461880142_8131892137,0,2,0,2,r,r,1.0,Non-Congested,Congested
2901,cluster_2461880136_4910664147_50607912_8131882097,0,4,0,0,G,r,2.0,Non-Congested,Non-Congested
2902,132200274,0,3,0,3,r,y,2.0,Non-Congested,Congested
2902,181747232,2,0,0,0,G,r,6.0,Non-Congested,Non-Congested
2902,cluster_2455590523_389713_47212064,0,3,0,2,r,r,3.0,Non-Congested,Congested
2902,cluster_2461783448_38980632_5243070374,11,9,11,9,G,r,1.0,Congested,Non-Congested
2902,cluster_2461880040_2461880142_8131892137,0,2,0,2,r,r,0.0,Non-Congested,Congested
2902,cluster_2461880136_4910664147_50607912_8131882097,0,5,0,0,G,r,1.0,Non-Congested,Non-Congested
2903,132200274,0,3,0,3,r,y,1.0,Non-Congested,Congested
2903,181747232,2,0,0,0,G,r,5.0,Non-Congested,Non-Congested
2903,cluster_2455590523_389713_47212064,0,3,0,2,r,r,2.0,Non-Congested,Congested
2903,cluster_2461783448_38980632_5243070374,11,9,11,9,G,r,0.0,Congested,Non-Congested
2903,cluster_2461880040_2461880142_8131892137,0,2,0,2,r,r,1.0,Non-Congested,Congested
2903,cluster_2461880136_4910664147_50607912_8131882097,0,6,0,0,G,r,0.0,Non-Congested,Non-Congested
2904,132200274,0,3,0,3,r,y,0.0,Non-Congested,Congested
2904,181747232,2,0,0,0,G,r,4.0,Non-Congested,Non-Congested
2904,cluster_2455590523_389713_47212064,0,4,0,2,r,r,1.0,Non-Congested,Congested
2904,cluster_2461783448_38980632_5243070374,11,9,11,9,y,r,4.0,Congested,Non-Congested
2904,cluster_2461880040_2461880142_8131892137,0,2,0,2,r,r,0.0,Non-Congested,Congested
2904,cluster_2461880136_4910664147_50607912_8131882097,0,7,0,0,y,r,2.0,Non-Congested,Non-Congested
2905,132200274,0,3,0,3,G,r,4.0,Non-Congested,Congested
2905,181747232,2,0,0,0,G,r,3.0,Non-Congested,Non-Congested
2905,cluster_2455590523_389713_47212064,0,4,0,2,r,r,0.0,Non-Congested,Congested
2905,cluster_2461783448_38980632_5243070374,11,9,11,9,y,r,3.0,Congested,Non-Congested
2905,cluster_2461880040_2461880142_8131892137,0,2,0,2,r,r,1.0,Non-Congested,Congested
2905,cluster_2461880136_4910664147_50607912_8131882097,0,7,0,0,y,r,1.0,Non-Congested,Non-Congested
2906,132200274,0,3,0,3,G,r,3.0,Non-Congested,Congested
2906,181747232,2,0,0,0,G,r,2.0,Non-Congested,Non-Congested
2906,cluster_1420096799_47154676,2,0,0,0,r,G,1.0,Non-Congested,Non-Congested
2906,cluster_181310323_5380872437,1,0,0,0,r,y,3.0,Non-Congested,Non-Congested
2906,cluster_2455590523_389713_47212064,0,3,0,2,r,r,1.0,Non-Congested,Congested
2906,cluster_2461783448_38980632_5243070374,11,9,11,9,y,r,2.0,Congested,Non-Congested
2906,cluster_2461880040_2461880142_8131892137,0,2,0,2,r,r,0.0,Non-Congested,Congested
2906,cluster_2461880136_4910664147_50607912_8131882097,0,7,0,1,y,r,0.0,Non-Congested,Non-Congested
2907,132200274,0,3,0,3,G,r,2.0,Non-Congested,Congested
2907,181747232,2,0,0,0,G,r,1.0,Non-Congested,Non-Congested
2907,cluster_1420096799_47154676,2,0,0,0,r,G,0.0,Non-Congested,Non-Congested
2907,cluster_181310323_5380872437,1,0,0,0,r,y,2.0,Non-Congested,Non-Congested
2907,cluster_2455590523_389713_47212064,0,3,0,2,r,r,0.0,Non-Congested,Congested
2907,cluster_2461783448_38980632_5243070374,11,9,11,9,y,r,1.0,Congested,Non-Congested
2907,cluster_2461880040_2461880142_8131892137,0,2,0,2,r,r,1.0,Non-Congested,Congested
2907,cluster_2461880136_4910664147_50607912_8131882097,0,7,0,0,r,G,4.0,Non-Congested,Non-Congested
2908,132200274,0,3,0,3,G,r,1.0,Non-Congested,Congested
2908,181747232,1,0,0,0,G,r,0.0,Non-Congested,Non-Congested
2908,cluster_1420096799_47154676,2,0,0,0,r,y,3.0,Non-Congested,Non-Congested
2908,cluster_181310323_5380872437,1,0,0,0,r,y,1.0,Non-Congested,Non-Congested
2908,cluster_2455590523_389713_47212064,0,3,0,2,r,r,0.0,Non-Congested,Congested
2908,cluster_2461783448_38980632_5243070374,11,9,11,9,y,r,0.0,Congested,Non-Congested
2908,cluster_2461880040_2461880142_8131892137,0,2,0,2,r,r,0.0,Non-Congested,Congested
2908,cluster_2461880136_4910664147_50607912_8131882097,0,6,0,0,r,G,3.0,Non-Congested,Non-Congested
2909,132200274,0,3,0,3,G,r,0.0,Non-Congested,Congested
2909,181747232,1,0,0,0,y,r,3.0,Non-Congested,Non-Congested
2909,cluster_1420096799_47154676,2,0,0,0,r,y,2.0,Non-Congested,Non-Congested
2909,cluster_181310323_5380872437,1,0,0,0,r,y,0.0,Non-Congested,Non-Congested
2909,cluster_2455590523_389713_47212064,0,4,0,2,r,r,1.0,Non-Congested,Congested
2909,cluster_2461783448_38980632_5243070374,11,9,11,9,r,G,4.0,Congested,Non-Congested
2909,cluster_2461880040_2461880142_8131892137,0,2,0,2,r,r,1.0,Non-Congested,Congested
2909,cluster_2461880136_4910664147_50607912_8131882097,0,5,0,0,r,G,2.0,Non-Congested,Non-Congested
2910,132200274,0,3,0,3,G,r,1.0,Non-Congested,Congested
2910,181747232,1,0,0,0,y,r,2.0,Non-Congested,Non-Congested
2910,cluster_1420096799_47154676,2,0,0,0,r,y,1.0,Non-Congested,Non-Congested
2910,cluster_181310323_5380872437,1,0,0,0,G,r,6.0,Non-Congested,Non-Congested
2910,cluster_2455590523_389713_47212064,0,4,0,2,r,r,0.0,Non-Congested,Congested
2910,cluster_2461783448_38980632_5243070374,11,9,11,9,r,G,3.0,Congested,Non-Congested
2910,cluster_2461880040_2461880142_8131892137,0,2,0,2,r,r,0.0,Non-Congested,Congested
2910,cluster_2461880136_4910664147_50607912_8131882097,0,5,0,0,r,G,1.0,Non-Congested,Non-Congested
2911,132200274,0,3,0,3,G,r,0.0,Non-Congested,Congested
2911,181747232,1,0,0,0,y,r,1.0,Non-Congested,Non-Congested
2911,cluster_1420096799_47154676,2,0,0,0,r,y,0.0,Non-Congested,Non-Congested
2911,cluster_2455590523_389713_47212064,1,3,0,2,r,r,1.0,Non-Congested,Congested
2911,cluster_2461783448_38980632_5243070374,11,9,11,9,r,G,2.0,Congested,Non-Congested
2911,cluster_2461880040_2461880142_8131892137,0,2,0,2,r,r,1.0,Non-Congested,Congested
2911,cluster_2461880136_4910664147_50607912_8131882097,0,5,0,0,r,G,0.0,Non-Congested,Non-Congested
2912,132200274,0,3,0,3,G,r,1.0,Non-Congested,Congested
2912,181747232,1,0,0,0,y,r,0.0,Non-Congested,Non-Congested
2912,cluster_2455590523_389713_47212064,0,4,0,2,r,r,0.0,Non-Congested,Congested
2912,cluster_2461783448_38980632_5243070374,11,9,11,9,r,G,1.0,Congested,Non-Congested
2912,cluster_2461880040_2461880142_8131892137,0,2,0,2,r,r,0.0,Non-Congested,Congested
2912,cluster_2461880136_4910664147_50607912_8131882097,0,4,0,0,r,G,0.0,Non-Congested,Non-Congested
2913,132200274,0,3,0,3,G,r,0.0,Non-Congested,Congested
2913,181747232,1,0,0,0,r,G,6.0,Non-Congested,Non-Congested
2913,cluster_2455590523_389713_47212064,0,4,0,2,r,r,0.0,Non-Congested,Congested
2913,cluster_2461783448_38980632_5243070374,11,9,11,9,r,G,0.0,Congested,Non-Congested
2913,cluster_2461880040_2461880142_8131892137,0,2,0,2,r,r,1.0,Non-Congested,Congested
2913,cluster_2461880136_4910664147_50607912_8131882097,0,3,0,0,r,G,1.0,Non-Congested,Non-Congested
2914,132200274,0,3,0,3,G,r,1.0,Non-Congested,Congested
2914,181747232,1,0,0,0,r,G,5.0,Non-Congested,Non-Congested
2914,cluster_1420096799_47154676,0,1,0,0,G,r,4.0,Non-Congested,Non-Congested
2914,cluster_181310323_5380872437,1,0,0,0,G,r,2.0,Non-Congested,Non-Congested
2914,cluster_2455590523_389713_47212064,0,3,0,2,r,r,0.0,Non-Congested,Congested
2914,cluster_2461783448_38980632_5243070374,11,9,11,9,r,y,4.0,Congested,Non-Congested
2914,cluster_2461880040_2461880142_8131892137,0,2,0,2,r,r,0.0,Non-Congested,Congested
2914,cluster_2461880136_4910664147_50607912_8131882097,0,3,0,0,r,G,0.0,Non-Congested,Non-Congested
2915,132200274,0,3,0,3,G,r,0.0,Non-Congested,Congested
2915,181747232,1,0,0,0,r,G,4.0,Non-Congested,Non-Congested
2915,cluster_1420096799_47154676,0,1,0,0,G,r,3.0,Non-Congested,Non-Congested
2915,cluster_181310323_5380872437,1,0,0,0,G,r,1.0,Non-Congested,Non-Congested
2915,cluster_2455590523_389713_47212064,0,3,0,2,r,r,3.0,Non-Congested,Congested
2915,cluster_2461783448_38980632_5243070374,11,10,11,9,r,y,3.0,Congested,Non-Congested
2915,cluster_2461880040_2461880142_8131892137,0,2,0,2,r,r,1.0,Non-Congested,Congested
2915,cluster_2461880136_4910664147_50607912_8131882097,0,3,0,0,r,G,1.0,Non-Congested,Non-Congested
2916,132200274,0,3,0,3,G,r,1.0,Non-Congested,Congested
2916,181747232,1,0,1,0,r,G,3.0,Non-Congested,Non-Congested
2916,cluster_1420096799_47154676,0,1,0,0,G,r,2.0,Non-Congested,Non-Congested
2916,cluster_181310323_5380872437,1,0,0,0,G,r,0.0,Non-Congested,Non-Congested
2916,cluster_2455590523_389713_47212064,0,2,0,2,r,r,2.0,Non-Congested,Congested
2916,cluster_2461783448_38980632_5243070374,11,10,11,9,r,y,2.0,Congested,Congested
2916,cluster_2461880040_2461880142_8131892137,0,2,0,2,r,r,0.0,Non-Congested,Congested
2916,cluster_2461880136_4910664147_50607912_8131882097,0,3,0,0,r,G,0.0,Non-Congested,Non-Congested
2917,132200274,0,3,0,3,G,r,0.0,Non-Congested,Congested
2917,181747232,1,0,1,0,r,G,2.0,Non-Congested,Non-Congested
2917,cluster_1420096799_47154676,0,1,0,0,G,r,1.0,Non-Congested,Non-Congested
2917,cluster_181310323_5380872437,2,0,0,0,y,r,3.0,Non-Congested,Non-Congested
2917,cluster_2455590523_389713_47212064,0,2,0,2,r,r,1.0,Non-Congested,Congested
2917,cluster_2461783448_38980632_5243070374,11,10,11,9,r,y,1.0,Congested,Congested
2917,cluster_2461880040_2461880142_8131892137,0,2,0,2,r,r,1.0,Non-Congested,Congested
2917,cluster_2461880136_4910664147_50607912_8131882097,0,3,0,0,r,G,1.0,Non-Congested,Non-Congested
2918,132200274,0,3,0,3,G,r,1.0,Non-Congested,Congested
2918,181747232,1,0,1,0,r,G,1.0,Non-Congested,Non-Congested
2918,cluster_1420096799_47154676,0,1,0,0,G,r,0.0,Non-Congested,Non-Congested
2918,cluster_181310323_5380872437,2,0,0,0,y,r,2.0,Non-Congested,Non-Congested
2918,cluster_2455590523_389713_47212064,0,2,0,2,r,r,0.0,Non-Congested,Congested
2918,cluster_2461783448_38980632_5243070374,11,10,11,9,r,y,0.0,Congested,Congested
2918,cluster_2461880040_2461880142_8131892137,0,2,0,2,r,r,0.0,Non-Congested,Congested
2918,cluster_2461880136_4910664147_50607912_8131882097,0,3,0,0,r,G,0.0,Non-Congested,Non-Congested
2919,132200274,0,3,0,3,G,r,0.0,Non-Congested,Congested
2919,181747232,1,0,1,0,r,G,0.0,Non-Congested,Non-Congested
2919,cluster_1420096799_47154676,0,1,0,0,y,r,3.0,Non-Congested,Non-Congested
2919,cluster_181310323_5380872437,2,0,0,0,y,r,1.0,Non-Congested,Non-Congested
2919,cluster_2455590523_389713_47212064,0,1,0,0,r,G,4.0,Non-Congested,Congested
2919,cluster_2461783448_38980632_5243070374,11,10,11,10,G,r,4.0,Congested,Congested
2919,cluster_2461880040_2461880142_8131892137,0,2,0,2,r,r,4.0,Non-Congested,Congested
2919,cluster_2461880136_4910664147_50607912_8131882097,0,3,0,0,r,G,0.0,Non-Congested,Non-Congested
2920,132200274,0,3,0,3,G,r,1.0,Non-Congested,Congested
2920,181747232,1,0,1,0,r,y,3.0,Non-Congested,Non-Congested
2920,cluster_1420096799_47154676,0,1,0,0,y,r,2.0,Non-Congested,Non-Congested
2920,cluster_181310323_5380872437,2,0,0,0,y,r,0.0,Non-Congested,Non-Congested
2920,cluster_2461783448_38980632_5243070374,11,10,11,10,G,r,3.0,Congested,Congested
2920,cluster_2461880040_2461880142_8131892137,0,2,0,2,r,r,3.0,Non-Congested,Congested
2920,cluster_2461880136_4910664147_50607912_8131882097,0,3,0,0,r,G,0.0,Non-Congested,Non-Congested
2921,132200274,0,3,0,3,G,r,0.0,Non-Congested,Congested
2921,181747232,1,0,1,0,r,y,2.0,Non-Congested,Non-Congested
2921,cluster_1420096799_47154676,0,1,0,0,y,r,1.0,Non-Congested,Non-Congested
2921,cluster_181310323_5380872437,3,0,0,0,r,G,4.0,Non-Congested,Non-Congested
2921,cluster_2455590523_389713_47212064,0,1,0,0,r,G,2.0,Non-Congested,Non-Congested
2921,cluster_2461783448_38980632_5243070374,11,10,11,10,G,r,2.0,Congested,Congested
2921,cluster_2461880040_2461880142_8131892137,0,2,0,2,r,r,2.0,Non-Congested,Congested
2921,cluster_2461880136_4910664147_50607912_8131882097,0,4,0,0,r,y,2.0,Non-Congested,Non-Congested
2922,132200274,0,3,0,3,G,r,1.0,Non-Congested,Congested
2922,181747232,1,0,1,0,r,y,1.0,Non-Congested,Non-Congested
2922,cluster_1420096799_47154676,0,1,0,0,y,r,0.0,Non-Congested,Non-Congested
2922,cluster_181310323_5380872437,4,0,0,0,r,G,3.0,Non-Congested,Non-Congested
2922,cluster_2455590523_389713_47212064,0,1,0,0,r,G,1.0,Non-Congested,Non-Congested
2922,cluster_2461783448_38980632_5243070374,11,10,11,10,G,r,1.0,Congested,Congested
2922,cluster_2461880040_2461880142_8131892137,0,2,0,2,r,r,1.0,Non-Congested,Congested
2922,cluster_2461880136_4910664147_50607912_8131882097,0,4,0,0,r,y,1.0,Non-Congested,Non-Congested
2923,132200274,0,3,0,3,G,r,0.0,Non-Congested,Congested
2923,181747232,1,0,1,0,r,y,0.0,Non-Congested,Non-Congested
2923,cluster_1420096799_47154676,0,1,0,0,r,r,6.0,Non-Congested,Non-Congested
2923,cluster_181310323_5380872437,4,0,0,0,r,G,2.0,Non-Congested,Non-Congested
2923,cluster_2455590523_389713_47212064,0,1,0,0,r,G,0.0,Non-Congested,Non-Congested
2923,cluster_2461783448_38980632_5243070374,11,10,11,10,G,r,0.0,Congested,Congested
2923,cluster_2461880040_2461880142_8131892137,0,2,0,2,r,r,0.0,Non-Congested,Congested
2923,cluster_2461880136_4910664147_50607912_8131882097,0,5,0,0,r,y,0.0,Non-Congested,Non-Congested
2924,132200274,0,3,0,3,G,r,0.0,Non-Congested,Congested
2924,cluster_1420096799_47154676,0,1,0,0,r,r,5.0,Non-Congested,Non-Congested
2924,cluster_181310323_5380872437,5,0,1,0,r,G,1.0,Non-Congested,Non-Congested
2924,cluster_2455590523_389713_47212064,1,0,0,0,r,y,3.0,Non-Congested,Non-Congested
2924,cluster_2461783448_38980632_5243070374,11,10,11,10,G,r,4.0,Congested,Congested
2924,cluster_2461880040_2461880142_8131892137,0,2,0,2,G,r,4.0,Non-Congested,Congested
2924,cluster_2461880136_4910664147_50607912_8131882097,0,5,0,0,r,r,0.0,Non-Congested,Non-Congested
2925,132200274,0,3,0,3,y,r,2.0,Non-Congested,Congested
2925,cluster_1420096799_47154676,0,1,0,0,r,r,4.0,Non-Congested,Non-Congested
2925,cluster_181310323_5380872437,4,0,1,0,r,G,0.0,Non-Congested,Non-Congested
2925,cluster_2455590523_389713_47212064,1,0,0,0,r,y,2.0,Non-Congested,Non-Congested
2925,cluster_2461783448_38980632_5243070374,10,10,10,10,G,r,3.0,Congested,Congested
2925,cluster_2461880040_2461880142_8131892137,0,2,0,2,G,r,3.0,Non-Congested,Congested
2925,cluster_2461880136_4910664147_50607912_8131882097,0,5,0,0,G,r,4.0,Non-Congested,Non-Congested
2926,132200274,0,3,0,3,y,r,1.0,Non-Congested,Congested
2926,47217361,1,0,0,0,r,y,0.0,Non-Congested,Non-Congested
2926,cluster_181310323_5380872437,4,0,1,0,r,y,3.0,Non-Congested,Non-Congested
2926,cluster_2455590523_389713_47212064,1,0,0,0,r,y,1.0,Non-Congested,Non-Congested
2926,cluster_2461783448_38980632_5243070374,10,11,9,10,G,r,2.0,Congested,Congested
2926,cluster_2461880040_2461880142_8131892137,0,2,0,2,G,r,2.0,Non-Congested,Congested
2926,cluster_2461880136_4910664147_50607912_8131882097,0,5,0,0,G,r,3.0,Non-Congested,Non-Congested
2927,132200274,0,3,0,3,y,r,0.0,Non-Congested,Congested
2927,47217361,1,0,0,0,G,r,4.0,Non-Congested,Non-Congested
2927,cluster_181310323_5380872437,4,0,1,0,r,y,2.0,Non-Congested,Non-Congested
2927,cluster_2455590523_389713_47212064,1,1,0,0,r,y,0.0,Non-Congested,Non-Congested
2927,cluster_2461783448_38980632_5243070374,10,11,8,10,G,r,1.0,Congested,Congested
2927,cluster_2461880040_2461880142_8131892137,0,2,0,2,G,r,1.0,Non-Congested,Congested
2927,cluster_2461880136_4910664147_50607912_8131882097,0,4,0,0,G,r,2.0,Non-Congested,Non-Congested
2928,132200274,0,3,0,3,r,G,4.0,Non-Congested,Congested
2928,47217361,1,0,0,0,G,r,3.0,Non-Congested,Non-Congested
2928,cluster_181310323_5380872437,4,0,2,0,r,y,1.0,Non-Congested,Non-Congested
2928,cluster_2455590523_389713_47212064,0,1,0,0,G,r,4.0,Non-Congested,Non-Congested
2928,cluster_2461783448_38980632_5243070374,10,11,7,10,G,r,0.0,Congested,Congested
2928,cluster_2461880040_2461880142_8131892137,0,2,0,2,G,r,0.0,Non-Congested,Congested
2928,cluster_2461880136_4910664147_50607912_8131882097,0,4,0,0,G,r,1.0,Non-Congested,Non-Congested
2929,132200274,0,3,0,3,r,G,3.0,Non-Congested,Congested
2929,181747232,1,1,0,0,G,r,1.0,Non-Congested,Non-Congested
2929,47217361,1,0,0,0,G,r,2.0,Non-Congested,Non-Congested
2929,cluster_181310323_5380872437,4,0,2,0,r,y,0.0,Non-Congested,Non-Congested
2929,cluster_2461783448_38980632_5243070374,10,10,6,10,G,r,9.0,Congested,Congested
2929,cluster_2461880040_2461880142_8131892137,0,2,0,2,y,r,4.0,Non-Congested,Congested
2929,cluster_2461880136_4910664147_50607912_8131882097,0,4,0,0,G,r,0.0,Non-Congested,Non-Congested
2929,cluster_59665162_8742497506,1,0,0,0,G,r,4.0,Congested,Non-Congested
2930,132200274,0,3,0,3,r,G,2.0,Non-Congested,Congested
2930,181747232,1,1,0,0,G,r,0.0,Non-Congested,Non-Congested
2930,cluster_181310323_5380872437,3,0,1,0,G,r,6.0,Non-Congested,Non-Congested
2930,cluster_2461783448_38980632_5243070374,10,10,6,10,G,r,8.0,Congested,Congested
2930,cluster_2461880040_2461880142_8131892137,0,2,0,2,y,r,3.0,Non-Congested,Congested
2930,cluster_2461880136_4910664147_50607912_8131882097,0,3,0,0,y,r,2.0,Non-Congested,Non-Congested
2931,132200274,0,3,0,3,r,G,1.0,Non-Congested,Congested
2931,181747232,1,1,0,0,y,r,3.0,Non-Congested,Non-Congested
2931,47217361,1,0,0,0,G,r,0.0,Non-Congested,Non-Congested
2931,cluster_181310323_5380872437,2,0,0,0,G,r,5.0,Non-Congested,Non-Congested
2931,cluster_2461783448_38980632_5243070374,9,10,5,10,G,r,7.0,Congested,Congested
2931,cluster_2461880040_2461880142_8131892137,0,2,0,2,y,r,2.0,Non-Congested,Congested
2931,cluster_2461880136_4910664147_50607912_8131882097,0,2,0,0,y,r,1.0,Non-Congested,Non-Congested
2932,132200274,0,3,0,3,r,G,0.0,Non-Congested,Congested
2932,181747232,1,1,0,0,y,r,2.0,Non-Congested,Non-Congested
2932,47217361,1,0,0,0,y,r,2.0,Non-Congested,Non-Congested
2932,cluster_181310323_5380872437,2,1,0,0,G,r,4.0,Non-Congested,Non-Congested
2932,cluster_2461783448_38980632_5243070374,9,10,5,10,G,r,6.0,Congested,Congested
2932,cluster_2461880040_2461880142_8131892137,0,2,0,2,y,r,1.0,Non-Congested,Congested
2932,cluster_2461880136_4910664147_50607912_8131882097,0,2,0,0,y,r,0.0,Non-Congested,Non-Congested
2933,132200274,0,3,0,3,r,y,2.0,Non-Congested,Congested
2933,181747232,1,1,0,0,y,r,1.0,Non-Congested,Non-Congested
2933,47217361,1,0,0,0,y,r,1.0,Non-Congested,Non-Congested
2933,cluster_181310323_5380872437,2,1,0,0,G,r,3.0,Non-Congested,Non-Congested
2933,cluster_2461783448_38980632_5243070374,10,10,5,10,G,r,5.0,Congested,Congested
2933,cluster_2461880040_2461880142_8131892137,0,2,0,2,y,r,0.0,Non-Congested,Congested
2933,cluster_2461880136_4910664147_50607912_8131882097,0,1,0,0,r,G,4.0,Non-Congested,Non-Congested
2934,132200274,0,3,0,3,r,y,1.0,Non-Congested,Congested
2934,181747232,1,1,0,0,y,r,0.0,Non-Congested,Non-Congested
2934,47217361,1,0,0,0,y,r,0.0,Non-Congested,Non-Congested
2934,cluster_1420096799_47154676,1,0,0,0,r,G,6.0,Non-Congested,Non-Congested
2934,cluster_181310323_5380872437,1,1,0,0,G,r,2.0,Non-Congested,Non-Congested
2934,cluster_2461783448_38980632_5243070374,10,10,6,10,G,r,4.0,Congested,Congested
2934,cluster_2461880040_2461880142_8131892137,0,2,0,1,r,G,9.0,Non-Congested,Congested
2934,cluster_2461880136_4910664147_50607912_8131882097,0,1,0,0,r,G,3.0,Non-Congested,Non-Congested
2935,132200274,0,3,0,3,r,y,0.0,Non-Congested,Congested
2935,181747232,1,1,0,0,r,G,6.0,Non-Congested,Non-Congested
2935,47217361,1,0,0,0,r,r,4.0,Non-Congested,Non-Congested
2935,cluster_1420096799_47154676,1,0,0,0,r,G,5.0,Non-Congested,Non-Congested
2935,cluster_181310323_5380872437,2,0,0,0,G,r,1.0,Non-Congested,Non-Congested
2935,cluster_2461783448_38980632_5243070374,10,10,6,10,G,r,3.0,Congested,Congested
2935,cluster_2461880040_2461880142_8131892137,0,1,0,0,r,G,8.0,Non-Congested,Congested
2936,132200274,0,3,0,3,G,r,4.0,Non-Congested,Congested
2936,181747232,1,1,0,0,r,G,5.0,Non-Congested,Non-Congested
2936,47217361,1,0,0,0,r,r,3.0,Non-Congested,Non-Congested
2936,cluster_1420096799_47154676,1,0,0,0,r,G,4.0,Non-Congested,Non-Congested
2936,cluster_181310323_5380872437,2,0,0,0,G,r,0.0,Non-Congested,Non-Congested
2936,cluster_2455590523_389713_47212064,0,1,0,0,y,r,0.0,Non-Congested,Non-Congested
2936,cluster_2461783448_38980632_5243070374,10,10,7,10,G,r,2.0,Congested,Congested
2936,cluster_2461880040_2461880142_8131892137,0,1,0,0,r,G,7.0,Non-Congested,Congested
2937,132200274,0,3,0,3,G,r,3.0,Non-Congested,Congested
2937,181747232,1,1,0,0,r,G,4.0,Non-Congested,Non-Congested
2937,47217361,1,0,0,0,r,r,2.0,Non-Congested,Non-Congested
2937,cluster_1420096799_47154676,1,0,0,0,r,G,3.0,Non-Congested,Non-Congested
2937,cluster_181310323_5380872437,3,0,0,0,y,r,3.0,Non-Congested,Non-Congested
2937,cluster_2455590523_389713_47212064,0,1,0,0,r,r,6.0,Non-Congested,Congested
2937,cluster_2461783448_38980632_5243070374,10,10,9,10,G,r,1.0,Congested,Congested
2937,cluster_2461880040_2461880142_8131892137,0,1,0,0,r,G,6.0,Non-Congested,Non-Congested
2938,132200274,0,3,0,3,G,r,2.0,Non-Congested,Congested
2938,181747232,1,1,0,0,r,G,3.0,Non-Congested,Non-Congested
2938,47217361,1,0,0,0,r,r,1.0,Non-Congested,Non-Congested
2938,cluster_1420096799_47154676,1,0,0,0,r,G,2.0,Non-Congested,Non-Congested
2938,cluster_181310323_5380872437,3,0,0,0,y,r,2.0,Non-Congested,Non-Congested
2938,cluster_2461783448_38980632_5243070374,10,10,10,10,G,r,0.0,Congested,Congested
2938,cluster_2461880040_2461880142_8131892137,0,1,0,0,r,G,5.0,Non-Congested,Non-Congested
2939,132200274,0,3,0,3,G,r,1.0,Non-Congested,Congested
2939,181747232,1,1,0,0,r,G,2.0,Non-Congested,Non-Congested
2939,47217361,1,0,1,0,r,r,0.0,Non-Congested,Non-Congested
2939,cluster_1420096799_47154676,1,0,0,0,r,G,1.0,Non-Congested,Non-Congested
2939,cluster_181310323_5380872437,3,0,0,0,y,r,1.0,Non-Congested,Non-Congested
2939,cluster_2461783448_38980632_5243070374,10,10,10,10,y,r,4.0,Congested,Congested
2939,cluster_2461880040_2461880142_8131892137,0,1,0,0,r,G,4.0,Non-Congested,Non-Congested
2940,132200274,0,3,0,3,G,r,0.0,Non-Congested,Congested
2940,181747232,1,1,0,0,r,G,1.0,Non-Congested,Non-Congested
2940,47217361,1,0,1,0,r,r,2.0,Non-Congested,Non-Congested
2940,cluster_1420096799_47154676,1,0,0,0,r,G,0.0,Non-Congested,Non-Congested
2940,cluster_181310323_5380872437,2,0,0,0,y,r,0.0,Non-Congested,Non-Congested
2940,cluster_2461783448_38980632_5243070374,10,10,10,10,y,r,3.0,Congested,Congested
2940,cluster_2461880040_2461880142_8131892137,1,2,0,0,r,G,3.0,Non-Congested,Non-Congested
2941,132200274,0,3,0,3,y,r,2.0,Non-Congested,Congested
2941,181747232,1,1,0,0,r,G,0.0,Non-Congested,Non-Congested
2941,47217361,1,0,1,0,r,r,1.0,Non-Congested,Non-Congested
2941,cluster_1420096799_47154676,1,0,0,0,r,y,3.0,Non-Congested,Non-Congested
2941,cluster_181310323_5380872437,2,0,0,0,r,G,4.0,Non-Congested,Non-Congested
2941,cluster_2455590523_389713_47212064,0,1,0,0,r,r,2.0,Non-Congested,Non-Congested
2941,cluster_2461783448_38980632_5243070374,10,10,10,10,y,r,2.0,Congested,Congested
2941,cluster_2461880040_2461880142_8131892137,1,1,0,0,r,G,2.0,Non-Congested,Non-Congested
2942,132200274,0,3,0,3,y,r,1.0,Non-Congested,Congested
2942,181747232,1,1,1,1,r,y,3.0,Non-Congested,Non-Congested
2942,47217361,1,0,1,0,r,r,0.0,Non-Congested,Non-Congested
2942,cluster_1420096799_47154676,1,0,0,0,r,y,2.0,Non-Congested,Non-Congested
2942,cluster_181310323_5380872437,1,0,0,0,r,G,3.0,Non-Congested,Non-Congested
2942,cluster_2455590523_389713_47212064,0,1,0,0,r,r,1.0,Non-Congested,Non-Congested
2942,cluster_2461783448_38980632_5243070374,10,10,10,10,y,r,1.0,Congested,Congested
2942,cluster_2461880040_2461880142_8131892137,1,1,0,0,r,G,1.0,Non-Congested,Non-Congested
2943,132200274,0,3,0,3,y,r,0.0,Non-Congested,Congested
2943,181747232,1,1,1,1,r,y,2.0,Non-Congested,Non-Congested
2943,cluster_1420096799_47154676,1,0,1,0,r,y,1.0,Non-Congested,Non-Congested
2943,cluster_181310323_5380872437,1,0,0,0,r,G,2.0,Non-Congested,Non-Congested
2943,cluster_2455590523_389713_47212064,0,1,0,0,r,r,0.0,Non-Congested,Non-Congested
2943,cluster_2461783448_38980632_5243070374,10,10,10,10,y,r,0.0,Congested,Congested
2943,cluster_2461880040_2461880142_8131892137,1,2,0,0,r,G,0.0,Non-Congested,Non-Congested
2944,132200274,0,3,0,3,r,G,4.0,Non-Congested,Congested
2944,181747232,1,1,1,1,r,y,1.0,Non-Congested,Non-Congested
2944,cluster_1420096799_47154676,1,0,1,0,r,y,0.0,Non-Congested,Non-Congested
2944,cluster_181310323_5380872437,1,0,0,0,r,G,1.0,Non-Congested,Non-Congested
2944,cluster_2461783448_38980632_5243070374,10,10,10,10,r,G,4.0,Congested,Congested
2944,cluster_2461880040_2461880142_8131892137,2,3,0,0,r,G,1.0,Non-Congested,Non-Congested
2944,cluster_59665162_8742497506,1,0,0,0,r,G,0.0,Non-Congested,Non-Congested
2945,132200274,0,3,0,3,r,G,3.0,Non-Congested,Congested
2945,181747232,1,1,1,1,r,y,0.0,Non-Congested,Non-Congested
2945,cluster_181310323_5380872437,1,0,0,0,r,G,0.0,Non-Congested,Non-Congested
2945,cluster_2461783448_38980632_5243070374,10,10,10,10,r,G,3.0,Congested,Congested
2945,cluster_2461880040_2461880142_8131892137,2,2,0,0,r,G,0.0,Non-Congested,Non-Congested
2945,cluster_59665162_8742497506,1,0,1,0,r,y,2.0,Non-Congested,Non-Congested
2946,132200274,0,3,0,3,r,G,2.0,Non-Congested,Congested
2946,cluster_181310323_5380872437,1,0,0,0,r,y,3.0,Non-Congested,Non-Congested
2946,cluster_2461783448_38980632_5243070374,10,10,10,10,r,G,2.0,Congested,Congested
2946,cluster_2461880040_2461880142_8131892137,2,2,0,0,r,G,0.0,Non-Congested,Non-Congested
2946,cluster_59665162_8742497506,1,0,1,0,r,y,1.0,Non-Congested,Non-Congested
2947,132200274,0,3,0,3,r,G,1.0,Non-Congested,Congested
2947,cluster_1420096799_47154676,0,1,0,0,G,r,4.0,Non-Congested,Non-Congested
2947,cluster_181310323_5380872437,1,0,0,0,r,y,2.0,Non-Congested,Non-Congested
2947,cluster_2461783448_38980632_5243070374,10,10,10,10,r,G,1.0,Congested,Congested
2947,cluster_2461880040_2461880142_8131892137,2,2,0,0,r,G,0.0,Non-Congested,Non-Congested
2947,cluster_59665162_8742497506,1,0,1,0,r,y,0.0,Non-Congested,Non-Congested
2948,132200274,0,4,0,3,r,G,0.0,Non-Congested,Congested
2948,cluster_1420096799_47154676,0,1,0,0,G,r,3.0,Non-Congested,Non-Congested
2948,cluster_181310323_5380872437,1,0,0,0,r,y,1.0,Non-Congested,Non-Congested
2948,cluster_2461783448_38980632_5243070374,10,10,10,10,r,G,0.0,Congested,Congested
2948,cluster_2461880040_2461880142_8131892137,3,3,0,0,r,y,4.0,Non-Congested,Non-Congested
2948,cluster_59665162_8742497506,1,0,0,0,G,r,4.0,Congested,Non-Congested
2949,132200274,0,4,0,3,r,y,2.0,Non-Congested,Congested
2949,cluster_1420096799_47154676,0,1,0,0,G,r,2.0,Non-Congested,Non-Congested
2949,cluster_181310323_5380872437,1,0,0,0,r,y,0.0,Non-Congested,Non-Congested
2949,cluster_2461783448_38980632_5243070374,10,10,10,10,r,y,4.0,Congested,Congested
2949,cluster_2461880040_2461880142_8131892137,2,2,0,0,r,y,3.0,Non-Congested,Non-Congested
2950,132200274,0,4,0,3,r,y,1.0,Non-Congested,Congested
2950,cluster_1420096799_47154676,0,1,0,0,G,r,1.0,Non-Congested,Non-Congested
2950,cluster_181310323_5380872437,1,0,0,0,G,r,6.0,Non-Congested,Non-Congested
2950,cluster_2461783448_38980632_5243070374,10,10,10,10,r,y,3.0,Congested,Congested
2950,cluster_2461880040_2461880142_8131892137,2,2,0,0,r,y,2.0,Non-Congested,Non-Congested
2951,132200274,0,4,0,3,r,y,0.0,Non-Congested,Congested
2951,cluster_1420096799_47154676,0,1,0,0,G,r,0.0,Non-Congested,Non-Congested
2951,cluster_181310323_5380872437,1,0,0,0,G,r,5.0,Non-Congested,Non-Congested
2951,cluster_2461783448_38980632_5243070374,10,10,10,10,r,y,2.0,Congested,Congested
2951,cluster_2461880040_2461880142_8131892137,2,2,0,0,r,y,1.0,Non-Congested,Non-Congested
2952,132200274,0,4,0,3,G,r,4.0,Non-Congested,Congested
2952,cluster_1420096799_47154676,0,1,0,0,y,r,3.0,Non-Congested,Non-Congested
2952,cluster_2461783448_38980632_5243070374,10,10,10,10,r,y,1.0,Congested,Congested
2952,cluster_2461880040_2461880142_8131892137,1,2,0,0,r,y,0.0,Non-Congested,Non-Congested
2953,132200274,0,4,0,4,G,r,3.0,Non-Congested,Congested
2953,cluster_1420096799_47154676,0,1,0,0,y,r,2.0,Non-Congested,Non-Congested
2953,cluster_181310323_5380872437,1,0,0,0,G,r,3.0,Non-Congested,Non-Congested
2953,cluster_2461783448_38980632_5243070374,10,10,10,10,r,y,0.0,Congested,Congested
2953,cluster_2461880040_2461880142_8131892137,1,2,0,0,r,r,4.0,Non-Congested,Non-Congested
2954,132200274,0,4,0,4,G,r,2.0,Non-Congested,Congested
2954,cluster_1420096799_47154676,0,1,0,0,y,r,1.0,Non-Congested,Non-Congested
2954,cluster_181310323_5380872437,1,0,0,0,G,r,2.0,Non-Congested,Non-Congested
2954,cluster_2461783448_38980632_5243070374,10,10,10,10,G,r,4.0,Congested,Congested
2954,cluster_2461880040_2461880142_8131892137,1,3,0,0,r,r,3.0,Non-Congested,Non-Congested
2955,132200274,0,4,0,4,G,r,1.0,Non-Congested,Congested
2955,cluster_1420096799_47154676,0,1,0,0,y,r,0.0,Non-Congested,Non-Congested
2955,cluster_181310323_5380872437,1,0,0,0,G,r,1.0,Non-Congested,Non-Congested
2955,cluster_2461783448_38980632_5243070374,10,10,10,10,G,r,3.0,Congested,Congested
2955,cluster_2461880040_2461880142_8131892137,0,2,0,0,r,r,2.0,Non-Congested,Congested
2956,132200274,0,4,0,4,G,r,0.0,Non-Congested,Congested
2956,cluster_1420096799_47154676,0,1,0,0,r,r,6.0,Non-Congested,Non-Congested
2956,cluster_181310323_5380872437,1,0,0,0,G,r,0.0,Non-Congested,Non-Congested
2956,cluster_2461783448_38980632_5243070374,10,10,10,10,G,r,2.0,Congested,Congested
2956,cluster_2461880040_2461880142_8131892137,0,2,0,1,r,r,1.0,Non-Congested,Congested
2957,132200274,0,4,0,4,y,r,2.0,Non-Congested,Congested
2957,cluster_1420096799_47154676,0,1,0,0,r,r,5.0,Non-Congested,Non-Congested
2957,cluster_181310323_5380872437,1,0,0,0,y,r,3.0,Non-Congested,Non-Congested
2957,cluster_2461783448_38980632_5243070374,10,10,10,10,G,r,1.0,Congested,Congested
2957,cluster_2461880040_2461880142_8131892137,0,2,0,1,r,r,0.0,Non-Congested,Congested
2958,132200274,0,4,0,4,y,r,1.0,Non-Congested,Congested
2958,181747232,1,0,0,0,r,G,5.0,Non-Congested,Non-Congested
2958,cluster_1420096799_47154676,0,1,0,0,r,r,4.0,Non-Congested,Non-Congested
2958,cluster_181310323_5380872437,1,0,0,0,y,r,2.0,Non-Congested,Non-Congested
2958,cluster_2461783448_38980632_5243070374,9,10,9,10,G,r,0.0,Congested,Congested
2958,cluster_2461880040_2461880142_8131892137,0,2,0,1,r,r,0.0,Non-Congested,Congested
2959,132200274,0,4,0,4,y,r,0.0,Non-Congested,Congested
2959,181747232,2,0,0,0,r,G,4.0,Non-Congested,Non-Congested
2959,cluster_1420096799_47154676,0,1,0,0,r,r,3.0,Non-Congested,Non-Congested
2959,cluster_181310323_5380872437,1,0,0,0,y,r,1.0,Non-Congested,Non-Congested
2959,cluster_2461783448_38980632_5243070374,9,10,8,10,G,r,4.0,Congested,Congested
2959,cluster_2461880040_2461880142_8131892137,0,2,0,2,r,r,0.0,Non-Congested,Congested
2960,132200274,0,3,0,3,r,G,4.0,Non-Congested,Congested
2960,181747232,2,0,0,0,r,G,3.0,Non-Congested,Non-Congested
2960,cluster_1420096799_47154676,0,1,0,0,r,r,2.0,Non-Congested,Non-Congested
2960,cluster_181310323_5380872437,1,0,0,0,y,r,0.0,Non-Congested,Non-Congested
2960,cluster_2461783448_38980632_5243070374,9,11,7,10,G,r,3.0,Congested,Congested
2960,cluster_2461880040_2461880142_8131892137,0,2,0,2,r,r,4.0,Non-Congested,Congested
2961,132200274,0,3,0,3,r,G,3.0,Non-Congested,Congested
2961,181747232,2,0,0,0,r,G,2.0,Non-Congested,Non-Congested
2961,cluster_1420096799_47154676,0,1,0,1,r,r,1.0,Non-Congested,Non-Congested
2961,cluster_181310323_5380872437,1,0,0,0,r,G,4.0,Non-Congested,Non-Congested
2961,cluster_2461783448_38980632_5243070374,8,11,6,10,G,r,2.0,Congested,Congested
2961,cluster_2461880040_2461880142_8131892137,0,2,0,2,r,r,3.0,Non-Congested,Congested
2961,cluster_59665162_8742497506,1,0,0,0,r,G,2.0,Non-Congested,Non-Congested
2962,132200274,0,3,0,3,r,G,2.0,Non-Congested,Congested
2962,181747232,2,0,0,0,r,G,1.0,Non-Congested,Non-Congested
2962,47217361,0,1,0,0,r,r,1.0,Non-Congested,Non-Congested
2962,cluster_1420096799_47154676,0,1,0,1,r,r,0.0,Non-Congested,Non-Congested
2962,cluster_2461783448_38980632_5243070374,8,10,5,10,G,r,1.0,Congested,Congested
2962,cluster_2461880040_2461880142_8131892137,0,2,0,2,r,r,2.0,Non-Congested,Congested
2962,cluster_59665162_8742497506,1,0,0,0,r,G,1.0,Non-Congested,Non-Congested
2963,132200274,0,4,0,3,r,G,1.0,Non-Congested,Congested
2963,181747232,2,0,0,0,r,G,0.0,Non-Congested,Non-Congested
2963,47217361,0,1,0,0,r,r,0.0,Non-Congested,Non-Congested
2963,cluster_1420096799_47154676,0,2,0,1,r,r,3.0,Non-Congested,Non-Congested
2963,cluster_2455590523_389713_47212064,0,1,0,0,y,r,2.0,Non-Congested,Non-Congested
2963,cluster_2461783448_38980632_5243070374,8,10,4,10,G,r,0.0,Congested,Congested
2963,cluster_2461880040_2461880142_8131892137,0,2,0,2,r,r,1.0,Non-Congested,Congested
2963,cluster_2461880136_4910664147_50607912_8131882097,0,1,0,0,G,r,0.0,Non-Congested,Non-Congested
2963,cluster_59665162_8742497506,1,0,1,0,r,G,0.0,Non-Congested,Non-Congested
2964,132200274,0,4,0,3,r,G,0.0,Non-Congested,Congested
2964,181747232,2,0,0,0,r,y,3.0,Non-Congested,Non-Congested
2964,47217361,0,1,0,0,r,r,2.0,Non-Congested,Non-Congested
2964,cluster_1420096799_47154676,0,2,0,1,r,r,2.0,Non-Congested,Non-Congested
2964,cluster_2455590523_389713_47212064,0,1,0,0,y,r,1.0,Non-Congested,Non-Congested
2964,cluster_2461783448_38980632_5243070374,7,10,3,10,G,r,9.0,Congested,Congested
2964,cluster_2461880040_2461880142_8131892137,0,2,0,2,r,r,0.0,Non-Congested,Congested
2964,cluster_2461880136_4910664147_50607912_8131882097,0,1,0,0,y,r,2.0,Non-Congested,Non-Congested
2964,cluster_59665162_8742497506,1,0,1,0,r,y,2.0,Non-Congested,Non-Congested
2965,132200274,0,3,0,3,r,y,2.0,Non-Congested,Congested
2965,181747232,2,0,0,0,r,y,2.0,Non-Congested,Non-Congested
2965,47217361,0,1,0,0,r,r,1.0,Non-Congested,Non-Congested
2965,cluster_1420096799_47154676,0,2,0,1,r,r,1.0,Non-Congested,Non-Congested
2965,cluster_2455590523_389713_47212064,0,1,0,0,y,r,0.0,Non-Congested,Non-Congested
2965,cluster_2461783448_38980632_5243070374,6,10,3,10,G,r,8.0,Congested,Congested
2965,cluster_2461880040_2461880142_8131892137,0,2,0,2,G,r,4.0,Non-Congested,Congested
2965,cluster_2461880136_4910664147_50607912_8131882097,0,2,0,0,y,r,1.0,Non-Congested,Non-Congested
2965,cluster_59665162_8742497506,1,0,1,0,r,y,1.0,Non-Congested,Non-Congested
2966,132200274,0,3,0,3,r,y,1.0,Non-Congested,Congested
2966,181747232,2,0,0,0,r,y,1.0,Non-Congested,Non-Congested
2966,47217361,0,1,0,0,r,r,0.0,Non-Congested,Non-Congested
2966,cluster_1420096799_47154676,0,2,0,1,r,r,0.0,Non-Congested,Non-Congested
2966,cluster_2455590523_389713_47212064,0,1,0,0,r,r,6.0,Non-Congested,Congested
2966,cluster_2461783448_38980632_5243070374,7,10,3,10,G,r,7.0,Congested,Congested
2966,cluster_2461880040_2461880142_8131892137,0,2,0,2,G,r,3.0,Non-Congested,Congested
2966,cluster_2461880136_4910664147_50607912_8131882097,0,2,0,0,y,r,0.0,Non-Congested,Non-Congested
2966,cluster_59665162_8742497506,1,0,1,0,r,y,0.0,Non-Congested,Non-Congested
2967,132200274,0,3,0,3,r,y,0.0,Non-Congested,Congested
2967,181747232,2,0,0,0,r,y,0.0,Non-Congested,Non-Congested
2967,47217361,0,1,0,0,r,G,4.0,Non-Congested,Non-Congested
2967,cluster_1420096799_47154676,0,2,0,1,r,G,6.0,Non-Congested,Non-Congested
2967,cluster_2455590523_389713_47212064,0,1,0,0,r,r,5.0,Non-Congested,Congested
2967,cluster_2461783448_38980632_5243070374,7,10,3,10,G,r,6.0,Congested,Congested
2967,cluster_2461880040_2461880142_8131892137,0,2,0,2,G,r,2.0,Non-Congested,Congested
2967,cluster_2461880136_4910664147_50607912_8131882097,0,2,0,0,r,G,4.0,Non-Congested,Non-Congested
2967,cluster_59665162_8742497506,1,0,0,0,G,r,4.0,Congested,Non-Congested
2968,132200274,0,3,0,3,G,r,4.0,Non-Congested,Congested
2968,181747232,2,0,0,0,G,r,6.0,Non-Congested,Non-Congested
2968,47217361,0,1,0,0,r,G,3.0,Non-Congested,Non-Congested
2968,cluster_1420096799_47154676,0,1,0,1,r,G,5.0,Non-Congested,Non-Congested
2968,cluster_2455590523_389713_47212064,0,1,0,0,r,r,4.0,Non-Congested,Congested
2968,cluster_2461783448_38980632_5243070374,7,10,3,10,G,r,5.0,Congested,Congested
2968,cluster_2461880040_2461880142_8131892137,0,2,0,2,G,r,1.0,Non-Congested,Congested
2968,cluster_2461880136_4910664147_50607912_8131882097,0,3,0,0,r,G,3.0,Non-Congested,Non-Congested
2969,132200274,0,3,0,3,G,r,3.0,Non-Congested,Congested
2969,181747232,3,0,0,0,G,r,5.0,Non-Congested,Non-Congested
2969,47217361,0,2,0,0,r,G,2.0,Non-Congested,Non-Congested
2969,cluster_1420096799_47154676,0,1,0,1,r,G,4.0,Non-Congested,Non-Congested
2969,cluster_2455590523_389713_47212064,0,1,0,0,r,r,3.0,Non-Congested,Congested
2969,cluster_2461783448_38980632_5243070374,6,10,3,10,G,r,4.0,Congested,Congested
2969,cluster_2461880040_2461880142_8131892137,0,2,0,2,G,r,0.0,Non-Congested,Congested
2969,cluster_2461880136_4910664147_50607912_8131882097,0,3,0,0,r,G,2.0,Non-Congested,Non-Congested
2970,132200274,0,3,0,3,G,r,2.0,Non-Congested,Congested
2970,181747232,3,0,0,0,G,r,4.0,Non-Congested,Non-Congested
2970,47217361,0,2,0,0,r,G,1.0,Non-Congested,Non-Congested
2970,cluster_1420096799_47154676,0,1,0,1,r,G,3.0,Non-Congested,Non-Congested
2970,cluster_2461783448_38980632_5243070374,6,10,3,10,G,r,3.0,Congested,Congested
2970,cluster_2461880040_2461880142_8131892137,0,2,0,2,y,r,4.0,Non-Congested,Congested
2970,cluster_2461880136_4910664147_50607912_8131882097,0,2,0,0,r,G,1.0,Non-Congested,Non-Congested
2971,132200274,0,3,0,3,G,r,1.0,Non-Congested,Congested
2971,181747232,3,0,0,0,G,r,3.0,Non-Congested,Non-Congested
2971,47217361,0,2,0,0,r,G,0.0,Non-Congested,Non-Congested
2971,cluster_1420096799_47154676,0,1,0,1,r,G,2.0,Non-Congested,Non-Congested
2971,cluster_2461783448_38980632_5243070374,5,10,3,10,G,r,2.0,Congested,Congested
2971,cluster_2461880040_2461880142_8131892137,0,2,0,2,y,r,3.0,Non-Congested,Congested
2971,cluster_2461880136_4910664147_50607912_8131882097,0,2,0,0,r,G,0.0,Non-Congested,Non-Congested
2972,132200274,0,3,0,3,G,r,0.0,Non-Congested,Congested
2972,181747232,3,0,0,0,G,r,2.0,Non-Congested,Non-Congested
2972,47217361,1,2,0,0,r,y,2.0,Non-Congested,Non-Congested
2972,cluster_1420096799_47154676,0,1,0,1,r,G,1.0,Non-Congested,Non-Congested
2972,cluster_2461783448_38980632_5243070374,5,10,3,10,G,r,1.0,Congested,Congested
2972,cluster_2461880040_2461880142_8131892137,0,2,0,2,y,r,2.0,Non-Congested,Congested
2972,cluster_2461880136_4910664147_50607912_8131882097,0,1,0,0,r,G,1.0,Non-Congested,Non-Congested
2973,132200274,0,3,0,3,y,r,2.0,Non-Congested,Congested
2973,181747232,3,0,0,0,G,r,1.0,Non-Congested,Non-Congested
2973,47217361,1,2,0,0,r,y,1.0,Non-Congested,Non-Congested
2973,cluster_2455590523_389713_47212064,0,2,0,0,r,r,0.0,Non-Congested,Non-Congested
2973,cluster_2461783448_38980632_5243070374,5,10,3,10,G,r,0.0,Congested,Congested
2973,cluster_2461880040_2461880142_8131892137,0,2,0,2,y,r,1.0,Non-Congested,Congested
2973,cluster_2461880136_4910664147_50607912_8131882097,0,2,0,0,r,G,0.0,Non-Congested,Non-Congested
2974,132200274,0,3,0,3,y,r,1.0,Non-Congested,Congested
2974,181747232,3,0,0,0,G,r,0.0,Non-Congested,Non-Congested
2974,47217361,1,2,0,0,r,y,0.0,Non-Congested,Non-Congested
2974,cluster_1420096799_47154676,1,0,0,0,r,y,3.0,Non-Congested,Non-Congested
2974,cluster_2455590523_389713_47212064,0,2,0,0,r,r,3.0,Non-Congested,Non-Congested
2974,cluster_2461783448_38980632_5243070374,4,10,3,10,y,r,4.0,Congested,Congested
2974,cluster_2461880040_2461880142_8131892137,0,2,0,2,y,r,0.0,Non-Congested,Congested
2974,cluster_2461880136_4910664147_50607912_8131882097,0,2,0,0,r,G,0.0,Non-Congested,Non-Congested
2975,132200274,0,3,0,3,y,r,0.0,Non-Congested,Congested
2975,181747232,3,0,0,0,y,r,3.0,Non-Congested,Non-Congested
2975,47217361,0,2,0,0,G,r,4.0,Non-Congested,Non-Congested
2975,cluster_1420096799_47154676,1,0,0,0,r,y,2.0,Non-Congested,Non-Congested
2975,cluster_2455590523_389713_47212064,1,1,0,0,r,r,2.0,Non-Congested,Non-Congested
2975,cluster_2461783448_38980632_5243070374,4,10,3,10,y,r,3.0,Congested,Congested
2975,cluster_2461880040_2461880142_8131892137,0,2,0,1,r,G,9.0,Non-Congested,Congested
2975,cluster_2461880136_4910664147_50607912_8131882097,0,3,0,0,r,G,1.0,Non-Congested,Non-Congested
2976,132200274,0,3,0,3,r,G,4.0,Non-Congested,Congested
2976,181747232,3,0,0,0,y,r,2.0,Non-Congested,Non-Congested
2976,47217361,0,2,0,0,G,r,3.0,Non-Congested,Non-Congested
2976,cluster_1420096799_47154676,1,0,0,0,r,y,1.0,Non-Congested,Non-Congested
2976,cluster_2455590523_389713_47212064,0,1,0,0,r,r,1.0,Congested,Non-Congested
2976,cluster_2461783448_38980632_5243070374,3,10,3,10,y,r,2.0,Congested,Congested
2976,cluster_2461880040_2461880142_8131892137,0,1,0,0,r,G,8.0,Non-Congested,Non-Congested
2976,cluster_2461880136_4910664147_50607912_8131882097,0,2,0,0,r,G,0.0,Non-Congested,Non-Congested
2977,132200274,0,3,0,3,r,G,3.0,Non-Congested,Congested
2977,181747232,3,0,0,0,y,r,1.0,Non-Congested,Non-Congested
2977,47217361,1,2,0,0,G,r,2.0,Non-Congested,Non-Congested
2977,cluster_1420096799_47154676,1,0,0,0,r,y,0.0,Non-Congested,Non-Congested
2977,cluster_2455590523_389713_47212064,0,2,0,0,r,r,0.0,Non-Congested,Non-Congested
2977,cluster_2461783448_38980632_5243070374,3,10,3,10,y,r,1.0,Congested,Congested
2977,cluster_2461880040_2461880142_8131892137,0,1,0,0,r,G,7.0,Non-Congested,Non-Congested
2977,cluster_2461880136_4910664147_50607912_8131882097,0,2,0,0,r,G,0.0,Non-Congested,Non-Congested
2978,132200274,0,3,0,3,r,G,2.0,Non-Congested,Congested
2978,181747232,3,0,0,0,y,r,0.0,Non-Congested,Non-Congested
2978,47217361,1,2,0,1,G,r,1.0,Non-Congested,Non-Congested
2978,cluster_1420096799_47154676,1,0,0,0,G,r,6.0,Non-Congested,Non-Congested
2978,cluster_2461783448_38980632_5243070374,3,10,3,10,y,r,0.0,Congested,Congested
2978,cluster_2461880040_2461880142_8131892137,0,2,0,0,r,G,6.0,Non-Congested,Non-Congested
2978,cluster_2461880136_4910664147_50607912_8131882097,0,3,0,0,r,y,2.0,Non-Congested,Non-Congested
2979,132200274,0,3,0,3,r,G,1.0,Non-Congested,Congested
2979,181747232,3,0,0,0,r,G,6.0,Non-Congested,Congested
2979,47217361,1,2,0,1,G,r,0.0,Non-Congested,Non-Congested
2979,cluster_2461783448_38980632_5243070374,3,9,2,9,r,G,4.0,Congested,Non-Congested
2979,cluster_2461880040_2461880142_8131892137,0,2,0,0,r,G,5.0,Non-Congested,Non-Congested
2979,cluster_2461880136_4910664147_50607912_8131882097,0,3,0,0,r,y,1.0,Non-Congested,Non-Congested
2980,132200274,0,3,0,3,r,G,0.0,Non-Congested,Congested
2980,181747232,3,0,0,0,r,G,5.0,Non-Congested,Non-Congested
2980,47217361,1,2,0,1,y,r,2.0,Non-Congested,Non-Congested
2980,cluster_2461783448_38980632_5243070374,2,9,1,8,r,G,3.0,Non-Congested,Non-Congested
2980,cluster_2461880040_2461880142_8131892137,0,1,0,0,r,G,4.0,Non-Congested,Non-Congested
2980,cluster_2461880136_4910664147_50607912_8131882097,0,3,0,0,r,y,0.0,Non-Congested,Non-Congested
2981,132200274,0,3,0,3,r,y,2.0,Non-Congested,Congested
2981,181747232,3,0,0,0,r,G,4.0,Non-Congested,Non-Congested
2981,47217361,1,2,0,1,y,r,1.0,Non-Congested,Non-Congested
2981,cluster_2455590523_389713_47212064,0,1,0,0,r,G,1.0,Non-Congested,Non-Congested
2981,cluster_2461783448_38980632_5243070374,2,9,0,7,r,G,2.0,Non-Congested,Non-Congested
2981,cluster_2461880040_2461880142_8131892137,1,2,0,0,r,G,3.0,Non-Congested,Non-Congested
2981,cluster_2461880136_4910664147_50607912_8131882097,0,3,0,0,r,r,0.0,Non-Congested,Non-Congested
2982,132200274,0,3,0,3,r,y,1.0,Non-Congested,Congested
2982,181747232,4,1,0,0,r,G,3.0,Non-Congested,Non-Congested
2982,47217361,1,2,0,1,y,r,0.0,Non-Congested,Non-Congested
2982,cluster_2455590523_389713_47212064,0,1,0,0,r,G,0.0,Non-Congested,Non-Congested
2982,cluster_2461783448_38980632_5243070374,2,9,0,6,r,G,1.0,Non-Congested,Non-Congested
2982,cluster_2461880040_2461880142_8131892137,1,1,0,0,r,G,2.0,Non-Congested,Non-Congested
2982,cluster_2461880136_4910664147_50607912_8131882097,0,3,0,0,G,r,4.0,Non-Congested,Non-Congested
2983,132200274,0,3,0,3,r,y,0.0,Non-Congested,Congested
2983,181747232,4,1,0,0,r,G,2.0,Non-Congested,Non-Congested
2983,47217361,1,2,0,1,r,r,4.0,Non-Congested,Non-Congested
2983,cluster_2455590523_389713_47212064,0,1,0,0,r,y,3.0,Non-Congested,Non-Congested
2983,cluster_2461783448_38980632_5243070374,2,9,0,5,r,G,0.0,Non-Congested,Non-Congested
2983,cluster_2461880040_2461880142_8131892137,2,2,0,0,r,G,1.0,Non-Congested,Non-Congested
2983,cluster_2461880136_4910664147_50607912_8131882097,0,2,0,0,G,r,3.0,Non-Congested,Non-Congested
2984,132200274,0,3,0,3,G,r,4.0,Non-Congested,Congested
2984,181747232,4,1,0,0,r,G,1.0,Non-Congested,Non-Congested
2984,47217361,1,2,1,1,r,r,3.0,Non-Congested,Non-Congested
2984,cluster_181310323_5380872437,1,0,0,0,r,G,1.0,Non-Congested,Non-Congested
2984,cluster_2461783448_38980632_5243070374,1,9,0,5,r,G,1.0,Non-Congested,Non-Congested
2984,cluster_2461880040_2461880142_8131892137,2,3,0,0,r,G,0.0,Non-Congested,Non-Congested
2984,cluster_2461880136_4910664147_50607912_8131882097,1,2,0,0,G,r,2.0,Congested,Non-Congested
2985,132200274,0,3,0,3,G,r,3.0,Non-Congested,Congested
2985,181747232,4,1,0,0,r,G,0.0,Non-Congested,Non-Congested
2985,47217361,1,2,1,2,r,r,2.0,Non-Congested,Non-Congested
2985,cluster_181310323_5380872437,1,0,0,0,r,G,0.0,Non-Congested,Non-Congested
2985,cluster_2461783448_38980632_5243070374,1,9,0,5,r,G,0.0,Non-Congested,Non-Congested
2985,cluster_2461880040_2461880142_8131892137,3,4,0,0,r,G,1.0,Non-Congested,Non-Congested
2985,cluster_2461880136_4910664147_50607912_8131882097,0,1,0,0,G,r,1.0,Congested,Non-Congested
2985,cluster_59665162_8742497506,1,0,0,0,G,r,4.0,Congested,Non-Congested
2986,132200274,0,3,0,3,G,r,2.0,Non-Congested,Congested
2986,181747232,4,1,1,0,r,y,3.0,Non-Congested,Non-Congested
2986,47217361,1,3,1,2,r,r,1.0,Non-Congested,Non-Congested
2986,cluster_181310323_5380872437,1,0,0,0,r,y,3.0,Non-Congested,Non-Congested
2986,cluster_2461783448_38980632_5243070374,3,9,0,5,r,G,1.0,Non-Congested,Non-Congested
2986,cluster_2461880040_2461880142_8131892137,3,3,0,0,r,G,0.0,Non-Congested,Non-Congested
2986,cluster_2461880136_4910664147_50607912_8131882097,0,1,0,0,G,r,0.0,Non-Congested,Non-Congested
2987,132200274,0,3,0,3,G,r,1.0,Non-Congested,Congested
2987,181747232,4,1,1,0,r,y,2.0,Non-Congested,Non-Congested
2987,47217361,1,3,1,2,r,r,0.0,Non-Congested,Non-Congested
2987,cluster_181310323_5380872437,1,0,0,0,r,y,2.0,Non-Congested,Non-Congested
2987,cluster_2461783448_38980632_5243070374,2,9,0,4,r,G,0.0,Non-Congested,Non-Congested
2987,cluster_2461880040_2461880142_8131892137,3,3,0,0,r,G,0.0,Non-Congested,Non-Congested
2987,cluster_2461880136_4910664147_50607912_8131882097,0,1,0,0,G,r,1.0,Non-Congested,Non-Congested
2988,132200274,0,3,0,3,G,r,0.0,Non-Congested,Congested
2988,181747232,4,1,1,0,r,y,1.0,Non-Congested,Non-Congested
2988,47217361,1,3,1,2,r,r,2.0,Non-Congested,Non-Congested
2988,cluster_181310323_5380872437,1,0,0,0,r,y,1.0,Non-Congested,Non-Congested
2988,cluster_2461783448_38980632_5243070374,2,9,0,4,r,G,1.0,Non-Congested,Non-Congested
2988,cluster_2461880040_2461880142_8131892137,4,4,0,0,r,G,0.0,Non-Congested,Non-Congested
2989,132200274,0,3,0,3,y,r,2.0,Non-Congested,Congested
2989,181747232,4,1,2,0,r,y,0.0,Non-Congested,Non-Congested
2989,47217361,1,3,1,2,r,r,1.0,Non-Congested,Non-Congested
2989,cluster_181310323_5380872437,2,0,0,0,r,y,0.0,Non-Congested,Non-Congested
2989,cluster_2461783448_38980632_5243070374,3,9,0,5,r,G,0.0,Non-Congested,Non-Congested
2989,cluster_2461880040_2461880142_8131892137,3,3,0,0,r,y,4.0,Non-Congested,Non-Congested
2990,132200274,0,3,0,3,y,r,1.0,Non-Congested,Congested
2990,181747232,3,1,1,0,G,r,6.0,Non-Congested,Non-Congested
2990,47217361,1,3,1,2,r,r,0.0,Non-Congested,Non-Congested
2990,cluster_181310323_5380872437,1,0,0,0,G,r,6.0,Non-Congested,Non-Congested
2990,cluster_2461783448_38980632_5243070374,3,9,0,6,r,G,1.0,Non-Congested,Non-Congested
2990,cluster_2461880040_2461880142_8131892137,3,4,0,0,r,y,3.0,Non-Congested,Non-Congested
2990,cluster_2461880136_4910664147_50607912_8131882097,0,1,0,0,y,r,2.0,Non-Congested,Non-Congested
2991,132200274,0,3,0,3,y,r,0.0,Non-Congested,Congested
2991,181747232,3,1,0,0,G,r,5.0,Non-Congested,Non-Congested
2991,47217361,0,3,0,1,r,G,4.0,Non-Congested,Non-Congested
2991,cluster_181310323_5380872437,1,0,0,0,G,r,5.0,Non-Congested,Non-Congested
2991,cluster_2461783448_38980632_5243070374,4,9,0,7,r,G,0.0,Non-Congested,Non-Congested
2991,cluster_2461880040_2461880142_8131892137,3,4,0,0,r,y,2.0,Non-Congested,Congested
2991,cluster_2461880136_4910664147_50607912_8131882097,0,1,0,0,y,r,1.0,Non-Congested,Non-Congested
2992,132200274,0,3,0,3,r,G,4.0,Non-Congested,Congested
2992,181747232,3,1,0,0,G,r,4.0,Non-Congested,Non-Congested
2992,47217361,0,2,0,0,r,G,3.0,Non-Congested,Non-Congested
2992,cluster_181310323_5380872437,1,1,0,0,G,r,4.0,Non-Congested,Non-Congested
2992,cluster_2461783448_38980632_5243070374,4,9,0,7,r,G,1.0,Non-Congested,Non-Congested
2992,cluster_2461880040_2461880142_8131892137,2,3,0,0,r,y,1.0,Non-Congested,Congested
2992,cluster_2461880136_4910664147_50607912_8131882097,0,1,0,0,y,r,0.0,Non-Congested,Non-Congested
2993,132200274,0,3,0,3,r,G,3.0,Non-Congested,Congested
2993,181747232,3,1,1,1,G,r,3.0,Non-Congested,Non-Congested
2993,47217361,0,2,0,0,r,G,2.0,Non-Congested,Non-Congested
2993,cluster_181310323_5380872437,1,1,0,0,G,r,3.0,Non-Congested,Non-Congested
2993,cluster_2461783448_38980632_5243070374,5,9,0,8,r,G,0.0,Non-Congested,Non-Congested
2993,cluster_2461880040_2461880142_8131892137,2,3,0,0,r,y,0.0,Non-Congested,Congested
2993,cluster_2461880136_4910664147_50607912_8131882097,0,1,0,0,r,G,4.0,Non-Congested,Non-Congested
2994,132200274,0,3,0,3,r,G,2.0,Non-Congested,Congested
2994,181747232,4,1,1,1,G,r,2.0,Non-Congested,Non-Congested
2994,47217361,0,2,0,0,r,G,1.0,Non-Congested,Non-Congested
2994,cluster_181310323_5380872437,1,0,0,0,G,r,2.0,Non-Congested,Non-Congested
2994,cluster_2461783448_38980632_5243070374,5,9,0,8,r,G,1.0,Non-Congested,Non-Congested
2994,cluster_2461880040_2461880142_8131892137,1,3,0,1,r,r,4.0,Non-Congested,Congested
2994,cluster_2461880136_4910664147_50607912_8131882097,0,1,0,0,r,G,3.0,Non-Congested,Non-Congested
2995,132200274,0,3,0,3,r,G,1.0,Non-Congested,Congested
2995,181747232,3,1,0,0,G,r,1.0,Non-Congested,Non-Congested
2995,47217361,0,2,0,0,r,G,0.0,Non-Congested,Non-Congested
2995,cluster_181310323_5380872437,1,1,0,0,G,r,1.0,Non-Congested,Non-Congested
2995,cluster_2461783448_38980632_5243070374,6,9,0,8,r,G,0.0,Non-Congested,Non-Congested
2995,cluster_2461880040_2461880142_8131892137,1,3,0,1,r,r,3.0,Non-Congested,Congested
2995,cluster_2461880136_4910664147_50607912_8131882097,0,1,0,0,r,G,2.0,Non-Congested,Non-Congested
2996,132200274,0,3,0,3,r,G,0.0,Non-Congested,Congested
2996,181747232,3,1,0,0,G,r,0.0,Non-Congested,Non-Congested
2996,47217361,0,3,0,0,r,y,2.0,Non-Congested,Non-Congested
2996,cluster_181310323_5380872437,1,1,0,0,G,r,0.0,Non-Congested,Congested
2996,cluster_2455590523_389713_47212064,0,1,0,0,r,r,6.0,Non-Congested,Congested
2996,cluster_2461783448_38980632_5243070374,6,9,1,8,r,G,1.0,Non-Congested,Non-Congested
2996,cluster_2461880040_2461880142_8131892137,0,2,0,1,r,r,2.0,Non-Congested,Congested
2996,cluster_2461880136_4910664147_50607912_8131882097,0,1,0,0,r,G,1.0,Non-Congested,Non-Congested
2997,132200274,0,3,0,3,r,y,2.0,Non-Congested,Congested
2997,181747232,3,1,0,0,y,r,3.0,Non-Congested,Non-Congested
2997,47217361,0,3,0,0,r,y,1.0,Non-Congested,Non-Congested
2997,cluster_181310323_5380872437,1,0,0,0,G,r,1.0,Non-Congested,Non-Congested
2997,cluster_2461783448_38980632_5243070374,7,9,2,7,r,G,0.0,Non-Congested,Non-Congested
2997,cluster_2461880040_2461880142_8131892137,0,2,0,2,r,r,1.0,Non-Congested,Congested
2997,cluster_2461880136_4910664147_50607912_8131882097,0,1,0,0,r,G,0.0,Non-Congested,Non-Congested
2998,132200274,0,3,0,3,r,y,1.0,Non-Congested,Congested
2998,181747232,4,2,0,0,y,r,2.0,Non-Congested,Non-Congested
2998,47217361,0,3,0,0,r,y,0.0,Non-Congested,Non-Congested
2998,cluster_181310323_5380872437,1,0,0,0,G,r,0.0,Non-Congested,Non-Congested
2998,cluster_2461783448_38980632_5243070374,7,9,3,6,r,G,1.0,Non-Congested,Non-Congested
2998,cluster_2461880040_2461880142_8131892137,0,2,0,2,r,r,0.0,Non-Congested,Congested
2998,cluster_2461880136_4910664147_50607912_8131882097,0,1,0,0,r,y,2.0,Non-Congested,Non-Congested
2999,132200274,0,3,0,3,r,y,0.0,Non-Congested,Congested
2999,181747232,4,2,0,0,y,r,1.0,Non-Congested,Non-Congested
2999,47217361,0,3,0,1,G,r,4.0,Non-Congested,Non-Congested
2999,cluster_2461783448_38980632_5243070374,8,8,3,5,r,G,0.0,Non-Congested,Non-Congested
2999,cluster_2461880040_2461880142_8131892137,0,2,0,2,r,r,1.0,Non-Congested,Congested
2999,cluster_2461880136_4910664147_50607912_8131882097,0,1,0,0,r,y,1.0,Non-Congested,Non-Congested
3000,132200274,0,3,0,3,G,r,4.0,Non-Congested,Congested
3000,181747232,4,2,1,0,y,r,0.0,Non-Congested,Non-Congested
3000,47217361,0,3,0,1,G,r,3.0,Non-Congested,Non-Congested
3000,cluster_2461783448_38980632_5243070374,8,8,5,4,r,G,1.0,Congested,Non-Congested
3000,cluster_2461880040_2461880142_8131892137,0,2,0,2,r,r,0.0,Non-Congested,Congested
3000,cluster_2461880136_4910664147_50607912_8131882097,0,1,0,0,r,y,0.0,Non-Congested,Non-Congested
3001,132200274,0,3,0,3,G,r,3.0,Non-Congested,Congested
3001,181747232,4,2,1,0,r,G,6.0,Non-Congested,Non-Congested
3001,47217361,0,3,0,1,G,r,2.0,Non-Congested,Non-Congested
3001,cluster_181310323_5380872437,0,1,0,0,y,r,3.0,Non-Congested,Non-Congested
3001,cluster_2461783448_38980632_5243070374,8,8,5,4,r,G,0.0,Congested,Non-Congested
3001,cluster_2461880040_2461880142_8131892137,0,2,0,2,r,r,1.0,Non-Congested,Congested
3001,cluster_2461880136_4910664147_50607912_8131882097,0,1,0,0,r,r,0.0,Non-Congested,Non-Congested
