junctionid,edge1_vehicle_count,edge2_vehicle_count,edge1_waiting_vehicle_count,edge2_waiting_vehicle_count,edge1_light_state,edge2_light_state,nextswitchtime,edge1_congestion,edge2_congestion,label
132200274,0,5,0,5,r,G,0.0,Non-Congested,Congested,2
47217361,2,1,0,0,r,G,0.0,Non-Congested,Non-Congested,0
cluster_181310323_5380872437,1,0,0,0,r,G,1.0,Non-Congested,Non-Congested,0
cluster_2461783448_38980632_5243070374,11,10,11,10,y,r,0.0,Congested,Non-Congested,1
cluster_2461880040_2461880142_8131892137,1,1,0,0,r,G,2.0,Non-Congested,Non-Congested,0
cluster_2461880136_4910664147_50607912_8131882097,0,8,0,0,r,G,0.0,Non-Congested,Non-Congested,0
132200274,0,5,0,5,r,G,1.0,Non-Congested,Congested,2
47217361,3,1,0,0,r,G,1.0,Non-Congested,Non-Congested,0
cluster_181310323_5380872437,1,0,0,0,r,G,0.0,Non-Congested,Non-Congested,0
cluster_2461783448_38980632_5243070374,11,10,11,10,r,G,4.0,Congested,Non-Congested,1
cluster_2461880040_2461880142_8131892137,2,2,0,0,r,G,1.0,Non-Congested,Non-Congested,0
cluster_2461880136_4910664147_50607912_8131882097,0,8,0,0,r,G,1.0,Non-Congested,Non-Congested,0
132200274,0,5,0,5,r,G,0.0,Non-Congested,Congested,2
47217361,3,0,0,0,r,G,0.0,Non-Congested,Non-Congested,0
cluster_1420096799_47154676,1,0,0,0,r,G,0.0,Non-Congested,Non-Congested,0
cluster_181310323_5380872437,1,0,0,0,r,y,3.0,Non-Congested,Non-Congested,0
cluster_2455590523_389713_47212064,0,1,0,0,r,r,3.0,Non-Congested,Non-Congested,0
cluster_2461783448_38980632_5243070374,10,10,10,10,r,G,3.0,Congested,Non-Congested,1
cluster_2461880040_2461880142_8131892137,2,2,0,0,r,G,0.0,Non-Congested,Non-Congested,0
cluster_2461880136_4910664147_50607912_8131882097,0,9,0,0,r,G,0.0,Non-Congested,Non-Congested,0
132200274,0,5,0,5,r,G,1.0,Non-Congested,Congested,2
47217361,3,1,0,0,r,G,0.0,Non-Congested,Non-Congested,0
cluster_1420096799_47154676,1,0,0,0,r,y,3.0,Non-Congested,Non-Congested,0
cluster_181310323_5380872437,2,0,0,0,r,y,2.0,Non-Congested,Non-Congested,0
cluster_2455590523_389713_47212064,0,1,0,0,r,r,2.0,Non-Congested,Non-Congested,0
cluster_2461783448_38980632_5243070374,10,10,9,10,r,G,2.0,Congested,Non-Congested,1
cluster_2461880040_2461880142_8131892137,3,3,0,0,r,y,4.0,Non-Congested,Non-Congested,0
cluster_2461880136_4910664147_50607912_8131882097,0,9,0,0,r,G,1.0,Non-Congested,Non-Congested,0
132200274,0,5,0,5,r,G,0.0,Non-Congested,Congested,2
47217361,3,1,0,0,r,G,0.0,Non-Congested,Non-Congested,0
cluster_1420096799_47154676,1,0,0,0,r,y,2.0,Non-Congested,Non-Congested,0
cluster_181310323_5380872437,2,0,0,0,r,y,1.0,Non-Congested,Non-Congested,0
cluster_2455590523_389713_47212064,0,1,0,0,r,r,1.0,Non-Congested,Non-Congested,0
cluster_2461783448_38980632_5243070374,10,10,8,10,r,G,1.0,Congested,Non-Congested,1
cluster_2461880040_2461880142_8131892137,3,3,0,0,r,y,3.0,Non-Congested,Non-Congested,0
cluster_2461880136_4910664147_50607912_8131882097,0,9,0,0,r,G,0.0,Non-Congested,Non-Congested,0
132200274,0,5,0,5,r,G,1.0,Non-Congested,Congested,2
47217361,3,1,1,0,r,y,2.0,Non-Congested,Non-Congested,0
cluster_1420096799_47154676,1,0,0,0,r,y,1.0,Non-Congested,Non-Congested,0
cluster_181310323_5380872437,2,0,0,0,r,y,0.0,Non-Congested,Non-Congested,0
cluster_2461783448_38980632_5243070374,10,10,7,10,r,G,0.0,Congested,Non-Congested,1
cluster_2461880040_2461880142_8131892137,3,3,0,0,r,y,2.0,Non-Congested,Non-Congested,0
cluster_2461880136_4910664147_50607912_8131882097,0,9,0,0,r,G,1.0,Non-Congested,Non-Congested,0
132200274,0,5,0,5,r,G,0.0,Non-Congested,Congested,2
47217361,3,1,1,0,r,y,1.0,Non-Congested,Non-Congested,0
cluster_1420096799_47154676,1,0,0,0,r,y,0.0,Non-Congested,Non-Congested,0
cluster_181310323_5380872437,1,0,0,0,G,r,6.0,Non-Congested,Non-Congested,0
cluster_2461783448_38980632_5243070374,9,10,6,10,r,y,4.0,Congested,Non-Congested,1
cluster_2461880040_2461880142_8131892137,3,3,0,0,r,y,1.0,Non-Congested,Non-Congested,0
cluster_2461880136_4910664147_50607912_8131882097,0,10,0,0,r,G,0.0,Non-Congested,Non-Congested,0
132200274,0,5,0,5,r,G,1.0,Non-Congested,Congested,2
47217361,3,1,2,0,r,y,0.0,Non-Congested,Non-Congested,0
cluster_1420096799_47154676,1,0,0,0,G,r,6.0,Non-Congested,Non-Congested,0
cluster_181310323_5380872437,1,0,0,0,G,r,5.0,Non-Congested,Non-Congested,0
cluster_2455590523_389713_47212064,0,1,0,0,r,r,0.0,Non-Congested,Non-Congested,0
cluster_2461783448_38980632_5243070374,9,10,5,10,r,y,3.0,Congested,Non-Congested,1
cluster_2461880040_2461880142_8131892137,3,3,0,0,r,y,0.0,Non-Congested,Non-Congested,0
cluster_2461880136_4910664147_50607912_8131882097,0,10,0,0,r,G,1.0,Non-Congested,Non-Congested,0
132200274,0,5,0,5,r,G,0.0,Non-Congested,Congested,2
47217361,3,0,1,0,G,r,4.0,Non-Congested,Non-Congested,0
cluster_181310323_5380872437,1,0,0,0,G,r,4.0,Non-Congested,Non-Congested,0
cluster_2455590523_389713_47212064,0,2,0,0,r,r,1.0,Non-Congested,Non-Congested,0
cluster_2461783448_38980632_5243070374,9,10,5,10,r,y,2.0,Congested,Non-Congested,1
cluster_2461880040_2461880142_8131892137,3,3,0,0,r,r,4.0,Non-Congested,Non-Congested,0
cluster_2461880136_4910664147_50607912_8131882097,0,9,0,0,r,G,0.0,Non-Congested,Non-Congested,0
132200274,0,5,0,5,r,G,1.0,Non-Congested,Congested,2
47217361,2,0,2,0,G,r,3.0,Non-Congested,Non-Congested,0
cluster_181310323_5380872437,2,0,0,0,G,r,3.0,Non-Congested,Non-Congested,0
cluster_2455590523_389713_47212064,0,2,0,0,r,r,0.0,Non-Congested,Non-Congested,0
cluster_2461783448_38980632_5243070374,8,10,5,10,r,y,1.0,Congested,Non-Congested,1
cluster_2461880040_2461880142_8131892137,2,2,0,0,r,r,3.0,Non-Congested,Congested,1
cluster_2461880136_4910664147_50607912_8131882097,0,10,0,0,r,G,1.0,Non-Congested,Non-Congested,0
132200274,0,5,0,5,r,G,0.0,Non-Congested,Congested,2
47217361,2,0,2,0,G,r,2.0,Non-Congested,Non-Congested,0
cluster_181310323_5380872437,2,0,0,0,G,r,2.0,Non-Congested,Non-Congested,0
cluster_2455590523_389713_47212064,0,1,0,0,r,r,0.0,Non-Congested,Congested,1
cluster_2461783448_38980632_5243070374,8,10,5,10,r,y,0.0,Congested,Non-Congested,1
cluster_2461880040_2461880142_8131892137,2,2,0,0,r,r,2.0,Non-Congested,Congested,1
cluster_2461880136_4910664147_50607912_8131882097,0,10,0,0,r,G,0.0,Non-Congested,Non-Congested,0
132200274,0,5,0,5,r,y,2.0,Non-Congested,Congested,1
47217361,2,0,2,0,G,r,1.0,Non-Congested,Non-Congested,0
cluster_181310323_5380872437,2,0,0,0,G,r,1.0,Non-Congested,Non-Congested,0
cluster_2455590523_389713_47212064,0,2,0,1,r,r,3.0,Non-Congested,Congested,1
cluster_2461783448_38980632_5243070374,7,10,4,10,G,r,4.0,Congested,Non-Congested,4
cluster_2461880040_2461880142_8131892137,1,2,0,1,r,r,1.0,Non-Congested,Congested,1
cluster_2461880136_4910664147_50607912_8131882097,0,9,0,0,r,y,2.0,Non-Congested,Non-Congested,0
132200274,0,5,0,5,r,y,1.0,Non-Congested,Congested,1
47217361,1,1,1,0,G,r,0.0,Non-Congested,Non-Congested,0
cluster_181310323_5380872437,2,0,0,0,G,r,0.0,Non-Congested,Non-Congested,0
cluster_2455590523_389713_47212064,0,2,0,1,r,r,2.0,Non-Congested,Congested,1
cluster_2461783448_38980632_5243070374,6,11,3,10,G,r,3.0,Congested,Non-Congested,4
cluster_2461880040_2461880142_8131892137,1,2,0,1,r,r,0.0,Non-Congested,Congested,1
cluster_2461880136_4910664147_50607912_8131882097,0,10,0,0,r,y,1.0,Non-Congested,Non-Congested,0
132200274,0,5,0,5,r,y,0.0,Non-Congested,Congested,1
47217361,2,1,0,0,y,r,2.0,Non-Congested,Non-Congested,0
cluster_1420096799_47154676,0,1,0,0,G,r,0.0,Non-Congested,Non-Congested,0
cluster_181310323_5380872437,2,0,0,0,y,r,3.0,Non-Congested,Non-Congested,0
cluster_2455590523_389713_47212064,0,3,0,2,r,r,1.0,Non-Congested,Non-Congested,0
cluster_2461783448_38980632_5243070374,7,11,3,10,G,r,2.0,Congested,Congested,5
cluster_2461880040_2461880142_8131892137,1,2,0,1,r,r,1.0,Non-Congested,Congested,1
cluster_2461880136_4910664147_50607912_8131882097,0,10,0,0,r,y,0.0,Non-Congested,Non-Congested,0
132200274,0,5,0,5,G,r,4.0,Non-Congested,Congested,1
47217361,2,1,0,0,y,r,1.0,Non-Congested,Non-Congested,0
cluster_1420096799_47154676,0,1,0,0,y,r,3.0,Non-Congested,Non-Congested,0
cluster_181310323_5380872437,2,0,0,0,y,r,2.0,Non-Congested,Non-Congested,0
cluster_2455590523_389713_47212064,0,3,0,2,r,r,0.0,Non-Congested,Non-Congested,0
cluster_2461783448_38980632_5243070374,7,11,3,10,G,r,1.0,Congested,Congested,5
cluster_2461880040_2461880142_8131892137,1,2,0,2,r,r,0.0,Non-Congested,Congested,1
cluster_2461880136_4910664147_50607912_8131882097,0,9,0,0,r,r,0.0,Non-Congested,Non-Congested,0
132200274,0,5,0,5,G,r,3.0,Non-Congested,Congested,1
47217361,2,1,0,0,y,r,0.0,Non-Congested,Non-Congested,0
cluster_1420096799_47154676,0,1,0,0,y,r,2.0,Non-Congested,Non-Congested,0
cluster_181310323_5380872437,1,0,0,0,y,r,1.0,Non-Congested,Non-Congested,0
cluster_2455590523_389713_47212064,0,3,0,1,r,G,4.0,Non-Congested,Non-Congested,0
cluster_2461783448_38980632_5243070374,5,11,3,10,G,r,0.0,Congested,Congested,5
cluster_2461880040_2461880142_8131892137,1,2,0,2,r,r,1.0,Non-Congested,Congested,1
cluster_2461880136_4910664147_50607912_8131882097,0,10,0,0,G,r,4.0,Non-Congested,Non-Congested,0
132200274,0,5,0,5,G,r,2.0,Non-Congested,Congested,1
47217361,1,2,0,0,r,r,4.0,Non-Congested,Non-Congested,0
cluster_1420096799_47154676,0,1,0,0,y,r,1.0,Non-Congested,Non-Congested,0
cluster_181310323_5380872437,1,0,0,0,y,r,0.0,Non-Congested,Non-Congested,0
cluster_2455590523_389713_47212064,0,2,0,0,r,G,3.0,Non-Congested,Non-Congested,0
cluster_2461783448_38980632_5243070374,5,11,3,10,G,r,4.0,Congested,Congested,5
cluster_2461880040_2461880142_8131892137,1,2,0,2,r,r,0.0,Non-Congested,Congested,1
cluster_2461880136_4910664147_50607912_8131882097,0,9,0,1,G,r,3.0,Non-Congested,Non-Congested,0
132200274,0,5,0,5,G,r,1.0,Non-Congested,Congested,1
47217361,1,2,0,0,r,r,3.0,Non-Congested,Non-Congested,0
cluster_1420096799_47154676,0,1,0,1,y,r,0.0,Non-Congested,Non-Congested,0
cluster_181310323_5380872437,1,0,0,0,r,G,4.0,Non-Congested,Non-Congested,0
cluster_2455590523_389713_47212064,0,2,0,0,r,G,2.0,Non-Congested,Non-Congested,0
cluster_2461783448_38980632_5243070374,6,11,3,11,G,r,3.0,Congested,Congested,5
cluster_2461880040_2461880142_8131892137,1,2,1,2,r,r,1.0,Non-Congested,Congested,1
cluster_2461880136_4910664147_50607912_8131882097,0,10,0,2,G,r,2.0,Non-Congested,Non-Congested,0
132200274,0,5,0,5,G,r,0.0,Non-Congested,Congested,1
47217361,1,2,1,0,r,r,2.0,Non-Congested,Non-Congested,0
cluster_1420096799_47154676,0,1,0,1,r,r,6.0,Non-Congested,Non-Congested,0
cluster_181310323_5380872437,1,0,0,0,r,G,3.0,Non-Congested,Non-Congested,0
cluster_2455590523_389713_47212064,0,2,0,0,r,G,1.0,Non-Congested,Non-Congested,0
cluster_2461783448_38980632_5243070374,5,11,3,11,G,r,2.0,Congested,Congested,5
cluster_2461880040_2461880142_8131892137,1,2,1,2,r,r,0.0,Non-Congested,Congested,1
cluster_2461880136_4910664147_50607912_8131882097,0,9,0,2,G,r,1.0,Non-Congested,Non-Congested,0
132200274,0,5,0,5,y,r,2.0,Non-Congested,Congested,1
47217361,1,2,1,0,r,r,1.0,Non-Congested,Non-Congested,0
cluster_1420096799_47154676,0,1,0,1,r,r,5.0,Non-Congested,Non-Congested,0
cluster_181310323_5380872437,1,0,0,0,r,G,2.0,Non-Congested,Non-Congested,0
cluster_2455590523_389713_47212064,0,1,0,0,r,G,0.0,Non-Congested,Congested,2
cluster_2461783448_38980632_5243070374,5,11,3,11,G,r,1.0,Congested,Congested,5
cluster_2461880040_2461880142_8131892137,1,2,1,2,r,r,1.0,Non-Congested,Congested,1
cluster_2461880136_4910664147_50607912_8131882097,0,9,0,3,G,r,0.0,Non-Congested,Non-Congested,0
132200274,0,5,0,5,y,r,1.0,Non-Congested,Congested,1
47217361,1,1,1,0,r,r,0.0,Non-Congested,Non-Congested,0
cluster_1420096799_47154676,0,1,0,1,r,r,4.0,Non-Congested,Non-Congested,0
cluster_181310323_5380872437,1,0,0,0,r,G,1.0,Non-Congested,Non-Congested,0
cluster_2455590523_389713_47212064,0,2,0,0,r,y,3.0,Non-Congested,Non-Congested,0
cluster_2461783448_38980632_5243070374,5,11,3,11,G,r,0.0,Congested,Congested,5
cluster_2461880040_2461880142_8131892137,1,2,1,2,r,r,0.0,Non-Congested,Congested,1
cluster_2461880136_4910664147_50607912_8131882097,0,9,0,3,y,r,2.0,Non-Congested,Non-Congested,0
132200274,0,5,0,5,y,r,0.0,Non-Congested,Congested,1
47217361,1,2,1,0,r,r,1.0,Non-Congested,Non-Congested,0
cluster_1420096799_47154676,0,1,0,1,r,r,3.0,Non-Congested,Non-Congested,0
cluster_181310323_5380872437,1,0,0,0,r,G,0.0,Non-Congested,Non-Congested,0
cluster_2455590523_389713_47212064,0,2,0,0,r,y,2.0,Non-Congested,Non-Congested,0
cluster_2461783448_38980632_5243070374,4,11,3,11,G,r,9.0,Congested,Congested,5
cluster_2461880040_2461880142_8131892137,1,2,1,2,r,r,1.0,Non-Congested,Congested,1
cluster_2461880136_4910664147_50607912_8131882097,0,8,0,4,y,r,1.0,Non-Congested,Non-Congested,0
132200274,0,5,0,5,r,G,4.0,Non-Congested,Congested,2
47217361,1,2,1,0,r,r,0.0,Non-Congested,Non-Congested,0
cluster_1420096799_47154676,0,1,0,1,r,r,2.0,Non-Congested,Non-Congested,0
cluster_181310323_5380872437,1,0,0,0,r,y,3.0,Non-Congested,Non-Congested,0
cluster_2455590523_389713_47212064,0,1,0,0,r,y,1.0,Non-Congested,Non-Congested,0
cluster_2461783448_38980632_5243070374,4,11,3,11,G,r,8.0,Congested,Congested,5
cluster_2461880040_2461880142_8131892137,1,2,1,2,r,r,0.0,Non-Congested,Congested,1
cluster_2461880136_4910664147_50607912_8131882097,0,9,0,5,y,r,0.0,Non-Congested,Non-Congested,0
132200274,0,5,0,5,r,G,3.0,Non-Congested,Congested,2
47217361,1,2,1,0,r,r,0.0,Non-Congested,Non-Congested,0
cluster_1420096799_47154676,0,1,0,1,r,r,1.0,Non-Congested,Non-Congested,0
cluster_181310323_5380872437,1,0,0,0,r,y,2.0,Non-Congested,Non-Congested,0
cluster_2455590523_389713_47212064,0,1,0,0,r,y,0.0,Non-Congested,Non-Congested,0
cluster_2461783448_38980632_5243070374,3,11,3,11,G,r,7.0,Congested,Congested,5
cluster_2461880040_2461880142_8131892137,1,2,1,2,r,r,1.0,Non-Congested,Congested,1
cluster_2461880136_4910664147_50607912_8131882097,0,8,0,4,r,G,4.0,Non-Congested,Non-Congested,0
132200274,0,5,0,5,r,G,2.0,Non-Congested,Congested,2
47217361,1,3,1,0,r,r,0.0,Non-Congested,Non-Congested,0
cluster_1420096799_47154676,0,1,0,1,r,r,0.0,Non-Congested,Non-Congested,0
cluster_181310323_5380872437,1,0,0,0,r,y,1.0,Non-Congested,Non-Congested,0
cluster_2455590523_389713_47212064,0,1,0,0,G,r,4.0,Non-Congested,Non-Congested,0
cluster_2461783448_38980632_5243070374,3,11,3,11,G,r,6.0,Congested,Congested,5
cluster_2461880040_2461880142_8131892137,1,2,1,2,r,r,0.0,Non-Congested,Congested,1
cluster_2461880136_4910664147_50607912_8131882097,0,8,0,5,r,G,3.0,Non-Congested,Congested,2
132200274,0,5,0,5,r,G,1.0,Non-Congested,Congested,2
47217361,1,3,1,0,r,r,2.0,Non-Congested,Non-Congested,0
cluster_1420096799_47154676,0,1,0,1,r,r,3.0,Non-Congested,Non-Congested,0
cluster_181310323_5380872437,1,0,0,0,r,y,0.0,Non-Congested,Non-Congested,0
cluster_2455590523_389713_47212064,0,2,0,1,G,r,3.0,Non-Congested,Non-Congested,0
cluster_2461783448_38980632_5243070374,3,11,3,11,G,r,5.0,Congested,Congested,5
cluster_2461880040_2461880142_8131892137,1,2,1,2,r,r,1.0,Non-Congested,Congested,1
cluster_2461880136_4910664147_50607912_8131882097,0,8,0,4,r,G,2.0,Non-Congested,Non-Congested,0
132200274,0,5,0,5,r,G,0.0,Non-Congested,Congested,2
47217361,1,3,1,0,r,r,1.0,Non-Congested,Non-Congested,0
cluster_1420096799_47154676,0,1,0,1,r,r,2.0,Non-Congested,Non-Congested,0
cluster_2455590523_389713_47212064,0,2,0,1,G,r,2.0,Non-Congested,Non-Congested,0
cluster_2461783448_38980632_5243070374,3,11,3,11,G,r,4.0,Congested,Congested,5
cluster_2461880040_2461880142_8131892137,1,2,1,2,r,r,0.0,Non-Congested,Congested,1
cluster_2461880136_4910664147_50607912_8131882097,0,8,0,4,r,G,1.0,Non-Congested,Non-Congested,0
132200274,0,5,0,5,r,y,2.0,Non-Congested,Congested,1
47217361,1,4,1,0,r,r,0.0,Non-Congested,Non-Congested,0
cluster_1420096799_47154676,0,1,0,1,r,r,1.0,Non-Congested,Non-Congested,0
cluster_2455590523_389713_47212064,0,1,0,1,G,r,1.0,Non-Congested,Non-Congested,0
cluster_2461783448_38980632_5243070374,3,11,3,11,G,r,3.0,Congested,Congested,5
cluster_2461880040_2461880142_8131892137,1,2,1,2,r,r,1.0,Non-Congested,Congested,1
cluster_2461880136_4910664147_50607912_8131882097,0,9,0,3,r,G,0.0,Non-Congested,Non-Congested,0
132200274,0,5,0,5,r,y,1.0,Non-Congested,Congested,1
47217361,1,4,1,0,r,G,4.0,Non-Congested,Non-Congested,0
cluster_1420096799_47154676,0,1,0,1,r,r,0.0,Non-Congested,Non-Congested,0
cluster_2455590523_389713_47212064,0,1,0,1,G,r,0.0,Non-Congested,Non-Congested,0
cluster_2461783448_38980632_5243070374,3,11,3,11,G,r,2.0,Congested,Congested,5
cluster_2461880040_2461880142_8131892137,1,2,1,2,r,r,0.0,Non-Congested,Congested,1
cluster_2461880136_4910664147_50607912_8131882097,0,8,0,2,r,G,1.0,Non-Congested,Congested,2
132200274,0,5,0,5,r,y,0.0,Non-Congested,Congested,1
47217361,1,3,1,0,r,G,3.0,Non-Congested,Non-Congested,0
cluster_1420096799_47154676,0,1,0,0,r,G,6.0,Non-Congested,Non-Congested,0
cluster_181310323_5380872437,0,1,0,0,G,r,3.0,Non-Congested,Non-Congested,0
cluster_2455590523_389713_47212064,0,1,0,1,y,r,3.0,Non-Congested,Non-Congested,0
cluster_2461783448_38980632_5243070374,3,11,3,11,G,r,1.0,Congested,Congested,5
cluster_2461880040_2461880142_8131892137,1,2,1,2,r,r,1.0,Non-Congested,Congested,1
cluster_2461880136_4910664147_50607912_8131882097,0,8,0,3,r,G,0.0,Non-Congested,Non-Congested,0
132200274,0,5,0,5,G,r,4.0,Non-Congested,Congested,1
47217361,1,2,1,0,r,G,2.0,Non-Congested,Non-Congested,0
cluster_181310323_5380872437,0,1,0,0,G,r,2.0,Non-Congested,Non-Congested,0
cluster_2455590523_389713_47212064,0,1,0,1,y,r,2.0,Non-Congested,Non-Congested,0
cluster_2461783448_38980632_5243070374,3,11,3,11,G,r,0.0,Congested,Congested,5
cluster_2461880040_2461880142_8131892137,1,2,1,2,r,r,0.0,Non-Congested,Congested,1
cluster_2461880136_4910664147_50607912_8131882097,0,9,0,1,r,G,1.0,Non-Congested,Non-Congested,0
132200274,0,5,0,5,G,r,3.0,Non-Congested,Congested,1
47217361,1,1,1,0,r,G,1.0,Non-Congested,Non-Congested,0
cluster_181310323_5380872437,0,1,0,0,G,r,1.0,Non-Congested,Non-Congested,0
cluster_2455590523_389713_47212064,0,1,0,1,y,r,1.0,Non-Congested,Non-Congested,0
cluster_2461783448_38980632_5243070374,3,11,3,11,y,r,4.0,Congested,Congested,5
cluster_2461880040_2461880142_8131892137,1,2,1,2,r,r,1.0,Non-Congested,Congested,1
cluster_2461880136_4910664147_50607912_8131882097,0,8,0,1,r,G,0.0,Non-Congested,Non-Congested,0
132200274,0,5,0,5,G,r,2.0,Non-Congested,Congested,1
47217361,1,2,1,0,r,G,0.0,Non-Congested,Non-Congested,0
cluster_2455590523_389713_47212064,0,1,0,1,y,r,0.0,Non-Congested,Non-Congested,0
cluster_2461783448_38980632_5243070374,3,11,3,11,y,r,3.0,Congested,Congested,5
cluster_2461880040_2461880142_8131892137,1,2,1,2,r,r,0.0,Non-Congested,Congested,1
cluster_2461880136_4910664147_50607912_8131882097,0,8,0,1,r,G,1.0,Non-Congested,Non-Congested,0
132200274,0,5,0,5,G,r,1.0,Non-Congested,Congested,1
47217361,1,1,1,0,r,G,0.0,Non-Congested,Non-Congested,0
cluster_2455590523_389713_47212064,0,1,0,0,r,r,6.0,Non-Congested,Congested,1
cluster_2461783448_38980632_5243070374,3,11,3,11,y,r,2.0,Congested,Congested,5
cluster_2461880040_2461880142_8131892137,1,2,1,2,r,r,1.0,Non-Congested,Congested,1
cluster_2461880136_4910664147_50607912_8131882097,0,9,0,0,r,G,0.0,Non-Congested,Non-Congested,0
132200274,0,5,0,5,G,r,0.0,Non-Congested,Congested,1
47217361,1,1,1,0,r,y,2.0,Non-Congested,Non-Congested,0
cluster_2461783448_38980632_5243070374,3,11,3,11,y,r,1.0,Congested,Congested,5
cluster_2461880040_2461880142_8131892137,1,2,1,2,r,r,0.0,Non-Congested,Congested,1
cluster_2461880136_4910664147_50607912_8131882097,0,9,0,0,r,G,1.0,Non-Congested,Non-Congested,0
132200274,0,5,0,5,y,r,2.0,Non-Congested,Congested,1
47217361,1,1,1,0,r,y,1.0,Non-Congested,Non-Congested,0
cluster_2455590523_389713_47212064,0,1,0,0,r,r,4.0,Non-Congested,Non-Congested,0
cluster_2461783448_38980632_5243070374,3,11,3,11,y,r,0.0,Congested,Congested,5
cluster_2461880040_2461880142_8131892137,1,2,1,2,r,r,1.0,Non-Congested,Congested,1
cluster_2461880136_4910664147_50607912_8131882097,0,8,0,0,r,G,0.0,Non-Congested,Non-Congested,0
132200274,0,5,0,5,y,r,1.0,Non-Congested,Congested,1
47217361,1,1,1,0,r,y,0.0,Non-Congested,Non-Congested,0
cluster_1420096799_47154676,1,0,0,0,r,y,3.0,Non-Congested,Non-Congested,0
cluster_2461783448_38980632_5243070374,3,10,2,10,r,G,4.0,Congested,Non-Congested,4
cluster_2461880040_2461880142_8131892137,1,2,1,2,r,r,0.0,Non-Congested,Congested,1
cluster_2461880136_4910664147_50607912_8131882097,0,9,0,0,r,G,1.0,Non-Congested,Non-Congested,0
132200274,0,5,0,5,y,r,0.0,Non-Congested,Congested,1
47217361,1,0,0,0,G,r,4.0,Non-Congested,Non-Congested,0
cluster_1420096799_47154676,1,0,0,0,r,y,2.0,Non-Congested,Non-Congested,0
cluster_2461783448_38980632_5243070374,2,10,1,9,r,G,3.0,Congested,Non-Congested,4
cluster_2461880040_2461880142_8131892137,1,2,1,2,r,r,1.0,Non-Congested,Congested,1
cluster_2461880136_4910664147_50607912_8131882097,0,8,0,0,r,G,0.0,Non-Congested,Non-Congested,0
132200274,0,5,0,5,r,G,4.0,Non-Congested,Congested,2
cluster_1420096799_47154676,1,0,0,0,r,y,1.0,Non-Congested,Non-Congested,0
cluster_2455590523_389713_47212064,0,1,0,0,r,r,1.0,Non-Congested,Non-Congested,0
cluster_2461783448_38980632_5243070374,2,10,0,8,r,G,2.0,Non-Congested,Non-Congested,4
cluster_2461880040_2461880142_8131892137,1,2,1,2,r,r,0.0,Non-Congested,Congested,1
cluster_2461880136_4910664147_50607912_8131882097,0,9,0,0,r,G,0.0,Non-Congested,Non-Congested,0
132200274,0,5,0,5,r,G,3.0,Non-Congested,Congested,2
cluster_1420096799_47154676,1,0,0,0,r,y,0.0,Non-Congested,Non-Congested,0
cluster_2455590523_389713_47212064,0,1,0,0,r,r,0.0,Non-Congested,Non-Congested,0
cluster_2461783448_38980632_5243070374,2,10,0,7,r,G,1.0,Non-Congested,Non-Congested,4
cluster_2461880040_2461880142_8131892137,1,2,1,2,r,r,1.0,Non-Congested,Congested,1
cluster_2461880136_4910664147_50607912_8131882097,0,9,0,0,r,G,1.0,Non-Congested,Non-Congested,0
132200274,0,5,0,5,r,G,2.0,Non-Congested,Congested,2
cluster_1420096799_47154676,1,0,0,0,G,r,6.0,Non-Congested,Non-Congested,0
cluster_2455590523_389713_47212064,0,1,0,0,r,r,0.0,Non-Congested,Non-Congested,0
cluster_2461783448_38980632_5243070374,2,10,0,6,r,G,0.0,Non-Congested,Non-Congested,4
cluster_2461880040_2461880142_8131892137,1,2,1,2,r,r,0.0,Non-Congested,Congested,1
cluster_2461880136_4910664147_50607912_8131882097,0,8,0,0,r,G,0.0,Non-Congested,Non-Congested,0
132200274,0,5,0,5,r,G,1.0,Non-Congested,Congested,2
cluster_1420096799_47154676,1,0,0,0,G,r,5.0,Non-Congested,Non-Congested,0
cluster_2461783448_38980632_5243070374,2,10,0,6,r,y,4.0,Non-Congested,Non-Congested,4
cluster_2461880040_2461880142_8131892137,1,2,1,2,r,r,1.0,Non-Congested,Congested,1
cluster_2461880136_4910664147_50607912_8131882097,0,9,0,0,r,G,1.0,Non-Congested,Non-Congested,0
132200274,0,5,0,5,r,G,0.0,Non-Congested,Congested,2
cluster_2455590523_389713_47212064,0,2,0,0,r,r,2.0,Non-Congested,Non-Congested,0
cluster_2461783448_38980632_5243070374,2,10,1,5,r,y,3.0,Non-Congested,Non-Congested,0
cluster_2461880040_2461880142_8131892137,1,2,1,2,r,r,0.0,Non-Congested,Congested,1
cluster_2461880136_4910664147_50607912_8131882097,0,8,0,0,r,G,0.0,Non-Congested,Non-Congested,0
132200274,0,5,0,5,r,y,2.0,Non-Congested,Congested,1
47217361,1,0,0,0,y,r,1.0,Non-Congested,Non-Congested,0
cluster_2455590523_389713_47212064,1,2,0,0,r,r,1.0,Non-Congested,Congested,1
cluster_2461783448_38980632_5243070374,3,10,1,4,r,y,2.0,Non-Congested,Non-Congested,0
cluster_2461880040_2461880142_8131892137,1,2,1,2,r,r,4.0,Non-Congested,Congested,1
cluster_2461880136_4910664147_50607912_8131882097,0,8,0,0,r,G,1.0,Non-Congested,Non-Congested,0
132200274,0,5,0,5,r,y,1.0,Non-Congested,Congested,1
47217361,1,0,0,0,y,r,0.0,Non-Congested,Non-Congested,0
cluster_2455590523_389713_47212064,0,1,0,0,r,r,0.0,Non-Congested,Congested,1
cluster_2461783448_38980632_5243070374,3,10,1,2,r,y,1.0,Non-Congested,Non-Congested,0
cluster_2461880040_2461880142_8131892137,1,2,1,2,r,r,3.0,Non-Congested,Congested,1
cluster_2461880136_4910664147_50607912_8131882097,0,8,0,0,r,G,0.0,Non-Congested,Non-Congested,0
132200274,0,5,0,5,r,y,0.0,Non-Congested,Congested,1
47217361,1,0,0,0,r,r,4.0,Non-Congested,Non-Congested,0
cluster_2461783448_38980632_5243070374,4,10,2,4,r,y,0.0,Non-Congested,Non-Congested,0
cluster_2461880040_2461880142_8131892137,1,2,1,2,r,r,2.0,Non-Congested,Congested,1
cluster_2461880136_4910664147_50607912_8131882097,0,6,0,0,r,G,0.0,Non-Congested,Non-Congested,0
132200274,0,5,0,5,G,r,4.0,Non-Congested,Congested,1
47217361,1,0,0,0,r,r,3.0,Non-Congested,Non-Congested,0
cluster_2461783448_38980632_5243070374,5,10,2,2,G,r,4.0,Congested,Non-Congested,2
cluster_2461880040_2461880142_8131892137,1,2,1,2,r,r,1.0,Non-Congested,Congested,1
cluster_2461880136_4910664147_50607912_8131882097,0,6,0,0,r,G,1.0,Non-Congested,Non-Congested,0
cluster_59665162_8742497506,1,0,0,0,G,r,2.0,Congested,Non-Congested,2
132200274,0,5,0,5,G,r,3.0,Non-Congested,Congested,1
47217361,1,1,0,0,r,r,2.0,Non-Congested,Non-Congested,0
cluster_2461783448_38980632_5243070374,5,10,2,3,G,r,3.0,Congested,Non-Congested,2
cluster_2461880040_2461880142_8131892137,1,2,1,2,r,r,0.0,Non-Congested,Congested,1
cluster_2461880136_4910664147_50607912_8131882097,0,6,0,0,r,G,0.0,Non-Congested,Non-Congested,0
132200274,0,5,0,5,G,r,2.0,Non-Congested,Congested,1
47217361,1,1,0,0,r,r,1.0,Non-Congested,Non-Congested,0
cluster_2455590523_389713_47212064,1,0,0,0,r,G,1.0,Non-Congested,Non-Congested,0
cluster_2461783448_38980632_5243070374,4,10,2,2,G,r,2.0,Congested,Non-Congested,2
cluster_2461880040_2461880142_8131892137,1,2,0,2,G,r,4.0,Non-Congested,Congested,1
cluster_2461880136_4910664147_50607912_8131882097,0,5,0,0,r,G,1.0,Non-Congested,Non-Congested,0
132200274,0,5,0,5,G,r,1.0,Non-Congested,Congested,1
47217361,1,1,0,0,r,r,0.0,Non-Congested,Non-Congested,0
cluster_2455590523_389713_47212064,1,0,0,0,r,G,0.0,Non-Congested,Non-Congested,0
cluster_2461783448_38980632_5243070374,3,10,3,3,G,r,1.0,Congested,Non-Congested,2
cluster_2461880040_2461880142_8131892137,0,2,0,2,G,r,3.0,Non-Congested,Congested,1
cluster_2461880136_4910664147_50607912_8131882097,0,4,0,0,r,G,0.0,Non-Congested,Non-Congested,0
132200274,0,5,0,5,G,r,0.0,Non-Congested,Congested,1
47217361,0,2,0,0,r,r,0.0,Non-Congested,Non-Congested,0
cluster_2455590523_389713_47212064,1,0,0,0,r,y,3.0,Non-Congested,Non-Congested,0
cluster_2461783448_38980632_5243070374,3,10,3,3,G,r,0.0,Congested,Non-Congested,2
cluster_2461880040_2461880142_8131892137,0,2,0,2,G,r,2.0,Non-Congested,Congested,1
cluster_2461880136_4910664147_50607912_8131882097,0,3,0,0,r,G,0.0,Non-Congested,Non-Congested,0
132200274,0,5,0,5,y,r,2.0,Non-Congested,Congested,1
47217361,0,2,0,0,r,r,2.0,Non-Congested,Non-Congested,0
cluster_2455590523_389713_47212064,1,0,0,0,r,y,2.0,Non-Congested,Non-Congested,0
cluster_2461783448_38980632_5243070374,3,10,3,4,G,r,4.0,Congested,Non-Congested,2
cluster_2461880040_2461880142_8131892137,0,2,0,2,G,r,1.0,Non-Congested,Congested,1
cluster_2461880136_4910664147_50607912_8131882097,0,3,0,0,r,G,0.0,Non-Congested,Non-Congested,0
132200274,0,5,0,5,y,r,1.0,Non-Congested,Congested,1
47217361,0,2,0,0,r,r,1.0,Non-Congested,Non-Congested,0
cluster_2455590523_389713_47212064,1,1,0,0,r,y,1.0,Non-Congested,Non-Congested,0
cluster_2461783448_38980632_5243070374,3,10,3,5,G,r,3.0,Congested,Non-Congested,2
cluster_2461880040_2461880142_8131892137,0,2,0,2,G,r,0.0,Non-Congested,Congested,1
cluster_2461880136_4910664147_50607912_8131882097,0,3,0,0,r,y,2.0,Non-Congested,Non-Congested,0
132200274,0,5,0,5,y,r,0.0,Non-Congested,Congested,1
47217361,0,2,0,0,r,r,0.0,Non-Congested,Non-Congested,0
cluster_2455590523_389713_47212064,1,1,1,0,r,y,0.0,Non-Congested,Non-Congested,0
cluster_2461783448_38980632_5243070374,3,10,3,6,G,r,2.0,Congested,Non-Congested,2
cluster_2461880040_2461880142_8131892137,0,2,0,2,y,r,4.0,Non-Congested,Congested,1
cluster_2461880136_4910664147_50607912_8131882097,0,4,0,0,r,y,1.0,Non-Congested,Non-Congested,0
132200274,0,5,0,5,r,G,4.0,Non-Congested,Congested,2
47217361,0,2,0,0,r,G,4.0,Non-Congested,Non-Congested,0
cluster_2455590523_389713_47212064,0,1,0,0,G,r,4.0,Non-Congested,Non-Congested,0
cluster_2461783448_38980632_5243070374,3,10,3,6,G,r,1.0,Congested,Non-Congested,2
cluster_2461880040_2461880142_8131892137,0,2,0,2,y,r,3.0,Non-Congested,Congested,1
cluster_2461880136_4910664147_50607912_8131882097,0,3,0,0,r,y,0.0,Non-Congested,Non-Congested,0
132200274,0,5,0,5,r,G,3.0,Non-Congested,Congested,2
47217361,0,2,0,0,r,G,3.0,Non-Congested,Non-Congested,0
cluster_2461783448_38980632_5243070374,3,10,3,7,G,r,0.0,Congested,Non-Congested,2
cluster_2461880040_2461880142_8131892137,1,2,0,2,y,r,2.0,Non-Congested,Congested,1
cluster_2461880136_4910664147_50607912_8131882097,0,3,0,0,r,r,0.0,Non-Congested,Non-Congested,0
132200274,0,5,0,5,r,G,2.0,Non-Congested,Congested,2
47217361,0,2,0,0,r,G,2.0,Non-Congested,Non-Congested,0
cluster_2461783448_38980632_5243070374,3,10,3,8,G,r,9.0,Congested,Non-Congested,2
cluster_2461880040_2461880142_8131892137,0,2,0,2,y,r,1.0,Non-Congested,Congested,1
cluster_2461880136_4910664147_50607912_8131882097,0,3,0,0,G,r,4.0,Non-Congested,Non-Congested,0
cluster_59665162_8742497506,1,0,0,0,r,G,0.0,Non-Congested,Non-Congested,0
132200274,0,5,0,5,r,G,1.0,Non-Congested,Congested,2
47217361,0,3,0,0,r,G,1.0,Non-Congested,Non-Congested,0
cluster_2461783448_38980632_5243070374,3,10,3,8,G,r,8.0,Congested,Non-Congested,2
cluster_2461880040_2461880142_8131892137,0,2,0,2,y,r,0.0,Non-Congested,Congested,1
cluster_2461880136_4910664147_50607912_8131882097,0,3,0,0,G,r,3.0,Non-Congested,Non-Congested,0
cluster_59665162_8742497506,1,0,0,0,r,y,2.0,Non-Congested,Non-Congested,0
132200274,0,5,0,5,r,G,0.0,Non-Congested,Congested,2
47217361,0,2,0,0,r,G,0.0,Non-Congested,Non-Congested,0
cluster_2461783448_38980632_5243070374,3,10,3,9,G,r,7.0,Congested,Non-Congested,4
cluster_2461880040_2461880142_8131892137,0,2,0,1,r,G,9.0,Non-Congested,Congested,2
cluster_2461880136_4910664147_50607912_8131882097,0,3,0,0,G,r,2.0,Non-Congested,Non-Congested,0
cluster_59665162_8742497506,1,0,1,0,r,y,1.0,Non-Congested,Non-Congested,0
132200274,0,5,0,5,r,y,2.0,Non-Congested,Congested,1
47217361,0,2,0,0,r,y,2.0,Non-Congested,Non-Congested,0
cluster_2455590523_389713_47212064,1,0,0,0,y,r,3.0,Non-Congested,Non-Congested,0
cluster_2461783448_38980632_5243070374,3,10,3,9,G,r,6.0,Congested,Non-Congested,4
cluster_2461880040_2461880142_8131892137,0,1,0,0,r,G,8.0,Non-Congested,Congested,2
cluster_2461880136_4910664147_50607912_8131882097,0,3,0,0,G,r,1.0,Non-Congested,Non-Congested,0
cluster_59665162_8742497506,1,0,1,0,r,y,0.0,Non-Congested,Non-Congested,0
132200274,0,5,0,5,r,y,1.0,Non-Congested,Congested,1
47217361,0,2,0,0,r,y,1.0,Non-Congested,Non-Congested,0
cluster_2461783448_38980632_5243070374,3,10,3,10,G,r,5.0,Congested,Non-Congested,4
cluster_2461880040_2461880142_8131892137,0,1,0,0,r,G,7.0,Non-Congested,Congested,2
cluster_2461880136_4910664147_50607912_8131882097,0,2,0,0,G,r,0.0,Non-Congested,Non-Congested,0
132200274,0,5,0,5,r,y,0.0,Non-Congested,Congested,1
47217361,0,2,0,0,r,y,0.0,Non-Congested,Non-Congested,0
cluster_2461783448_38980632_5243070374,3,10,3,10,G,r,4.0,Congested,Non-Congested,4
cluster_2461880040_2461880142_8131892137,0,1,0,0,r,G,6.0,Non-Congested,Non-Congested,0
cluster_2461880136_4910664147_50607912_8131882097,0,2,0,0,y,r,2.0,Non-Congested,Non-Congested,0
132200274,0,5,0,5,G,r,4.0,Non-Congested,Congested,1
47217361,0,2,0,0,G,r,4.0,Non-Congested,Non-Congested,0
cluster_2461783448_38980632_5243070374,3,10,3,10,G,r,3.0,Congested,Non-Congested,4
cluster_2461880040_2461880142_8131892137,0,1,0,0,r,G,5.0,Non-Congested,Non-Congested,0
cluster_2461880136_4910664147_50607912_8131882097,0,1,0,0,y,r,1.0,Non-Congested,Non-Congested,0
132200274,0,5,0,5,G,r,3.0,Non-Congested,Congested,1
47217361,0,2,0,0,G,r,3.0,Non-Congested,Non-Congested,0
cluster_2461783448_38980632_5243070374,3,10,3,10,G,r,2.0,Congested,Non-Congested,4
cluster_2461880040_2461880142_8131892137,0,1,0,0,r,G,4.0,Non-Congested,Non-Congested,0
cluster_2461880136_4910664147_50607912_8131882097,0,1,0,0,y,r,0.0,Non-Congested,Non-Congested,0
132200274,0,5,0,5,G,r,2.0,Non-Congested,Congested,1
47217361,0,2,0,0,G,r,2.0,Non-Congested,Non-Congested,0
cluster_2461783448_38980632_5243070374,3,10,3,10,G,r,1.0,Congested,Non-Congested,4
cluster_2461880136_4910664147_50607912_8131882097,0,1,0,0,r,G,4.0,Non-Congested,Non-Congested,0
132200274,0,5,0,5,G,r,1.0,Non-Congested,Congested,1
47217361,0,2,0,0,G,r,1.0,Non-Congested,Non-Congested,0
cluster_1420096799_47154676,0,1,0,0,r,G,3.0,Non-Congested,Non-Congested,0
cluster_2461783448_38980632_5243070374,3,10,3,10,G,r,0.0,Congested,Non-Congested,4
cluster_2461880040_2461880142_8131892137,1,1,0,0,r,G,2.0,Non-Congested,Non-Congested,0
132200274,0,5,0,5,G,r,0.0,Non-Congested,Congested,1
47217361,0,2,0,0,G,r,0.0,Non-Congested,Non-Congested,0
cluster_2461783448_38980632_5243070374,3,10,3,10,y,r,4.0,Congested,Non-Congested,4
cluster_2461880040_2461880142_8131892137,1,1,0,0,r,G,1.0,Non-Congested,Non-Congested,0
132200274,0,5,0,5,y,r,2.0,Non-Congested,Congested,1
181747232,1,1,0,0,r,G,1.0,Non-Congested,Non-Congested,0
47217361,0,2,0,1,y,r,2.0,Non-Congested,Non-Congested,0
cluster_2461783448_38980632_5243070374,3,10,3,10,y,r,3.0,Congested,Non-Congested,4
cluster_2461880040_2461880142_8131892137,1,1,0,0,r,G,0.0,Non-Congested,Non-Congested,0
132200274,0,5,0,5,y,r,1.0,Non-Congested,Congested,1
181747232,1,1,0,0,r,G,0.0,Non-Congested,Non-Congested,0
47217361,0,2,0,1,y,r,1.0,Non-Congested,Non-Congested,0
cluster_2461783448_38980632_5243070374,3,10,3,10,y,r,2.0,Congested,Non-Congested,4
cluster_2461880040_2461880142_8131892137,2,2,0,0,r,y,4.0,Non-Congested,Non-Congested,0
132200274,0,5,0,5,y,r,0.0,Non-Congested,Congested,1
181747232,1,1,0,0,r,y,3.0,Non-Congested,Non-Congested,0
47217361,0,2,0,1,y,r,0.0,Non-Congested,Non-Congested,0
cluster_2461783448_38980632_5243070374,3,10,3,10,y,r,1.0,Congested,Non-Congested,4
cluster_2461880040_2461880142_8131892137,2,3,0,0,r,y,3.0,Non-Congested,Non-Congested,0
132200274,0,5,0,5,r,G,4.0,Non-Congested,Congested,2
181747232,1,1,0,0,r,y,2.0,Non-Congested,Non-Congested,0
47217361,0,2,0,1,r,r,4.0,Non-Congested,Non-Congested,0
cluster_1420096799_47154676,1,0,0,0,r,y,2.0,Non-Congested,Non-Congested,0
cluster_2461783448_38980632_5243070374,3,10,3,10,y,r,0.0,Congested,Non-Congested,4
cluster_2461880040_2461880142_8131892137,2,3,0,0,r,y,2.0,Non-Congested,Non-Congested,0
132200274,0,5,0,5,r,G,3.0,Non-Congested,Congested,2
181747232,1,1,0,0,r,y,1.0,Non-Congested,Non-Congested,0
47217361,0,2,0,1,r,r,3.0,Non-Congested,Non-Congested,0
cluster_1420096799_47154676,1,0,0,0,r,y,1.0,Non-Congested,Non-Congested,0
cluster_2461783448_38980632_5243070374,2,9,2,9,r,G,4.0,Congested,Non-Congested,4
cluster_2461880040_2461880142_8131892137,2,3,0,0,r,y,1.0,Non-Congested,Non-Congested,0
132200274,0,6,0,5,r,G,2.0,Non-Congested,Congested,2
181747232,1,1,0,0,r,y,0.0,Non-Congested,Non-Congested,0
47217361,0,2,0,1,r,r,2.0,Non-Congested,Non-Congested,0
cluster_1420096799_47154676,1,0,0,0,r,y,0.0,Non-Congested,Non-Congested,0
cluster_2455590523_389713_47212064,1,0,0,0,r,r,3.0,Non-Congested,Non-Congested,0
cluster_2461783448_38980632_5243070374,2,9,1,8,r,G,3.0,Non-Congested,Non-Congested,4
cluster_2461880040_2461880142_8131892137,2,4,0,1,r,y,0.0,Non-Congested,Non-Congested,0
132200274,0,6,0,5,r,G,1.0,Non-Congested,Congested,2
181747232,1,1,0,0,G,r,6.0,Non-Congested,Non-Congested,0
47217361,0,3,0,2,r,r,1.0,Non-Congested,Non-Congested,0
cluster_1420096799_47154676,1,0,0,0,G,r,6.0,Non-Congested,Non-Congested,0
cluster_2461783448_38980632_5243070374,2,9,0,7,r,G,2.0,Non-Congested,Non-Congested,4
cluster_2461880040_2461880142_8131892137,2,4,0,1,r,r,4.0,Non-Congested,Congested,1
132200274,0,6,0,5,r,G,0.0,Non-Congested,Congested,2
181747232,1,1,0,0,G,r,5.0,Non-Congested,Non-Congested,0
47217361,0,3,0,2,r,r,0.0,Non-Congested,Non-Congested,0
cluster_1420096799_47154676,1,0,0,0,G,r,5.0,Non-Congested,Non-Congested,0
cluster_2461783448_38980632_5243070374,2,9,0,6,r,G,1.0,Non-Congested,Non-Congested,4
cluster_2461880040_2461880142_8131892137,1,3,0,1,r,r,3.0,Non-Congested,Congested,1
132200274,0,5,0,5,r,G,0.0,Non-Congested,Congested,2
181747232,1,1,0,0,G,r,4.0,Non-Congested,Non-Congested,0
47217361,0,3,0,2,r,r,2.0,Non-Congested,Non-Congested,0
cluster_1420096799_47154676,1,0,0,0,G,r,4.0,Non-Congested,Non-Congested,0
cluster_2461783448_38980632_5243070374,1,9,0,6,r,G,0.0,Non-Congested,Non-Congested,4
cluster_2461880040_2461880142_8131892137,1,3,0,1,r,r,2.0,Non-Congested,Congested,1
132200274,0,6,0,5,r,G,0.0,Non-Congested,Congested,2
181747232,1,1,0,0,G,r,3.0,Non-Congested,Non-Congested,0
47217361,0,3,0,2,r,r,1.0,Non-Congested,Non-Congested,0
cluster_2461783448_38980632_5243070374,2,10,0,5,r,G,1.0,Non-Congested,Congested,2
cluster_2461880040_2461880142_8131892137,0,2,0,2,r,r,1.0,Non-Congested,Congested,1
132200274,0,5,0,5,r,y,2.0,Non-Congested,Congested,1
181747232,1,1,0,0,G,r,2.0,Non-Congested,Non-Congested,0
47217361,0,3,0,2,r,r,0.0,Non-Congested,Non-Congested,0
cluster_2461783448_38980632_5243070374,2,10,0,4,r,G,0.0,Non-Congested,Congested,2
cluster_2461880040_2461880142_8131892137,0,2,0,2,r,r,0.0,Non-Congested,Congested,1
cluster_2461880136_4910664147_50607912_8131882097,1,0,0,0,G,r,0.0,Non-Congested,Non-Congested,0
132200274,0,5,0,5,r,y,1.0,Non-Congested,Congested,1
181747232,1,1,0,0,G,r,1.0,Non-Congested,Non-Congested,0
47217361,0,2,0,1,r,G,4.0,Non-Congested,Non-Congested,0
cluster_1420096799_47154676,1,0,0,0,G,r,1.0,Non-Congested,Non-Congested,0
cluster_2461783448_38980632_5243070374,2,10,0,5,r,G,0.0,Non-Congested,Congested,2
cluster_2461880040_2461880142_8131892137,0,2,0,2,r,r,1.0,Non-Congested,Congested,1
132200274,0,5,0,5,r,y,0.0,Non-Congested,Congested,1
181747232,1,1,0,0,G,r,0.0,Non-Congested,Non-Congested,0
47217361,0,1,0,0,r,G,3.0,Non-Congested,Non-Congested,0
cluster_2461783448_38980632_5243070374,2,10,0,6,r,G,0.0,Non-Congested,Congested,6
cluster_2461880040_2461880142_8131892137,0,2,0,2,r,r,0.0,Non-Congested,Congested,1
132200274,0,5,0,5,G,r,4.0,Non-Congested,Congested,1
181747232,1,1,1,1,y,r,3.0,Non-Congested,Non-Congested,0
47217361,0,1,0,0,r,G,2.0,Non-Congested,Non-Congested,0
cluster_2461783448_38980632_5243070374,2,10,0,6,r,y,4.0,Non-Congested,Congested,5
cluster_2461880040_2461880142_8131892137,0,2,0,2,r,r,1.0,Non-Congested,Congested,1
132200274,0,5,0,5,G,r,3.0,Non-Congested,Congested,1
181747232,1,1,1,1,y,r,2.0,Non-Congested,Non-Congested,0
47217361,0,2,0,0,r,G,1.0,Non-Congested,Non-Congested,0
cluster_2461783448_38980632_5243070374,2,10,0,5,r,y,3.0,Non-Congested,Non-Congested,0
cluster_2461880040_2461880142_8131892137,0,2,0,2,r,r,0.0,Non-Congested,Congested,1
132200274,0,5,0,5,G,r,2.0,Non-Congested,Congested,1
181747232,1,1,1,1,y,r,1.0,Non-Congested,Non-Congested,0
47217361,0,1,0,0,r,G,0.0,Non-Congested,Non-Congested,0
cluster_2461783448_38980632_5243070374,2,10,0,4,r,y,2.0,Non-Congested,Non-Congested,0
cluster_2461880040_2461880142_8131892137,0,2,0,2,r,r,1.0,Non-Congested,Congested,1
132200274,0,5,0,5,G,r,1.0,Non-Congested,Congested,1
181747232,1,1,1,1,y,r,0.0,Non-Congested,Non-Congested,0
47217361,0,1,0,0,r,y,2.0,Non-Congested,Non-Congested,0
cluster_2461783448_38980632_5243070374,4,10,0,3,r,y,1.0,Non-Congested,Non-Congested,0
cluster_2461880040_2461880142_8131892137,0,2,0,2,r,r,0.0,Non-Congested,Congested,1
cluster_2461880136_4910664147_50607912_8131882097,0,1,0,0,y,r,1.0,Non-Congested,Non-Congested,0
132200274,0,5,0,5,G,r,0.0,Non-Congested,Congested,1
181747232,1,1,1,1,r,G,6.0,Non-Congested,Congested,2
47217361,1,1,0,0,r,y,1.0,Non-Congested,Non-Congested,0
cluster_1420096799_47154676,0,1,0,0,r,r,6.0,Non-Congested,Non-Congested,0
cluster_2461783448_38980632_5243070374,3,10,0,3,r,y,0.0,Non-Congested,Non-Congested,0
cluster_2461880040_2461880142_8131892137,0,2,0,2,r,r,1.0,Non-Congested,Congested,1
cluster_2461880136_4910664147_50607912_8131882097,0,1,0,0,y,r,0.0,Non-Congested,Non-Congested,0
132200274,0,5,0,5,y,r,2.0,Non-Congested,Congested,1
181747232,1,1,1,1,r,G,5.0,Non-Congested,Congested,2
47217361,1,1,0,0,r,y,0.0,Non-Congested,Non-Congested,0
cluster_1420096799_47154676,0,1,0,0,r,r,5.0,Non-Congested,Non-Congested,0
cluster_2461783448_38980632_5243070374,5,10,0,3,G,r,4.0,Non-Congested,Non-Congested,0
cluster_2461880040_2461880142_8131892137,0,2,0,2,r,r,0.0,Non-Congested,Congested,1
cluster_2461880136_4910664147_50607912_8131882097,0,1,0,0,r,G,4.0,Non-Congested,Non-Congested,0
132200274,0,5,0,5,y,r,1.0,Non-Congested,Congested,1
181747232,1,1,1,1,r,G,4.0,Non-Congested,Congested,2
47217361,2,1,0,0,G,r,4.0,Non-Congested,Non-Congested,0
cluster_1420096799_47154676,0,1,0,0,r,r,4.0,Non-Congested,Non-Congested,0
cluster_2461783448_38980632_5243070374,5,10,1,4,G,r,3.0,Non-Congested,Non-Congested,0
cluster_2461880040_2461880142_8131892137,0,2,0,2,r,r,1.0,Non-Congested,Congested,1
cluster_2461880136_4910664147_50607912_8131882097,0,1,0,0,r,G,3.0,Non-Congested,Non-Congested,0
132200274,0,5,0,5,y,r,0.0,Non-Congested,Congested,1
181747232,1,1,1,1,r,G,3.0,Non-Congested,Non-Congested,0
47217361,2,0,0,0,G,r,3.0,Non-Congested,Non-Congested,0
cluster_1420096799_47154676,0,1,0,0,r,r,3.0,Non-Congested,Non-Congested,0
cluster_2461783448_38980632_5243070374,5,10,1,4,G,r,2.0,Non-Congested,Non-Congested,0
cluster_2461880040_2461880142_8131892137,0,2,0,2,r,r,0.0,Non-Congested,Congested,1
cluster_2461880136_4910664147_50607912_8131882097,0,1,0,0,r,G,2.0,Non-Congested,Non-Congested,0
132200274,0,5,0,5,r,G,4.0,Non-Congested,Congested,2
181747232,1,1,1,1,r,G,2.0,Non-Congested,Non-Congested,0
47217361,2,0,0,0,G,r,2.0,Non-Congested,Non-Congested,0
cluster_1420096799_47154676,0,1,0,0,r,r,2.0,Non-Congested,Non-Congested,0
cluster_2461783448_38980632_5243070374,5,11,2,4,G,r,1.0,Non-Congested,Non-Congested,0
cluster_2461880040_2461880142_8131892137,0,2,0,2,r,r,1.0,Non-Congested,Congested,1
cluster_2461880136_4910664147_50607912_8131882097,0,2,0,0,r,G,1.0,Non-Congested,Non-Congested,0
132200274,0,5,0,5,r,G,3.0,Non-Congested,Congested,2
181747232,1,1,1,1,r,G,1.0,Non-Congested,Non-Congested,0
47217361,1,0,0,0,G,r,1.0,Non-Congested,Non-Congested,0
cluster_1420096799_47154676,0,1,0,0,r,r,1.0,Non-Congested,Non-Congested,0
cluster_2461783448_38980632_5243070374,5,11,2,5,G,r,0.0,Non-Congested,Non-Congested,0
cluster_2461880040_2461880142_8131892137,0,2,0,2,r,r,0.0,Non-Congested,Congested,1
cluster_2461880136_4910664147_50607912_8131882097,0,2,0,0,r,G,0.0,Non-Congested,Non-Congested,0
132200274,0,5,0,5,r,G,2.0,Non-Congested,Congested,2
181747232,2,1,0,0,r,G,0.0,Non-Congested,Non-Congested,0
47217361,1,0,0,0,G,r,0.0,Non-Congested,Non-Congested,0
cluster_1420096799_47154676,0,1,0,0,r,r,0.0,Non-Congested,Non-Congested,0
cluster_2461783448_38980632_5243070374,4,10,2,5,G,r,1.0,Non-Congested,Non-Congested,0
cluster_2461880040_2461880142_8131892137,0,2,0,2,r,r,1.0,Non-Congested,Congested,1
cluster_2461880136_4910664147_50607912_8131882097,0,3,0,0,r,y,2.0,Non-Congested,Non-Congested,0
132200274,0,5,0,5,r,G,1.0,Non-Congested,Congested,2
181747232,2,1,0,0,r,y,3.0,Non-Congested,Non-Congested,0
47217361,1,1,0,0,G,r,0.0,Non-Congested,Non-Congested,0
cluster_1420096799_47154676,0,1,0,0,r,r,3.0,Non-Congested,Non-Congested,0
cluster_2461783448_38980632_5243070374,6,10,2,5,G,r,0.0,Non-Congested,Non-Congested,0
cluster_2461880040_2461880142_8131892137,0,2,0,2,r,r,0.0,Non-Congested,Congested,1
cluster_2461880136_4910664147_50607912_8131882097,0,3,0,0,r,y,1.0,Non-Congested,Non-Congested,0
132200274,0,5,0,5,r,G,0.0,Non-Congested,Congested,2
181747232,2,1,0,0,r,y,2.0,Non-Congested,Non-Congested,0
47217361,1,2,0,0,y,r,2.0,Non-Congested,Non-Congested,0
cluster_1420096799_47154676,0,1,0,0,r,r,2.0,Non-Congested,Non-Congested,0
cluster_2461783448_38980632_5243070374,6,10,2,4,G,r,1.0,Non-Congested,Non-Congested,0
cluster_2461880040_2461880142_8131892137,0,2,0,2,r,r,1.0,Non-Congested,Congested,1
cluster_2461880136_4910664147_50607912_8131882097,0,3,0,0,r,y,0.0,Non-Congested,Non-Congested,0
132200274,0,5,0,5,r,y,2.0,Non-Congested,Congested,1
181747232,2,1,0,0,r,y,1.0,Non-Congested,Non-Congested,0
47217361,1,2,1,0,y,r,1.0,Non-Congested,Non-Congested,0
cluster_1420096799_47154676,0,1,0,0,r,r,1.0,Non-Congested,Non-Congested,0
cluster_2455590523_389713_47212064,0,1,0,0,y,r,0.0,Non-Congested,Non-Congested,0
cluster_2461783448_38980632_5243070374,6,10,2,5,G,r,0.0,Non-Congested,Non-Congested,0
cluster_2461880040_2461880142_8131892137,0,2,0,2,r,r,0.0,Non-Congested,Congested,1
cluster_2461880136_4910664147_50607912_8131882097,0,3,0,0,r,r,0.0,Non-Congested,Non-Congested,0
132200274,0,5,0,5,r,y,1.0,Non-Congested,Congested,1
181747232,2,1,0,0,r,y,0.0,Non-Congested,Non-Congested,0
47217361,1,2,1,0,y,r,0.0,Non-Congested,Non-Congested,0
cluster_2455590523_389713_47212064,0,2,0,0,r,r,6.0,Non-Congested,Congested,1
cluster_2461783448_38980632_5243070374,5,10,2,6,G,r,1.0,Non-Congested,Non-Congested,0
cluster_2461880040_2461880142_8131892137,0,2,0,2,r,r,1.0,Non-Congested,Congested,1
cluster_2461880136_4910664147_50607912_8131882097,0,2,0,0,G,r,4.0,Non-Congested,Non-Congested,0
132200274,0,5,0,5,r,y,0.0,Non-Congested,Congested,1
181747232,2,1,0,0,G,r,6.0,Non-Congested,Non-Congested,0
47217361,1,2,1,0,r,r,4.0,Non-Congested,Non-Congested,0
cluster_2455590523_389713_47212064,0,1,0,0,r,r,5.0,Non-Congested,Congested,1
cluster_2461783448_38980632_5243070374,5,10,2,6,G,r,0.0,Non-Congested,Non-Congested,0
cluster_2461880040_2461880142_8131892137,0,2,0,2,r,r,0.0,Non-Congested,Congested,1
cluster_2461880136_4910664147_50607912_8131882097,0,2,0,0,G,r,3.0,Non-Congested,Non-Congested,0
132200274,0,5,0,5,G,r,4.0,Non-Congested,Congested,1
181747232,2,1,0,0,G,r,5.0,Non-Congested,Non-Congested,0
47217361,1,2,0,0,r,r,3.0,Non-Congested,Non-Congested,0
cluster_2455590523_389713_47212064,0,1,0,1,r,r,4.0,Non-Congested,Congested,1
cluster_2461783448_38980632_5243070374,5,10,2,7,G,r,0.0,Non-Congested,Non-Congested,0
cluster_2461880040_2461880142_8131892137,0,2,0,2,r,r,1.0,Non-Congested,Congested,1
cluster_2461880136_4910664147_50607912_8131882097,0,2,0,0,G,r,2.0,Non-Congested,Non-Congested,0
cluster_59665162_8742497506,1,0,0,0,G,r,3.0,Non-Congested,Non-Congested,0
132200274,0,5,0,5,G,r,3.0,Non-Congested,Congested,1
181747232,2,1,0,0,G,r,4.0,Non-Congested,Non-Congested,0
47217361,0,2,0,0,r,r,2.0,Non-Congested,Non-Congested,0
cluster_2455590523_389713_47212064,0,1,0,1,r,r,3.0,Non-Congested,Congested,1
cluster_2461783448_38980632_5243070374,5,10,2,7,G,r,0.0,Congested,Non-Congested,2
cluster_2461880040_2461880142_8131892137,0,2,0,2,r,r,0.0,Non-Congested,Congested,1
cluster_2461880136_4910664147_50607912_8131882097,0,2,0,1,G,r,1.0,Non-Congested,Non-Congested,0
132200274,0,5,0,5,G,r,2.0,Non-Congested,Congested,1
181747232,2,1,0,0,G,r,3.0,Non-Congested,Non-Congested,0
47217361,0,1,0,0,r,r,1.0,Non-Congested,Non-Congested,0
cluster_2455590523_389713_47212064,0,1,0,1,r,r,2.0,Non-Congested,Congested,1
cluster_2461783448_38980632_5243070374,5,10,2,8,G,r,4.0,Congested,Non-Congested,4
cluster_2461880040_2461880142_8131892137,0,2,0,2,r,r,1.0,Non-Congested,Congested,1
cluster_2461880136_4910664147_50607912_8131882097,0,2,0,1,G,r,0.0,Non-Congested,Non-Congested,0
132200274,0,5,0,5,G,r,1.0,Non-Congested,Congested,1
181747232,2,1,0,0,G,r,2.0,Non-Congested,Non-Congested,0
47217361,0,2,0,0,r,r,0.0,Non-Congested,Non-Congested,0
cluster_2455590523_389713_47212064,0,1,0,1,r,r,1.0,Non-Congested,Congested,1
cluster_2461783448_38980632_5243070374,4,10,2,8,G,r,3.0,Congested,Non-Congested,4
cluster_2461880040_2461880142_8131892137,0,2,0,2,r,r,0.0,Non-Congested,Congested,1
cluster_2461880136_4910664147_50607912_8131882097,0,2,0,2,y,r,2.0,Non-Congested,Non-Congested,0
132200274,0,5,0,5,G,r,0.0,Non-Congested,Congested,1
181747232,2,1,0,0,G,r,1.0,Non-Congested,Non-Congested,0
47217361,0,2,0,0,r,r,2.0,Non-Congested,Non-Congested,0
cluster_2455590523_389713_47212064,0,1,0,1,r,r,0.0,Non-Congested,Congested,1
cluster_2461783448_38980632_5243070374,4,10,2,9,G,r,2.0,Congested,Non-Congested,4
cluster_2461880040_2461880142_8131892137,0,2,0,2,r,r,1.0,Non-Congested,Congested,1
cluster_2461880136_4910664147_50607912_8131882097,0,2,0,2,y,r,1.0,Non-Congested,Non-Congested,0
132200274,0,5,0,5,y,r,2.0,Non-Congested,Congested,1
181747232,2,1,0,0,G,r,0.0,Non-Congested,Non-Congested,0
47217361,0,2,0,0,r,r,1.0,Non-Congested,Non-Congested,0
cluster_2455590523_389713_47212064,0,1,0,1,r,r,0.0,Non-Congested,Congested,1
cluster_2461783448_38980632_5243070374,3,10,3,9,G,r,1.0,Congested,Non-Congested,4
cluster_2461880040_2461880142_8131892137,0,2,0,2,r,r,0.0,Non-Congested,Congested,1
cluster_2461880136_4910664147_50607912_8131882097,0,2,0,2,y,r,0.0,Non-Congested,Non-Congested,0
132200274,0,5,0,5,y,r,1.0,Non-Congested,Congested,1
181747232,2,1,0,0,y,r,3.0,Non-Congested,Non-Congested,0
47217361,0,2,0,0,r,r,0.0,Non-Congested,Non-Congested,0
cluster_2455590523_389713_47212064,0,1,0,1,r,r,0.0,Non-Congested,Congested,1
cluster_2461783448_38980632_5243070374,3,10,3,10,G,r,0.0,Congested,Non-Congested,4
cluster_2461880040_2461880142_8131892137,0,2,0,2,r,r,1.0,Non-Congested,Congested,1
cluster_2461880136_4910664147_50607912_8131882097,0,2,0,1,r,G,4.0,Non-Congested,Non-Congested,0
132200274,0,5,0,5,y,r,0.0,Non-Congested,Congested,1
181747232,2,1,1,1,y,r,2.0,Non-Congested,Non-Congested,0
47217361,0,2,0,0,r,G,4.0,Non-Congested,Non-Congested,0
cluster_2455590523_389713_47212064,0,1,0,1,r,r,3.0,Non-Congested,Congested,1
cluster_2461783448_38980632_5243070374,3,10,3,10,G,r,9.0,Congested,Non-Congested,4
cluster_2461880040_2461880142_8131892137,0,2,0,2,r,r,0.0,Non-Congested,Congested,1
cluster_2461880136_4910664147_50607912_8131882097,0,1,0,0,r,G,3.0,Non-Congested,Non-Congested,0
132200274,0,5,0,5,r,G,4.0,Non-Congested,Congested,2
181747232,2,1,1,1,y,r,1.0,Non-Congested,Non-Congested,0
47217361,0,2,0,0,r,G,3.0,Non-Congested,Non-Congested,0
cluster_2455590523_389713_47212064,1,1,0,1,r,r,2.0,Congested,Congested,3
cluster_2461783448_38980632_5243070374,3,10,3,10,G,r,8.0,Congested,Non-Congested,4
cluster_2461880040_2461880142_8131892137,0,2,0,2,r,r,4.0,Non-Congested,Congested,1
cluster_2461880136_4910664147_50607912_8131882097,0,1,0,0,r,G,2.0,Non-Congested,Non-Congested,0
132200274,0,5,0,5,r,G,3.0,Non-Congested,Congested,2
181747232,2,1,1,1,y,r,0.0,Non-Congested,Non-Congested,0
47217361,0,1,0,0,r,G,2.0,Non-Congested,Non-Congested,0
cluster_2455590523_389713_47212064,1,1,1,1,r,r,1.0,Non-Congested,Congested,1
cluster_2461783448_38980632_5243070374,3,10,3,10,G,r,7.0,Congested,Non-Congested,4
cluster_2461880040_2461880142_8131892137,0,2,0,2,r,r,3.0,Non-Congested,Congested,1
cluster_2461880136_4910664147_50607912_8131882097,0,1,0,0,r,G,1.0,Non-Congested,Non-Congested,0
132200274,0,5,0,5,r,G,2.0,Non-Congested,Congested,2
181747232,2,1,1,1,r,G,6.0,Non-Congested,Non-Congested,0
47217361,0,1,0,0,r,G,1.0,Non-Congested,Non-Congested,0
cluster_2455590523_389713_47212064,1,1,0,1,r,r,0.0,Non-Congested,Congested,1
cluster_2461783448_38980632_5243070374,3,10,3,10,G,r,6.0,Congested,Non-Congested,4
cluster_2461880040_2461880142_8131892137,0,2,0,2,r,r,2.0,Non-Congested,Congested,1
cluster_2461880136_4910664147_50607912_8131882097,0,1,0,0,r,G,0.0,Non-Congested,Non-Congested,0
132200274,0,5,0,5,r,G,1.0,Non-Congested,Congested,2
181747232,2,1,1,1,r,G,5.0,Non-Congested,Non-Congested,0
cluster_1420096799_47154676,0,1,0,0,G,r,5.0,Non-Congested,Non-Congested,0
cluster_2461783448_38980632_5243070374,3,10,3,10,G,r,5.0,Congested,Non-Congested,4
cluster_2461880040_2461880142_8131892137,0,2,0,2,r,r,1.0,Non-Congested,Congested,1
cluster_2461880136_4910664147_50607912_8131882097,0,1,0,0,r,y,2.0,Non-Congested,Non-Congested,0
132200274,0,5,0,5,r,G,0.0,Non-Congested,Congested,2
181747232,2,1,1,1,r,G,4.0,Non-Congested,Non-Congested,0
cluster_1420096799_47154676,0,1,0,0,G,r,4.0,Non-Congested,Non-Congested,0
cluster_2461783448_38980632_5243070374,3,10,3,10,G,r,4.0,Congested,Non-Congested,4
cluster_2461880040_2461880142_8131892137,0,2,0,2,r,r,0.0,Non-Congested,Congested,1
cluster_2461880136_4910664147_50607912_8131882097,0,1,0,0,r,y,1.0,Non-Congested,Non-Congested,0
132200274,0,5,0,5,r,y,2.0,Non-Congested,Congested,1
181747232,2,1,1,1,r,G,3.0,Non-Congested,Non-Congested,0
47217361,1,0,0,0,r,G,0.0,Non-Congested,Non-Congested,0
cluster_1420096799_47154676,0,1,0,0,G,r,3.0,Non-Congested,Non-Congested,0
cluster_2455590523_389713_47212064,0,1,0,0,r,G,2.0,Non-Congested,Non-Congested,0
cluster_2461783448_38980632_5243070374,3,10,3,10,G,r,3.0,Congested,Non-Congested,4
cluster_2461880040_2461880142_8131892137,0,2,0,2,G,r,4.0,Non-Congested,Congested,1
cluster_2461880136_4910664147_50607912_8131882097,0,1,0,0,r,y,0.0,Non-Congested,Non-Congested,0
132200274,0,5,0,5,r,y,1.0,Non-Congested,Congested,1
181747232,2,1,1,1,r,G,2.0,Non-Congested,Non-Congested,0
47217361,1,0,0,0,r,y,2.0,Non-Congested,Non-Congested,0
cluster_1420096799_47154676,0,1,0,1,G,r,2.0,Non-Congested,Non-Congested,0
cluster_2455590523_389713_47212064,0,1,0,0,r,G,1.0,Non-Congested,Non-Congested,0
cluster_2461783448_38980632_5243070374,3,10,3,10,G,r,2.0,Congested,Non-Congested,4
cluster_2461880040_2461880142_8131892137,0,2,0,2,G,r,3.0,Non-Congested,Congested,1
cluster_2461880136_4910664147_50607912_8131882097,0,2,0,1,r,r,0.0,Non-Congested,Non-Congested,0
132200274,0,5,0,5,r,y,0.0,Non-Congested,Congested,1
181747232,2,1,1,1,r,G,1.0,Non-Congested,Non-Congested,0
47217361,1,0,0,0,r,y,1.0,Non-Congested,Non-Congested,0
cluster_1420096799_47154676,0,1,0,1,G,r,1.0,Non-Congested,Non-Congested,0
cluster_2455590523_389713_47212064,0,1,0,0,r,G,0.0,Non-Congested,Congested,2
cluster_2461783448_38980632_5243070374,3,10,3,10,G,r,1.0,Congested,Non-Congested,4
cluster_2461880040_2461880142_8131892137,0,2,0,2,G,r,2.0,Non-Congested,Congested,1
cluster_2461880136_4910664147_50607912_8131882097,0,2,0,1,G,r,4.0,Non-Congested,Non-Congested,0
132200274,0,5,0,5,G,r,4.0,Non-Congested,Congested,1
181747232,2,1,1,1,r,G,0.0,Non-Congested,Non-Congested,0
47217361,1,0,0,0,r,y,0.0,Non-Congested,Non-Congested,0
cluster_1420096799_47154676,0,1,0,1,G,r,0.0,Non-Congested,Non-Congested,0
cluster_2455590523_389713_47212064,0,1,0,0,r,y,3.0,Non-Congested,Congested,1
cluster_2461783448_38980632_5243070374,3,10,3,10,G,r,0.0,Congested,Non-Congested,4
cluster_2461880040_2461880142_8131892137,0,2,0,2,G,r,1.0,Non-Congested,Congested,1
cluster_2461880136_4910664147_50607912_8131882097,0,2,0,1,G,r,3.0,Non-Congested,Non-Congested,0
132200274,0,5,0,5,G,r,3.0,Non-Congested,Congested,1
181747232,2,1,1,1,r,y,3.0,Non-Congested,Non-Congested,0
47217361,1,0,0,0,G,r,4.0,Non-Congested,Non-Congested,0
cluster_1420096799_47154676,0,1,0,1,y,r,3.0,Non-Congested,Non-Congested,0
cluster_2455590523_389713_47212064,0,1,0,1,r,y,2.0,Non-Congested,Congested,1
cluster_2461783448_38980632_5243070374,3,10,3,10,y,r,4.0,Congested,Non-Congested,4
cluster_2461880040_2461880142_8131892137,0,2,0,2,G,r,0.0,Non-Congested,Congested,1
cluster_2461880136_4910664147_50607912_8131882097,0,2,0,1,G,r,2.0,Non-Congested,Non-Congested,0
132200274,0,5,0,5,G,r,2.0,Non-Congested,Congested,1
181747232,3,1,1,1,r,y,2.0,Non-Congested,Non-Congested,0
47217361,1,0,0,0,G,r,3.0,Non-Congested,Non-Congested,0
cluster_1420096799_47154676,0,1,0,1,y,r,2.0,Non-Congested,Non-Congested,0
cluster_2455590523_389713_47212064,0,1,0,1,r,y,1.0,Non-Congested,Congested,1
cluster_2461783448_38980632_5243070374,3,10,3,10,y,r,3.0,Congested,Non-Congested,4
cluster_2461880040_2461880142_8131892137,0,2,0,2,y,r,4.0,Non-Congested,Congested,1
cluster_2461880136_4910664147_50607912_8131882097,0,2,0,1,G,r,1.0,Non-Congested,Non-Congested,0
132200274,0,5,0,5,G,r,1.0,Non-Congested,Congested,1
181747232,3,1,1,1,r,y,1.0,Non-Congested,Non-Congested,0
47217361,1,0,0,0,G,r,2.0,Non-Congested,Non-Congested,0
cluster_1420096799_47154676,0,1,0,1,y,r,1.0,Non-Congested,Non-Congested,0
cluster_2455590523_389713_47212064,0,2,0,1,r,y,0.0,Non-Congested,Congested,1
cluster_2461783448_38980632_5243070374,3,10,3,10,y,r,2.0,Congested,Non-Congested,4
cluster_2461880040_2461880142_8131892137,0,2,0,2,y,r,3.0,Non-Congested,Congested,1
cluster_2461880136_4910664147_50607912_8131882097,0,2,0,1,G,r,0.0,Non-Congested,Non-Congested,0
132200274,0,5,0,5,G,r,0.0,Non-Congested,Congested,1
181747232,3,1,1,1,r,y,0.0,Non-Congested,Non-Congested,0
cluster_1420096799_47154676,0,1,0,1,y,r,0.0,Non-Congested,Non-Congested,0
cluster_2455590523_389713_47212064,0,3,0,1,G,r,4.0,Non-Congested,Congested,1
cluster_2461783448_38980632_5243070374,3,10,3,10,y,r,1.0,Congested,Non-Congested,4
cluster_2461880040_2461880142_8131892137,0,2,0,2,y,r,2.0,Non-Congested,Congested,1
cluster_2461880136_4910664147_50607912_8131882097,0,2,0,1,y,r,2.0,Non-Congested,Non-Congested,0
132200274,0,5,0,5,y,r,2.0,Non-Congested,Congested,1
181747232,3,1,1,1,G,r,6.0,Non-Congested,Non-Congested,0
cluster_1420096799_47154676,0,1,0,1,r,r,6.0,Non-Congested,Non-Congested,0
cluster_2455590523_389713_47212064,0,2,0,1,G,r,3.0,Non-Congested,Congested,1
cluster_2461783448_38980632_5243070374,3,10,3,10,y,r,0.0,Congested,Non-Congested,4
cluster_2461880040_2461880142_8131892137,0,2,0,2,y,r,1.0,Non-Congested,Congested,1
cluster_2461880136_4910664147_50607912_8131882097,0,2,0,1,y,r,1.0,Non-Congested,Non-Congested,0
132200274,0,5,0,5,y,r,1.0,Non-Congested,Congested,1
181747232,2,1,1,1,G,r,5.0,Non-Congested,Non-Congested,0
cluster_1420096799_47154676,0,1,0,1,r,r,5.0,Non-Congested,Non-Congested,0
cluster_2455590523_389713_47212064,0,1,0,1,G,r,2.0,Non-Congested,Congested,1
cluster_2461783448_38980632_5243070374,2,10,2,9,r,G,4.0,Congested,Non-Congested,4
cluster_2461880040_2461880142_8131892137,0,2,0,2,y,r,0.0,Non-Congested,Congested,1
cluster_2461880136_4910664147_50607912_8131882097,0,2,0,1,y,r,0.0,Non-Congested,Non-Congested,0
132200274,0,5,0,5,y,r,0.0,Non-Congested,Congested,1
181747232,3,2,1,1,G,r,4.0,Non-Congested,Non-Congested,0
cluster_1420096799_47154676,0,1,0,1,r,r,4.0,Non-Congested,Non-Congested,0
cluster_2455590523_389713_47212064,0,1,0,1,G,r,1.0,Non-Congested,Congested,1
cluster_2461783448_38980632_5243070374,2,9,1,8,r,G,3.0,Congested,Non-Congested,4
cluster_2461880040_2461880142_8131892137,0,1,0,1,r,G,9.0,Non-Congested,Congested,2
cluster_2461880136_4910664147_50607912_8131882097,0,1,0,0,r,G,4.0,Non-Congested,Non-Congested,0
132200274,0,5,0,5,r,G,4.0,Non-Congested,Congested,2
181747232,3,2,1,1,G,r,3.0,Non-Congested,Non-Congested,0
cluster_1420096799_47154676,0,1,0,1,r,r,3.0,Non-Congested,Non-Congested,0
cluster_2455590523_389713_47212064,0,1,0,1,G,r,0.0,Non-Congested,Congested,1
cluster_2461783448_38980632_5243070374,2,9,0,7,r,G,2.0,Non-Congested,Non-Congested,4
cluster_2461880040_2461880142_8131892137,0,1,0,0,r,G,8.0,Non-Congested,Congested,2
cluster_2461880136_4910664147_50607912_8131882097,0,1,0,0,r,G,3.0,Non-Congested,Non-Congested,0
132200274,0,5,0,5,r,G,3.0,Non-Congested,Congested,2
181747232,3,2,1,1,G,r,2.0,Non-Congested,Non-Congested,0
cluster_1420096799_47154676,0,1,0,1,r,r,2.0,Non-Congested,Non-Congested,0
cluster_2455590523_389713_47212064,0,1,0,1,G,r,1.0,Non-Congested,Congested,1
cluster_2461783448_38980632_5243070374,2,9,0,6,r,G,1.0,Non-Congested,Non-Congested,4
cluster_2461880040_2461880142_8131892137,0,1,0,0,r,G,7.0,Non-Congested,Non-Congested,0
132200274,0,5,0,5,r,G,2.0,Non-Congested,Congested,2
181747232,3,2,1,1,G,r,1.0,Non-Congested,Non-Congested,0
cluster_1420096799_47154676,0,1,0,1,r,r,1.0,Non-Congested,Non-Congested,0
cluster_2455590523_389713_47212064,0,1,0,1,G,r,0.0,Non-Congested,Congested,1
cluster_2461783448_38980632_5243070374,1,10,0,5,r,G,0.0,Non-Congested,Non-Congested,0
cluster_2461880040_2461880142_8131892137,0,1,0,0,r,G,6.0,Non-Congested,Congested,2
132200274,0,5,0,5,r,G,1.0,Non-Congested,Congested,2
181747232,3,2,1,1,G,r,0.0,Non-Congested,Non-Congested,0
cluster_1420096799_47154676,0,1,0,1,r,r,0.0,Non-Congested,Non-Congested,0
cluster_2455590523_389713_47212064,0,2,0,1,G,r,0.0,Non-Congested,Congested,1
cluster_2461783448_38980632_5243070374,2,9,0,4,r,G,1.0,Non-Congested,Non-Congested,0
cluster_2461880040_2461880142_8131892137,0,1,0,0,r,G,5.0,Non-Congested,Congested,2
132200274,0,5,0,5,r,G,0.0,Non-Congested,Congested,2
181747232,3,2,1,1,y,r,3.0,Non-Congested,Non-Congested,0
cluster_1420096799_47154676,0,1,0,1,r,r,3.0,Non-Congested,Non-Congested,0
cluster_2455590523_389713_47212064,0,2,0,1,y,r,3.0,Non-Congested,Congested,1
cluster_2461783448_38980632_5243070374,2,9,0,3,r,G,0.0,Non-Congested,Non-Congested,0
cluster_2461880040_2461880142_8131892137,0,1,0,0,r,G,4.0,Non-Congested,Non-Congested,0
132200274,0,4,0,4,r,y,2.0,Non-Congested,Congested,1
181747232,2,1,0,0,y,r,2.0,Non-Congested,Non-Congested,0
cluster_1420096799_47154676,0,1,0,1,r,r,2.0,Non-Congested,Non-Congested,0
cluster_2455590523_389713_47212064,0,2,0,1,y,r,2.0,Non-Congested,Congested,1
cluster_2461783448_38980632_5243070374,2,10,0,2,r,G,1.0,Non-Congested,Non-Congested,0
cluster_2461880040_2461880142_8131892137,1,2,0,0,r,G,3.0,Non-Congested,Non-Congested,0
132200274,0,4,0,3,r,y,1.0,Non-Congested,Congested,1
181747232,1,0,0,0,y,r,1.0,Non-Congested,Non-Congested,0
47217361,0,1,0,0,r,r,2.0,Non-Congested,Non-Congested,0
cluster_1420096799_47154676,0,1,0,1,r,r,1.0,Non-Congested,Non-Congested,0
cluster_2455590523_389713_47212064,0,1,0,1,y,r,1.0,Non-Congested,Congested,1
cluster_2461783448_38980632_5243070374,3,8,0,2,r,G,0.0,Non-Congested,Non-Congested,0
cluster_2461880040_2461880142_8131892137,1,2,0,0,r,G,2.0,Non-Congested,Non-Congested,0
132200274,0,4,0,2,r,y,0.0,Non-Congested,Congested,1
181747232,1,0,0,0,y,r,0.0,Non-Congested,Non-Congested,0
47217361,0,1,0,0,r,r,1.0,Non-Congested,Non-Congested,0
cluster_1420096799_47154676,0,1,0,1,r,r,0.0,Non-Congested,Non-Congested,0
cluster_181310323_5380872437,1,0,0,0,G,r,5.0,Non-Congested,Non-Congested,0
cluster_2455590523_389713_47212064,0,1,0,1,y,r,0.0,Non-Congested,Congested,1
cluster_2461783448_38980632_5243070374,2,8,0,1,r,G,1.0,Non-Congested,Non-Congested,0
cluster_2461880040_2461880142_8131892137,2,3,0,0,r,G,1.0,Non-Congested,Non-Congested,0
cluster_2461880136_4910664147_50607912_8131882097,0,1,0,0,r,r,0.0,Non-Congested,Non-Congested,0
132200274,0,4,0,2,G,r,4.0,Non-Congested,Congested,1
181747232,1,0,0,0,r,G,6.0,Non-Congested,Non-Congested,0
47217361,0,1,0,0,r,r,0.0,Non-Congested,Non-Congested,0
cluster_181310323_5380872437,2,0,0,0,G,r,4.0,Non-Congested,Non-Congested,0
cluster_2455590523_389713_47212064,0,1,0,1,r,r,6.0,Non-Congested,Congested,1
cluster_2461783448_38980632_5243070374,2,8,0,0,r,G,0.0,Non-Congested,Non-Congested,0
cluster_2461880040_2461880142_8131892137,2,3,0,0,r,G,0.0,Non-Congested,Non-Congested,0
cluster_2461880136_4910664147_50607912_8131882097,0,1,0,0,G,r,4.0,Non-Congested,Non-Congested,0
132200274,0,4,0,2,G,r,3.0,Non-Congested,Congested,1
181747232,1,0,0,0,r,G,5.0,Non-Congested,Non-Congested,0
47217361,0,2,0,0,r,G,4.0,Non-Congested,Non-Congested,0
cluster_181310323_5380872437,2,0,0,0,G,r,3.0,Non-Congested,Non-Congested,0
cluster_2455590523_389713_47212064,0,1,0,1,r,r,5.0,Non-Congested,Congested,1
cluster_2461783448_38980632_5243070374,3,7,0,0,r,G,1.0,Non-Congested,Non-Congested,0
cluster_2461880040_2461880142_8131892137,2,3,0,0,r,G,1.0,Non-Congested,Non-Congested,0
cluster_2461880136_4910664147_50607912_8131882097,0,1,0,0,G,r,3.0,Non-Congested,Non-Congested,0
132200274,0,3,0,2,G,r,2.0,Non-Congested,Congested,1
181747232,1,0,0,0,r,G,4.0,Non-Congested,Non-Congested,0
47217361,0,2,0,0,r,G,3.0,Non-Congested,Non-Congested,0
cluster_181310323_5380872437,2,0,0,0,G,r,2.0,Non-Congested,Non-Congested,0
cluster_2455590523_389713_47212064,0,1,0,1,r,r,4.0,Non-Congested,Congested,1
cluster_2461783448_38980632_5243070374,3,7,0,0,r,G,0.0,Non-Congested,Non-Congested,0
cluster_2461880040_2461880142_8131892137,3,3,0,0,r,G,0.0,Non-Congested,Non-Congested,0
cluster_2461880136_4910664147_50607912_8131882097,0,1,0,0,G,r,2.0,Non-Congested,Non-Congested,0
132200274,0,3,0,2,G,r,1.0,Non-Congested,Congested,1
181747232,1,0,0,0,r,G,3.0,Non-Congested,Non-Congested,0
47217361,0,2,0,0,r,G,2.0,Non-Congested,Non-Congested,0
cluster_181310323_5380872437,2,0,0,0,G,r,1.0,Non-Congested,Non-Congested,0
cluster_2455590523_389713_47212064,0,1,0,1,r,r,3.0,Non-Congested,Congested,1
cluster_2461783448_38980632_5243070374,3,7,0,1,r,G,0.0,Non-Congested,Non-Congested,0
cluster_2461880040_2461880142_8131892137,3,3,0,0,r,G,0.0,Non-Congested,Non-Congested,0
cluster_2461880136_4910664147_50607912_8131882097,0,1,0,0,G,r,1.0,Non-Congested,Non-Congested,0
cluster_59665162_8742497506,1,0,0,0,G,r,1.0,Non-Congested,Non-Congested,0
132200274,0,3,0,2,G,r,0.0,Non-Congested,Congested,1
181747232,1,0,0,0,r,G,2.0,Non-Congested,Non-Congested,0
47217361,0,2,0,0,r,G,1.0,Non-Congested,Non-Congested,0
cluster_181310323_5380872437,2,0,0,0,G,r,0.0,Non-Congested,Non-Congested,0
cluster_2455590523_389713_47212064,0,2,0,1,r,r,2.0,Non-Congested,Congested,1
cluster_2461783448_38980632_5243070374,4,7,0,0,r,G,1.0,Non-Congested,Non-Congested,0
cluster_2461880040_2461880142_8131892137,4,5,0,0,r,y,4.0,Non-Congested,Non-Congested,0
cluster_2461880136_4910664147_50607912_8131882097,0,2,0,0,G,r,0.0,Non-Congested,Non-Congested,0
132200274,0,3,0,2,y,r,2.0,Non-Congested,Congested,1
181747232,1,0,0,0,r,G,1.0,Non-Congested,Non-Congested,0
47217361,0,2,0,0,r,G,0.0,Non-Congested,Non-Congested,0
cluster_181310323_5380872437,1,0,0,0,G,r,0.0,Non-Congested,Non-Congested,0
cluster_2455590523_389713_47212064,0,2,0,1,r,r,1.0,Non-Congested,Congested,1
cluster_2461783448_38980632_5243070374,4,6,0,0,r,G,0.0,Non-Congested,Non-Congested,0
cluster_2461880040_2461880142_8131892137,3,4,0,0,r,y,3.0,Non-Congested,Non-Congested,0
cluster_2461880136_4910664147_50607912_8131882097,0,2,0,0,y,r,2.0,Non-Congested,Non-Congested,0
132200274,0,2,0,2,y,r,1.0,Non-Congested,Congested,1
181747232,1,0,0,0,r,G,0.0,Non-Congested,Non-Congested,0
47217361,0,2,0,0,r,y,2.0,Non-Congested,Non-Congested,0
cluster_1420096799_47154676,1,0,0,0,r,G,0.0,Non-Congested,Non-Congested,0
cluster_181310323_5380872437,1,0,0,0,y,r,3.0,Non-Congested,Non-Congested,0
cluster_2455590523_389713_47212064,0,2,0,1,r,r,0.0,Non-Congested,Congested,1
cluster_2461783448_38980632_5243070374,5,6,0,0,r,G,1.0,Non-Congested,Non-Congested,0
cluster_2461880040_2461880142_8131892137,3,5,0,0,r,y,2.0,Non-Congested,Non-Congested,0
cluster_2461880136_4910664147_50607912_8131882097,0,2,0,0,y,r,1.0,Non-Congested,Non-Congested,0
132200274,0,2,0,2,y,r,0.0,Non-Congested,Congested,1
181747232,1,0,0,0,r,G,1.0,Non-Congested,Congested,2
47217361,0,2,0,0,r,y,1.0,Non-Congested,Non-Congested,0
cluster_1420096799_47154676,1,0,0,0,r,G,1.0,Non-Congested,Non-Congested,0
cluster_181310323_5380872437,2,0,0,0,y,r,2.0,Non-Congested,Non-Congested,0
cluster_2455590523_389713_47212064,0,1,0,1,r,r,1.0,Non-Congested,Congested,1
cluster_2461783448_38980632_5243070374,5,6,0,0,r,G,0.0,Non-Congested,Non-Congested,0
cluster_2461880040_2461880142_8131892137,3,5,0,1,r,y,1.0,Non-Congested,Congested,1
cluster_2461880136_4910664147_50607912_8131882097,0,2,0,0,y,r,0.0,Non-Congested,Non-Congested,0
132200274,0,2,0,1,r,G,4.0,Non-Congested,Congested,2
181747232,1,0,0,0,r,G,0.0,Non-Congested,Non-Congested,0
47217361,0,2,0,0,r,y,0.0,Non-Congested,Non-Congested,0
cluster_1420096799_47154676,1,1,0,0,r,G,0.0,Non-Congested,Non-Congested,0
cluster_181310323_5380872437,2,0,0,0,y,r,1.0,Non-Congested,Non-Congested,0
cluster_2455590523_389713_47212064,0,1,0,1,r,r,0.0,Non-Congested,Congested,1
cluster_2461783448_38980632_5243070374,4,7,1,0,r,G,1.0,Non-Congested,Non-Congested,0
cluster_2461880040_2461880142_8131892137,2,4,0,1,r,y,0.0,Non-Congested,Congested,1
cluster_2461880136_4910664147_50607912_8131882097,0,2,0,0,r,G,4.0,Non-Congested,Non-Congested,0
132200274,0,1,0,0,r,G,3.0,Non-Congested,Congested,2
181747232,2,1,0,0,r,G,0.0,Non-Congested,Non-Congested,0
47217361,0,2,0,0,G,r,4.0,Non-Congested,Non-Congested,0
cluster_1420096799_47154676,1,0,0,0,r,G,0.0,Non-Congested,Non-Congested,0
cluster_181310323_5380872437,2,0,0,0,y,r,0.0,Non-Congested,Non-Congested,0
cluster_2455590523_389713_47212064,0,1,0,1,r,r,1.0,Non-Congested,Congested,1
cluster_2461783448_38980632_5243070374,4,6,1,0,r,G,0.0,Non-Congested,Non-Congested,0
cluster_2461880040_2461880142_8131892137,2,4,0,1,r,r,4.0,Non-Congested,Congested,1
cluster_2461880136_4910664147_50607912_8131882097,0,2,0,0,r,G,3.0,Non-Congested,Non-Congested,0
132200274,0,1,0,0,r,G,2.0,Non-Congested,Non-Congested,0
181747232,2,1,0,0,r,y,3.0,Non-Congested,Non-Congested,0
47217361,0,2,0,0,G,r,3.0,Non-Congested,Non-Congested,0
cluster_1420096799_47154676,1,0,0,0,r,G,0.0,Non-Congested,Non-Congested,0
cluster_181310323_5380872437,2,0,0,0,r,G,4.0,Non-Congested,Non-Congested,0
cluster_2455590523_389713_47212064,0,1,0,1,r,r,0.0,Non-Congested,Congested,1
cluster_2461783448_38980632_5243070374,4,6,1,0,r,G,0.0,Non-Congested,Non-Congested,0
cluster_2461880040_2461880142_8131892137,1,3,0,2,r,r,3.0,Non-Congested,Congested,1
cluster_2461880136_4910664147_50607912_8131882097,0,1,0,0,r,G,2.0,Non-Congested,Non-Congested,0
132200274,0,1,0,0,r,G,1.0,Non-Congested,Non-Congested,0
181747232,2,1,0,0,r,y,2.0,Non-Congested,Non-Congested,0
47217361,0,2,0,0,G,r,2.0,Non-Congested,Non-Congested,0
cluster_1420096799_47154676,1,0,0,0,r,y,3.0,Non-Congested,Non-Congested,0
cluster_181310323_5380872437,2,0,0,0,r,G,3.0,Non-Congested,Non-Congested,0
cluster_2455590523_389713_47212064,0,1,0,1,r,r,3.0,Non-Congested,Congested,1
cluster_2461783448_38980632_5243070374,4,5,2,0,r,G,1.0,Congested,Non-Congested,1
cluster_2461880040_2461880142_8131892137,1,3,0,2,r,r,2.0,Non-Congested,Congested,1
cluster_2461880136_4910664147_50607912_8131882097,0,1,0,0,r,G,1.0,Non-Congested,Non-Congested,0
132200274,0,1,0,0,r,G,0.0,Non-Congested,Non-Congested,0
181747232,2,1,0,0,r,y,1.0,Non-Congested,Non-Congested,0
47217361,0,2,0,0,G,r,1.0,Non-Congested,Non-Congested,0
cluster_1420096799_47154676,1,0,0,0,r,y,2.0,Non-Congested,Non-Congested,0
cluster_181310323_5380872437,2,0,0,0,r,G,2.0,Non-Congested,Non-Congested,0
cluster_2455590523_389713_47212064,0,1,0,1,r,r,2.0,Non-Congested,Congested,1
cluster_2461783448_38980632_5243070374,5,4,3,0,r,G,0.0,Congested,Non-Congested,1
cluster_2461880040_2461880142_8131892137,0,2,0,2,r,r,1.0,Non-Congested,Congested,1
132200274,0,2,0,0,r,G,0.0,Non-Congested,Non-Congested,0
181747232,2,1,0,0,r,y,0.0,Non-Congested,Non-Congested,0
47217361,0,2,0,0,G,r,0.0,Non-Congested,Non-Congested,0
cluster_1420096799_47154676,1,1,0,0,r,y,1.0,Non-Congested,Non-Congested,0
cluster_181310323_5380872437,2,0,0,0,r,G,1.0,Non-Congested,Non-Congested,0
cluster_2455590523_389713_47212064,0,1,0,1,r,r,1.0,Non-Congested,Congested,1
cluster_2461783448_38980632_5243070374,6,4,3,0,r,G,0.0,Congested,Non-Congested,1
cluster_2461880040_2461880142_8131892137,0,2,0,2,r,r,0.0,Non-Congested,Congested,1
132200274,0,2,0,0,r,G,1.0,Non-Congested,Non-Congested,0
181747232,1,1,0,0,G,r,6.0,Non-Congested,Non-Congested,0
47217361,0,2,0,0,G,r,0.0,Non-Congested,Non-Congested,0
cluster_1420096799_47154676,1,1,0,0,r,y,0.0,Non-Congested,Non-Congested,0
cluster_181310323_5380872437,2,0,0,0,r,G,0.0,Non-Congested,Non-Congested,0
cluster_2455590523_389713_47212064,0,1,0,1,r,r,0.0,Non-Congested,Congested,1
cluster_2461783448_38980632_5243070374,6,4,4,0,r,G,1.0,Congested,Non-Congested,1
cluster_2461880040_2461880142_8131892137,0,2,0,2,r,r,4.0,Non-Congested,Congested,1
cluster_2461880136_4910664147_50607912_8131882097,0,1,0,0,r,y,2.0,Non-Congested,Non-Congested,0
132200274,0,2,0,0,r,G,0.0,Non-Congested,Non-Congested,0
181747232,1,1,0,0,G,r,5.0,Non-Congested,Non-Congested,0
47217361,0,3,0,0,G,r,1.0,Non-Congested,Non-Congested,0
cluster_1420096799_47154676,1,1,0,0,G,r,6.0,Non-Congested,Non-Congested,0
cluster_181310323_5380872437,2,0,0,0,r,y,3.0,Non-Congested,Non-Congested,0
cluster_2461783448_38980632_5243070374,5,4,4,1,r,G,0.0,Congested,Non-Congested,1
cluster_2461880040_2461880142_8131892137,0,2,0,2,r,r,3.0,Non-Congested,Congested,1
cluster_2461880136_4910664147_50607912_8131882097,0,1,0,0,r,y,1.0,Non-Congested,Non-Congested,0
132200274,0,3,0,0,r,G,1.0,Non-Congested,Non-Congested,0
181747232,1,1,0,0,G,r,4.0,Non-Congested,Non-Congested,0
47217361,0,3,0,1,G,r,0.0,Non-Congested,Non-Congested,0
cluster_1420096799_47154676,1,1,0,1,G,r,5.0,Non-Congested,Non-Congested,0
cluster_181310323_5380872437,2,0,0,0,r,y,2.0,Non-Congested,Non-Congested,0
cluster_2461783448_38980632_5243070374,4,4,4,1,r,G,1.0,Congested,Non-Congested,1
cluster_2461880040_2461880142_8131892137,0,2,0,2,r,r,2.0,Non-Congested,Congested,1
cluster_2461880136_4910664147_50607912_8131882097,0,1,0,0,r,y,0.0,Non-Congested,Non-Congested,0
132200274,0,2,0,0,r,G,0.0,Non-Congested,Non-Congested,0
181747232,1,1,0,0,G,r,3.0,Non-Congested,Non-Congested,0
47217361,0,3,0,1,G,r,1.0,Non-Congested,Non-Congested,0
cluster_1420096799_47154676,1,1,0,1,G,r,4.0,Non-Congested,Non-Congested,0
cluster_181310323_5380872437,2,0,0,0,r,y,1.0,Non-Congested,Non-Congested,0
cluster_2461783448_38980632_5243070374,4,4,4,2,r,G,0.0,Congested,Non-Congested,1
cluster_2461880040_2461880142_8131892137,0,2,0,2,r,r,1.0,Non-Congested,Congested,1
cluster_2461880136_4910664147_50607912_8131882097,0,1,0,0,r,r,0.0,Non-Congested,Non-Congested,0
132200274,0,2,0,0,r,G,0.0,Non-Congested,Non-Congested,0
181747232,1,1,0,0,G,r,2.0,Non-Congested,Non-Congested,0
47217361,0,3,0,2,G,r,0.0,Non-Congested,Non-Congested,0
cluster_1420096799_47154676,0,1,0,1,G,r,3.0,Non-Congested,Non-Congested,0
cluster_181310323_5380872437,1,0,0,0,r,y,0.0,Non-Congested,Non-Congested,0
cluster_2455590523_389713_47212064,0,1,0,0,r,G,1.0,Non-Congested,Non-Congested,0
cluster_2461783448_38980632_5243070374,5,4,4,1,r,G,0.0,Congested,Non-Congested,1
cluster_2461880040_2461880142_8131892137,0,2,0,2,r,r,0.0,Non-Congested,Congested,1
cluster_2461880136_4910664147_50607912_8131882097,0,2,0,0,G,r,4.0,Non-Congested,Non-Congested,0
132200274,0,3,0,0,r,y,2.0,Non-Congested,Non-Congested,0
181747232,1,1,0,0,G,r,1.0,Non-Congested,Non-Congested,0
47217361,0,3,0,2,G,r,0.0,Non-Congested,Non-Congested,0
cluster_1420096799_47154676,0,1,0,1,G,r,2.0,Non-Congested,Non-Congested,0
cluster_181310323_5380872437,1,0,0,0,G,r,6.0,Non-Congested,Non-Congested,0
cluster_2455590523_389713_47212064,0,1,0,0,r,G,0.0,Non-Congested,Non-Congested,0
cluster_2461783448_38980632_5243070374,5,4,4,1,r,y,4.0,Congested,Non-Congested,1
cluster_2461880040_2461880142_8131892137,0,2,0,2,G,r,4.0,Non-Congested,Congested,1
cluster_2461880136_4910664147_50607912_8131882097,0,2,0,0,G,r,3.0,Non-Congested,Non-Congested,0
132200274,0,3,0,1,r,y,1.0,Non-Congested,Congested,1
181747232,1,1,0,0,G,r,0.0,Non-Congested,Non-Congested,0
47217361,0,3,0,2,y,r,2.0,Non-Congested,Non-Congested,0
cluster_1420096799_47154676,0,1,0,1,G,r,1.0,Non-Congested,Non-Congested,0
cluster_181310323_5380872437,1,0,0,0,G,r,5.0,Non-Congested,Non-Congested,0
cluster_2455590523_389713_47212064,0,1,0,0,r,G,1.0,Non-Congested,Non-Congested,0
cluster_2461783448_38980632_5243070374,5,4,4,1,r,y,3.0,Congested,Non-Congested,1
cluster_2461880040_2461880142_8131892137,0,2,0,2,G,r,3.0,Non-Congested,Congested,1
cluster_2461880136_4910664147_50607912_8131882097,0,2,0,0,G,r,2.0,Non-Congested,Non-Congested,0
132200274,0,3,0,1,r,y,0.0,Non-Congested,Congested,1
181747232,1,1,0,0,y,r,3.0,Non-Congested,Non-Congested,0
47217361,0,3,0,2,y,r,1.0,Non-Congested,Non-Congested,0
cluster_1420096799_47154676,0,1,0,1,G,r,0.0,Non-Congested,Non-Congested,0
cluster_181310323_5380872437,1,0,0,0,G,r,4.0,Non-Congested,Non-Congested,0
cluster_2455590523_389713_47212064,0,1,0,0,r,G,0.0,Non-Congested,Non-Congested,0
cluster_2461783448_38980632_5243070374,5,4,4,0,r,y,2.0,Congested,Non-Congested,1
cluster_2461880040_2461880142_8131892137,0,2,0,2,G,r,2.0,Non-Congested,Congested,1
cluster_2461880136_4910664147_50607912_8131882097,0,3,0,0,G,r,1.0,Non-Congested,Non-Congested,0
132200274,0,3,0,2,G,r,4.0,Non-Congested,Congested,1
181747232,1,1,0,0,y,r,2.0,Non-Congested,Non-Congested,0
47217361,0,3,0,2,y,r,0.0,Non-Congested,Non-Congested,0
cluster_1420096799_47154676,0,1,0,1,y,r,3.0,Non-Congested,Non-Congested,0
cluster_181310323_5380872437,1,1,0,0,G,r,3.0,Non-Congested,Non-Congested,0
cluster_2455590523_389713_47212064,0,1,0,0,r,G,0.0,Non-Congested,Non-Congested,0
cluster_2461783448_38980632_5243070374,4,4,4,0,r,y,1.0,Congested,Non-Congested,1
cluster_2461880040_2461880142_8131892137,0,2,0,2,G,r,1.0,Non-Congested,Congested,1
cluster_2461880136_4910664147_50607912_8131882097,0,3,0,0,G,r,0.0,Non-Congested,Non-Congested,0
132200274,0,3,0,2,G,r,3.0,Non-Congested,Congested,1
181747232,1,1,0,0,y,r,1.0,Non-Congested,Non-Congested,0
47217361,0,4,0,2,r,r,4.0,Non-Congested,Non-Congested,0
cluster_1420096799_47154676,0,1,0,1,y,r,2.0,Non-Congested,Non-Congested,0
cluster_181310323_5380872437,1,1,0,0,G,r,2.0,Non-Congested,Non-Congested,0
cluster_2455590523_389713_47212064,0,2,0,0,r,y,3.0,Non-Congested,Non-Congested,0
cluster_2461783448_38980632_5243070374,4,4,4,0,r,y,0.0,Congested,Non-Congested,1
cluster_2461880040_2461880142_8131892137,0,2,0,2,G,r,0.0,Non-Congested,Congested,1
cluster_2461880136_4910664147_50607912_8131882097,0,4,0,0,y,r,2.0,Non-Congested,Non-Congested,0
132200274,0,4,0,3,G,r,2.0,Non-Congested,Congested,1
181747232,1,1,0,0,y,r,0.0,Non-Congested,Non-Congested,0
47217361,0,4,0,2,r,r,3.0,Non-Congested,Non-Congested,0
cluster_1420096799_47154676,0,1,0,1,y,r,1.0,Non-Congested,Non-Congested,0
cluster_181310323_5380872437,1,1,0,0,G,r,1.0,Non-Congested,Non-Congested,0
cluster_2455590523_389713_47212064,0,2,0,0,r,y,2.0,Non-Congested,Non-Congested,0
cluster_2461783448_38980632_5243070374,5,4,3,1,G,r,4.0,Congested,Non-Congested,2
cluster_2461880040_2461880142_8131892137,0,2,0,2,y,r,4.0,Non-Congested,Congested,1
cluster_2461880136_4910664147_50607912_8131882097,0,4,0,0,y,r,1.0,Non-Congested,Non-Congested,0
132200274,0,4,0,3,G,r,1.0,Non-Congested,Congested,1
181747232,1,1,0,0,r,G,6.0,Non-Congested,Non-Congested,0
47217361,0,4,0,2,r,r,2.0,Non-Congested,Non-Congested,0
cluster_1420096799_47154676,0,1,0,1,y,r,0.0,Non-Congested,Non-Congested,0
cluster_181310323_5380872437,1,1,0,0,G,r,0.0,Non-Congested,Non-Congested,0
cluster_2455590523_389713_47212064,0,2,0,0,r,y,1.0,Non-Congested,Non-Congested,0
cluster_2461783448_38980632_5243070374,4,4,2,1,G,r,3.0,Congested,Non-Congested,2
cluster_2461880040_2461880142_8131892137,0,2,0,2,y,r,3.0,Non-Congested,Congested,1
cluster_2461880136_4910664147_50607912_8131882097,0,4,0,0,y,r,0.0,Non-Congested,Non-Congested,0
132200274,0,4,0,3,G,r,0.0,Non-Congested,Congested,1
181747232,1,1,0,0,r,G,5.0,Non-Congested,Non-Congested,0
47217361,0,5,0,2,r,r,1.0,Non-Congested,Non-Congested,0
cluster_1420096799_47154676,0,1,0,1,r,r,6.0,Non-Congested,Non-Congested,0
cluster_181310323_5380872437,0,1,0,0,G,r,1.0,Non-Congested,Non-Congested,0
cluster_2455590523_389713_47212064,0,2,0,0,r,y,0.0,Non-Congested,Non-Congested,0
cluster_2461783448_38980632_5243070374,4,4,1,2,G,r,2.0,Congested,Non-Congested,2
cluster_2461880040_2461880142_8131892137,0,2,0,2,y,r,2.0,Non-Congested,Congested,1
cluster_2461880136_4910664147_50607912_8131882097,0,2,0,0,r,G,4.0,Non-Congested,Non-Congested,0
132200274,0,4,0,3,G,r,1.0,Non-Congested,Congested,1
181747232,2,1,1,0,r,G,4.0,Non-Congested,Non-Congested,0
47217361,0,5,0,2,r,r,0.0,Non-Congested,Non-Congested,0
cluster_1420096799_47154676,0,1,0,1,r,r,5.0,Non-Congested,Non-Congested,0
cluster_181310323_5380872437,1,1,0,1,G,r,0.0,Non-Congested,Non-Congested,0
cluster_2455590523_389713_47212064,0,1,0,1,G,r,4.0,Non-Congested,Non-Congested,0
cluster_2461783448_38980632_5243070374,5,4,0,3,G,r,1.0,Non-Congested,Non-Congested,0
cluster_2461880040_2461880142_8131892137,0,2,0,2,y,r,1.0,Non-Congested,Congested,1
cluster_2461880136_4910664147_50607912_8131882097,0,3,0,0,r,G,3.0,Non-Congested,Non-Congested,0
132200274,0,4,0,3,G,r,0.0,Non-Congested,Congested,1
181747232,2,1,0,0,r,G,3.0,Non-Congested,Non-Congested,0
47217361,0,5,0,2,r,r,2.0,Non-Congested,Non-Congested,0
cluster_1420096799_47154676,0,1,0,1,r,r,4.0,Non-Congested,Non-Congested,0
cluster_181310323_5380872437,1,1,0,1,G,r,0.0,Non-Congested,Non-Congested,0
cluster_2455590523_389713_47212064,0,1,0,1,G,r,3.0,Non-Congested,Non-Congested,0
cluster_2461783448_38980632_5243070374,4,4,0,3,G,r,0.0,Non-Congested,Non-Congested,0
cluster_2461880040_2461880142_8131892137,0,2,0,2,y,r,0.0,Non-Congested,Congested,1
cluster_2461880136_4910664147_50607912_8131882097,0,3,0,0,r,G,2.0,Non-Congested,Non-Congested,0
132200274,0,4,0,4,G,r,0.0,Non-Congested,Congested,1
181747232,2,1,0,0,r,G,2.0,Non-Congested,Non-Congested,0
47217361,0,5,0,2,r,r,1.0,Non-Congested,Non-Congested,0
cluster_1420096799_47154676,0,1,0,1,r,r,3.0,Non-Congested,Non-Congested,0
cluster_181310323_5380872437,1,1,0,1,y,r,3.0,Non-Congested,Non-Congested,0
cluster_2455590523_389713_47212064,0,1,0,1,G,r,2.0,Non-Congested,Non-Congested,0
cluster_2461783448_38980632_5243070374,3,4,0,4,G,r,1.0,Non-Congested,Non-Congested,0
cluster_2461880040_2461880142_8131892137,0,2,0,1,r,G,9.0,Non-Congested,Congested,2
cluster_2461880136_4910664147_50607912_8131882097,0,3,0,0,r,G,1.0,Non-Congested,Non-Congested,0
132200274,0,4,0,4,y,r,2.0,Non-Congested,Congested,1
181747232,2,1,0,0,r,G,1.0,Non-Congested,Non-Congested,0
47217361,0,5,0,2,r,r,0.0,Non-Congested,Non-Congested,0
cluster_1420096799_47154676,0,1,0,1,r,r,2.0,Non-Congested,Non-Congested,0
cluster_181310323_5380872437,1,1,0,1,y,r,2.0,Non-Congested,Non-Congested,0
cluster_2455590523_389713_47212064,0,1,0,1,G,r,1.0,Non-Congested,Non-Congested,0
cluster_2461783448_38980632_5243070374,4,4,0,4,G,r,0.0,Non-Congested,Non-Congested,0
cluster_2461880040_2461880142_8131892137,0,1,0,0,r,G,8.0,Non-Congested,Non-Congested,0
cluster_2461880136_4910664147_50607912_8131882097,0,3,0,0,r,G,0.0,Non-Congested,Non-Congested,0
cluster_59665162_8742497506,1,0,0,0,r,G,0.0,Non-Congested,Non-Congested,0
132200274,0,4,0,4,y,r,1.0,Non-Congested,Congested,1
181747232,2,1,0,0,r,G,0.0,Non-Congested,Non-Congested,0
47217361,0,5,0,1,r,G,4.0,Non-Congested,Non-Congested,0
cluster_1420096799_47154676,0,1,0,1,r,r,1.0,Non-Congested,Non-Congested,0
cluster_181310323_5380872437,1,1,0,1,y,r,1.0,Non-Congested,Non-Congested,0
cluster_2455590523_389713_47212064,1,1,0,1,G,r,0.0,Non-Congested,Non-Congested,0
cluster_2461783448_38980632_5243070374,5,4,0,4,G,r,0.0,Non-Congested,Non-Congested,0
cluster_2461880040_2461880142_8131892137,0,1,0,0,r,G,7.0,Non-Congested,Non-Congested,0
cluster_2461880136_4910664147_50607912_8131882097,0,3,0,0,r,G,1.0,Non-Congested,Non-Congested,0
cluster_59665162_8742497506,1,0,0,0,r,y,2.0,Non-Congested,Non-Congested,0
132200274,0,4,0,4,y,r,0.0,Non-Congested,Congested,1
181747232,2,1,1,1,r,y,3.0,Non-Congested,Non-Congested,0
47217361,0,4,0,1,r,G,3.0,Non-Congested,Non-Congested,0
cluster_1420096799_47154676,0,1,0,1,r,r,0.0,Non-Congested,Non-Congested,0
cluster_181310323_5380872437,1,1,0,1,y,r,0.0,Non-Congested,Non-Congested,0
cluster_2455590523_389713_47212064,1,1,0,1,G,r,1.0,Non-Congested,Non-Congested,0
cluster_2461783448_38980632_5243070374,6,4,0,4,G,r,1.0,Non-Congested,Non-Congested,0
cluster_2461880040_2461880142_8131892137,0,2,0,0,r,G,6.0,Non-Congested,Non-Congested,0
cluster_2461880136_4910664147_50607912_8131882097,0,3,0,0,r,G,0.0,Non-Congested,Non-Congested,0
cluster_59665162_8742497506,1,0,1,0,r,y,1.0,Non-Congested,Non-Congested,0
132200274,0,4,0,4,r,G,4.0,Non-Congested,Congested,2
181747232,2,1,1,1,r,y,2.0,Non-Congested,Non-Congested,0
47217361,0,4,0,0,r,G,2.0,Non-Congested,Non-Congested,0
cluster_1420096799_47154676,0,1,0,1,r,r,3.0,Non-Congested,Non-Congested,0
cluster_181310323_5380872437,1,0,0,0,r,G,4.0,Non-Congested,Non-Congested,0
cluster_2455590523_389713_47212064,1,1,0,1,G,r,0.0,Non-Congested,Non-Congested,0
cluster_2461783448_38980632_5243070374,5,4,0,4,G,r,0.0,Non-Congested,Non-Congested,0
cluster_2461880040_2461880142_8131892137,0,2,0,0,r,G,5.0,Non-Congested,Non-Congested,0
cluster_2461880136_4910664147_50607912_8131882097,0,3,0,0,r,G,0.0,Non-Congested,Non-Congested,0
cluster_59665162_8742497506,1,0,1,0,r,y,0.0,Non-Congested,Non-Congested,0
132200274,0,4,0,4,r,G,3.0,Non-Congested,Congested,2
181747232,2,1,1,1,r,y,1.0,Non-Congested,Non-Congested,0
47217361,0,5,0,0,r,G,1.0,Non-Congested,Non-Congested,0
cluster_1420096799_47154676,0,1,0,1,r,r,2.0,Non-Congested,Non-Congested,0
cluster_181310323_5380872437,1,0,0,0,r,G,3.0,Non-Congested,Non-Congested,0
cluster_2455590523_389713_47212064,1,1,0,1,G,r,1.0,Non-Congested,Non-Congested,0
cluster_2461783448_38980632_5243070374,5,4,0,4,G,r,1.0,Non-Congested,Non-Congested,0
cluster_2461880040_2461880142_8131892137,0,1,0,0,r,G,4.0,Non-Congested,Non-Congested,0
cluster_2461880136_4910664147_50607912_8131882097,0,4,0,0,r,G,1.0,Non-Congested,Non-Congested,0
132200274,0,4,0,4,r,G,2.0,Non-Congested,Congested,2
181747232,2,1,1,1,r,y,0.0,Non-Congested,Non-Congested,0
47217361,1,5,0,0,r,G,0.0,Non-Congested,Non-Congested,0
cluster_1420096799_47154676,0,1,0,1,r,r,1.0,Non-Congested,Non-Congested,0
cluster_2455590523_389713_47212064,0,1,0,1,G,r,0.0,Non-Congested,Non-Congested,0
cluster_2461783448_38980632_5243070374,5,4,0,4,G,r,0.0,Non-Congested,Non-Congested,0
cluster_2461880040_2461880142_8131892137,1,2,0,0,r,G,3.0,Non-Congested,Non-Congested,0
cluster_2461880136_4910664147_50607912_8131882097,0,3,0,0,r,G,0.0,Non-Congested,Non-Congested,0
132200274,0,4,0,4,r,G,1.0,Non-Congested,Congested,2
181747232,2,1,1,1,G,r,6.0,Non-Congested,Non-Congested,0
47217361,1,4,0,0,r,G,1.0,Non-Congested,Non-Congested,0
cluster_1420096799_47154676,0,1,0,1,r,r,0.0,Non-Congested,Non-Congested,0
cluster_2455590523_389713_47212064,0,2,0,1,G,r,0.0,Non-Congested,Non-Congested,0
cluster_2461783448_38980632_5243070374,5,4,0,4,G,r,1.0,Non-Congested,Non-Congested,0
cluster_2461880040_2461880142_8131892137,1,1,0,0,r,G,2.0,Non-Congested,Non-Congested,0
cluster_2461880136_4910664147_50607912_8131882097,0,3,0,0,r,G,0.0,Non-Congested,Non-Congested,0
132200274,0,4,0,4,r,G,0.0,Non-Congested,Congested,2
181747232,2,1,1,1,G,r,5.0,Non-Congested,Non-Congested,0
47217361,1,4,0,0,r,G,0.0,Non-Congested,Non-Congested,0
cluster_181310323_5380872437,1,0,0,0,r,G,0.0,Non-Congested,Non-Congested,0
cluster_2455590523_389713_47212064,0,2,0,1,y,r,3.0,Non-Congested,Non-Congested,0
cluster_2461783448_38980632_5243070374,5,4,0,4,G,r,0.0,Non-Congested,Non-Congested,0
cluster_2461880040_2461880142_8131892137,2,2,0,0,r,G,1.0,Non-Congested,Non-Congested,0
cluster_2461880136_4910664147_50607912_8131882097,0,3,0,0,r,G,0.0,Non-Congested,Non-Congested,0
132200274,0,4,0,4,r,y,2.0,Non-Congested,Congested,1
181747232,2,1,1,1,G,r,4.0,Non-Congested,Non-Congested,0
47217361,2,4,0,0,r,G,0.0,Non-Congested,Non-Congested,0
cluster_181310323_5380872437,1,0,0,0,r,y,3.0,Non-Congested,Non-Congested,0
cluster_2455590523_389713_47212064,0,2,0,1,y,r,2.0,Non-Congested,Non-Congested,0
cluster_2461783448_38980632_5243070374,5,4,0,4,G,r,0.0,Non-Congested,Non-Congested,0
cluster_2461880040_2461880142_8131892137,2,2,0,0,r,G,0.0,Non-Congested,Non-Congested,0
cluster_2461880136_4910664147_50607912_8131882097,0,4,0,0,r,y,2.0,Non-Congested,Non-Congested,0
132200274,0,4,0,4,r,y,1.0,Non-Congested,Congested,1
181747232,2,1,1,1,G,r,3.0,Non-Congested,Non-Congested,0
47217361,2,4,0,0,r,G,1.0,Non-Congested,Non-Congested,0
cluster_181310323_5380872437,1,0,0,0,r,y,2.0,Non-Congested,Non-Congested,0
cluster_2455590523_389713_47212064,0,2,0,1,y,r,1.0,Non-Congested,Non-Congested,0
cluster_2461783448_38980632_5243070374,5,4,0,4,G,r,1.0,Non-Congested,Non-Congested,0
cluster_2461880040_2461880142_8131892137,3,3,0,0,r,y,4.0,Non-Congested,Non-Congested,0
cluster_2461880136_4910664147_50607912_8131882097,0,3,0,0,r,y,1.0,Non-Congested,Non-Congested,0
132200274,0,4,0,4,r,y,0.0,Non-Congested,Congested,1
181747232,2,1,1,1,G,r,2.0,Non-Congested,Non-Congested,0
47217361,2,3,0,0,r,G,0.0,Non-Congested,Non-Congested,0
cluster_181310323_5380872437,1,0,0,0,r,y,1.0,Non-Congested,Non-Congested,0
cluster_2455590523_389713_47212064,0,2,0,1,y,r,0.0,Non-Congested,Non-Congested,0
cluster_2461783448_38980632_5243070374,4,4,0,4,G,r,0.0,Non-Congested,Non-Congested,0
cluster_2461880040_2461880142_8131892137,3,3,0,0,r,y,3.0,Non-Congested,Non-Congested,0
cluster_2461880136_4910664147_50607912_8131882097,0,3,0,0,r,y,0.0,Non-Congested,Non-Congested,0
132200274,0,4,0,4,G,r,4.0,Non-Congested,Congested,1
181747232,2,1,0,0,G,r,1.0,Non-Congested,Non-Congested,0
47217361,2,3,0,0,r,G,1.0,Non-Congested,Non-Congested,0
cluster_181310323_5380872437,1,0,0,0,r,y,0.0,Non-Congested,Non-Congested,0
cluster_2455590523_389713_47212064,0,4,0,1,r,r,6.0,Non-Congested,Non-Congested,0
cluster_2461783448_38980632_5243070374,4,4,0,4,G,r,1.0,Non-Congested,Non-Congested,0
cluster_2461880040_2461880142_8131892137,3,4,0,0,r,y,2.0,Non-Congested,Non-Congested,0
cluster_2461880136_4910664147_50607912_8131882097,0,3,0,0,r,r,0.0,Non-Congested,Non-Congested,0
132200274,0,4,0,4,G,r,3.0,Non-Congested,Congested,1
181747232,1,0,0,0,G,r,0.0,Non-Congested,Non-Congested,0
47217361,2,4,0,0,r,G,0.0,Non-Congested,Non-Congested,0
cluster_181310323_5380872437,1,0,0,0,G,r,6.0,Non-Congested,Non-Congested,0
cluster_2455590523_389713_47212064,0,2,0,1,r,r,5.0,Non-Congested,Congested,1
cluster_2461783448_38980632_5243070374,3,5,0,4,G,r,0.0,Non-Congested,Non-Congested,0
cluster_2461880040_2461880142_8131892137,3,4,0,0,r,y,1.0,Non-Congested,Non-Congested,0
cluster_2461880136_4910664147_50607912_8131882097,0,2,0,0,G,r,4.0,Non-Congested,Non-Congested,0
132200274,0,4,0,4,G,r,2.0,Non-Congested,Congested,1
181747232,1,0,0,0,y,r,3.0,Non-Congested,Non-Congested,0
47217361,2,3,0,0,r,G,1.0,Non-Congested,Non-Congested,0
cluster_1420096799_47154676,1,0,0,0,r,G,0.0,Non-Congested,Non-Congested,0
cluster_181310323_5380872437,1,0,0,0,G,r,5.0,Non-Congested,Non-Congested,0
cluster_2455590523_389713_47212064,0,1,0,1,r,r,4.0,Non-Congested,Congested,1
cluster_2461783448_38980632_5243070374,4,5,0,4,G,r,0.0,Non-Congested,Non-Congested,0
cluster_2461880040_2461880142_8131892137,2,3,0,0,r,y,0.0,Non-Congested,Congested,1
cluster_2461880136_4910664147_50607912_8131882097,0,2,0,0,G,r,3.0,Non-Congested,Non-Congested,0
132200274,0,4,0,4,G,r,1.0,Non-Congested,Congested,1
181747232,1,0,0,0,y,r,2.0,Non-Congested,Non-Congested,0
47217361,3,3,0,0,r,G,0.0,Non-Congested,Non-Congested,0
cluster_1420096799_47154676,1,0,0,0,r,y,3.0,Non-Congested,Non-Congested,0
cluster_181310323_5380872437,1,0,0,0,G,r,4.0,Non-Congested,Non-Congested,0
cluster_2455590523_389713_47212064,0,1,0,1,r,r,3.0,Non-Congested,Congested,1
cluster_2461783448_38980632_5243070374,4,5,0,4,G,r,1.0,Non-Congested,Non-Congested,0
cluster_2461880040_2461880142_8131892137,2,3,0,0,r,r,4.0,Non-Congested,Congested,1
cluster_2461880136_4910664147_50607912_8131882097,0,1,0,0,G,r,2.0,Non-Congested,Non-Congested,0
132200274,0,4,0,4,G,r,0.0,Non-Congested,Congested,1
181747232,1,0,0,0,y,r,1.0,Non-Congested,Non-Congested,0
47217361,3,2,0,0,r,G,1.0,Non-Congested,Non-Congested,0
cluster_1420096799_47154676,1,0,0,0,r,y,2.0,Non-Congested,Non-Congested,0
cluster_181310323_5380872437,1,0,0,0,G,r,3.0,Non-Congested,Non-Congested,0
cluster_2455590523_389713_47212064,0,2,0,1,r,r,2.0,Non-Congested,Non-Congested,0
cluster_2461783448_38980632_5243070374,3,5,0,4,G,r,0.0,Non-Congested,Non-Congested,0
cluster_2461880040_2461880142_8131892137,1,3,0,0,r,r,3.0,Non-Congested,Congested,1
cluster_2461880136_4910664147_50607912_8131882097,0,1,0,0,G,r,1.0,Non-Congested,Non-Congested,0
132200274,0,4,0,4,y,r,2.0,Non-Congested,Congested,1
181747232,1,0,0,0,y,r,0.0,Non-Congested,Non-Congested,0
47217361,3,2,0,0,r,G,0.0,Non-Congested,Non-Congested,0
cluster_1420096799_47154676,2,0,0,0,r,y,1.0,Non-Congested,Non-Congested,0
cluster_2455590523_389713_47212064,0,2,0,1,r,r,1.0,Non-Congested,Non-Congested,0
cluster_2461783448_38980632_5243070374,4,6,0,4,G,r,1.0,Non-Congested,Non-Congested,0
cluster_2461880040_2461880142_8131892137,1,3,0,0,r,r,2.0,Non-Congested,Congested,1
cluster_2461880136_4910664147_50607912_8131882097,0,1,0,0,G,r,0.0,Non-Congested,Non-Congested,0
132200274,0,4,0,4,y,r,1.0,Non-Congested,Congested,1
181747232,1,0,0,0,r,G,6.0,Non-Congested,Non-Congested,0
47217361,4,2,1,0,r,G,0.0,Non-Congested,Non-Congested,0
cluster_1420096799_47154676,2,0,0,0,r,y,0.0,Non-Congested,Non-Congested,0
cluster_2455590523_389713_47212064,0,1,0,1,r,r,0.0,Non-Congested,Non-Congested,0
cluster_2461783448_38980632_5243070374,3,6,0,4,G,r,0.0,Non-Congested,Non-Congested,0
cluster_2461880040_2461880142_8131892137,0,2,0,1,r,r,1.0,Non-Congested,Congested,1
cluster_2461880136_4910664147_50607912_8131882097,0,1,0,0,y,r,2.0,Non-Congested,Non-Congested,0
132200274,0,4,0,4,y,r,0.0,Non-Congested,Congested,1
181747232,1,0,0,0,r,G,5.0,Non-Congested,Non-Congested,0
47217361,4,1,2,0,r,G,1.0,Non-Congested,Non-Congested,0
cluster_1420096799_47154676,2,0,0,0,G,r,6.0,Non-Congested,Non-Congested,0
cluster_2455590523_389713_47212064,0,1,0,1,r,r,0.0,Non-Congested,Non-Congested,0
cluster_2461783448_38980632_5243070374,5,6,0,4,G,r,0.0,Non-Congested,Non-Congested,0
cluster_2461880040_2461880142_8131892137,0,2,0,1,r,r,0.0,Non-Congested,Congested,1
cluster_2461880136_4910664147_50607912_8131882097,0,1,0,0,y,r,1.0,Non-Congested,Non-Congested,0
132200274,0,4,0,4,r,G,4.0,Non-Congested,Congested,2
181747232,1,0,0,0,r,G,4.0,Non-Congested,Non-Congested,0
47217361,4,1,1,0,r,G,0.0,Non-Congested,Non-Congested,0
cluster_1420096799_47154676,1,0,0,0,G,r,5.0,Non-Congested,Non-Congested,0
cluster_2455590523_389713_47212064,0,1,0,1,r,r,0.0,Non-Congested,Non-Congested,0
cluster_2461783448_38980632_5243070374,5,6,0,4,G,r,0.0,Non-Congested,Non-Congested,0
cluster_2461880040_2461880142_8131892137,0,2,0,2,r,r,1.0,Non-Congested,Congested,1
132200274,0,5,0,4,r,G,3.0,Non-Congested,Congested,2
181747232,1,0,0,0,r,G,3.0,Non-Congested,Non-Congested,0
47217361,3,0,0,0,r,G,0.0,Non-Congested,Non-Congested,0
cluster_1420096799_47154676,1,0,0,0,G,r,4.0,Non-Congested,Non-Congested,0
cluster_2455590523_389713_47212064,1,1,0,1,r,r,3.0,Non-Congested,Non-Congested,0
cluster_2461783448_38980632_5243070374,6,6,1,4,G,r,1.0,Non-Congested,Non-Congested,0
cluster_2461880040_2461880142_8131892137,0,2,0,2,r,r,0.0,Non-Congested,Congested,1
132200274,0,5,0,4,r,G,2.0,Non-Congested,Congested,2
181747232,1,0,0,0,r,G,2.0,Non-Congested,Non-Congested,0
47217361,4,0,0,0,r,G,0.0,Non-Congested,Non-Congested,0
cluster_1420096799_47154676,1,0,0,0,G,r,3.0,Non-Congested,Non-Congested,0
cluster_2455590523_389713_47212064,1,1,0,1,r,r,2.0,Congested,Non-Congested,1
cluster_2461783448_38980632_5243070374,5,6,2,5,G,r,0.0,Non-Congested,Non-Congested,0
cluster_2461880040_2461880142_8131892137,0,2,0,2,r,r,1.0,Non-Congested,Congested,1
132200274,0,5,0,4,r,G,1.0,Non-Congested,Congested,2
181747232,1,0,0,0,r,G,1.0,Non-Congested,Non-Congested,0
47217361,4,0,0,0,r,y,2.0,Non-Congested,Non-Congested,0
cluster_2455590523_389713_47212064,1,1,0,1,r,r,1.0,Non-Congested,Non-Congested,0
cluster_2461783448_38980632_5243070374,6,6,3,5,G,r,1.0,Non-Congested,Non-Congested,0
cluster_2461880040_2461880142_8131892137,0,2,0,2,r,r,0.0,Non-Congested,Congested,1
132200274,0,5,0,4,r,G,0.0,Non-Congested,Congested,2
181747232,1,0,0,0,r,G,0.0,Non-Congested,Non-Congested,0
47217361,4,0,0,0,r,y,1.0,Non-Congested,Non-Congested,0
cluster_2455590523_389713_47212064,1,1,0,1,r,r,0.0,Non-Congested,Non-Congested,0
cluster_2461783448_38980632_5243070374,7,6,3,5,G,r,0.0,Non-Congested,Non-Congested,0
cluster_2461880040_2461880142_8131892137,0,2,0,2,r,r,1.0,Non-Congested,Congested,1
132200274,0,4,0,4,r,G,0.0,Non-Congested,Congested,2
181747232,1,0,0,0,r,y,3.0,Non-Congested,Non-Congested,0
47217361,3,0,0,0,r,y,0.0,Non-Congested,Non-Congested,0
cluster_1420096799_47154676,0,1,0,0,G,r,0.0,Non-Congested,Non-Congested,0
cluster_2455590523_389713_47212064,1,0,0,0,r,G,4.0,Non-Congested,Non-Congested,0
cluster_2461783448_38980632_5243070374,7,6,4,5,G,r,0.0,Non-Congested,Non-Congested,0
cluster_2461880040_2461880142_8131892137,0,2,0,2,r,r,0.0,Non-Congested,Congested,1
132200274,0,4,0,4,r,y,2.0,Non-Congested,Congested,1
181747232,1,0,0,0,r,y,2.0,Non-Congested,Non-Congested,0
47217361,3,1,0,0,G,r,4.0,Non-Congested,Non-Congested,0
cluster_1420096799_47154676,0,1,0,0,y,r,3.0,Non-Congested,Non-Congested,0
cluster_2455590523_389713_47212064,1,0,0,0,r,G,3.0,Non-Congested,Non-Congested,0
cluster_2461783448_38980632_5243070374,8,6,4,5,G,r,1.0,Congested,Non-Congested,2
cluster_2461880040_2461880142_8131892137,0,2,0,2,r,r,1.0,Non-Congested,Congested,1
132200274,1,4,0,4,r,y,1.0,Non-Congested,Congested,1
181747232,1,0,0,0,r,y,1.0,Non-Congested,Non-Congested,0
47217361,3,1,0,0,G,r,3.0,Non-Congested,Non-Congested,0
cluster_1420096799_47154676,0,1,0,0,y,r,2.0,Non-Congested,Non-Congested,0
cluster_2455590523_389713_47212064,1,0,1,0,r,G,2.0,Non-Congested,Non-Congested,0
cluster_2461783448_38980632_5243070374,8,6,5,6,G,r,0.0,Congested,Non-Congested,2
cluster_2461880040_2461880142_8131892137,0,2,0,2,r,r,0.0,Non-Congested,Congested,1
132200274,1,4,0,4,r,y,0.0,Non-Congested,Congested,1
181747232,1,0,0,0,r,y,0.0,Non-Congested,Non-Congested,0
47217361,3,1,0,0,G,r,2.0,Non-Congested,Non-Congested,0
cluster_1420096799_47154676,0,1,0,0,y,r,1.0,Non-Congested,Non-Congested,0
cluster_2455590523_389713_47212064,1,0,1,0,r,G,1.0,Non-Congested,Non-Congested,0
cluster_2461783448_38980632_5243070374,9,6,5,6,G,r,1.0,Congested,Non-Congested,2
cluster_2461880040_2461880142_8131892137,0,2,0,2,r,r,1.0,Non-Congested,Congested,1
cluster_2461880136_4910664147_50607912_8131882097,0,1,0,0,r,y,0.0,Non-Congested,Non-Congested,0
132200274,1,4,0,4,G,r,4.0,Non-Congested,Congested,1
47217361,2,1,0,0,G,r,1.0,Non-Congested,Non-Congested,0
cluster_1420096799_47154676,0,2,0,0,y,r,0.0,Non-Congested,Non-Congested,0
cluster_2455590523_389713_47212064,1,0,1,0,r,G,0.0,Non-Congested,Non-Congested,0
cluster_2461783448_38980632_5243070374,9,6,7,6,G,r,0.0,Congested,Non-Congested,2
cluster_2461880040_2461880142_8131892137,0,2,0,2,r,r,0.0,Non-Congested,Congested,1
cluster_2461880136_4910664147_50607912_8131882097,0,1,0,0,r,r,0.0,Non-Congested,Non-Congested,0
132200274,1,4,0,4,G,r,3.0,Non-Congested,Congested,1
47217361,2,1,0,0,G,r,0.0,Non-Congested,Non-Congested,0
cluster_1420096799_47154676,0,2,0,0,r,r,6.0,Non-Congested,Non-Congested,0
cluster_2455590523_389713_47212064,1,1,1,0,r,y,3.0,Non-Congested,Non-Congested,0
cluster_2461783448_38980632_5243070374,9,6,7,6,G,r,1.0,Congested,Non-Congested,2
cluster_2461880040_2461880142_8131892137,0,2,0,2,r,r,1.0,Non-Congested,Congested,1
cluster_2461880136_4910664147_50607912_8131882097,0,2,0,0,G,r,4.0,Non-Congested,Non-Congested,0
132200274,1,4,0,4,G,r,2.0,Non-Congested,Congested,1
181747232,1,1,0,0,G,r,4.0,Non-Congested,Non-Congested,0
47217361,2,2,0,0,y,r,2.0,Non-Congested,Non-Congested,0
cluster_1420096799_47154676,0,2,0,0,r,r,5.0,Non-Congested,Non-Congested,0
cluster_2455590523_389713_47212064,1,1,1,0,r,y,2.0,Non-Congested,Non-Congested,0
cluster_2461783448_38980632_5243070374,9,6,7,6,G,r,0.0,Congested,Non-Congested,2
cluster_2461880040_2461880142_8131892137,0,2,0,2,r,r,0.0,Non-Congested,Congested,1
cluster_2461880136_4910664147_50607912_8131882097,0,2,0,0,G,r,3.0,Non-Congested,Non-Congested,0
132200274,1,4,0,4,G,r,1.0,Non-Congested,Congested,1
181747232,1,1,0,0,G,r,3.0,Non-Congested,Non-Congested,0
47217361,1,2,0,0,y,r,1.0,Non-Congested,Non-Congested,0
cluster_1420096799_47154676,0,2,0,0,r,r,4.0,Non-Congested,Non-Congested,0
cluster_2455590523_389713_47212064,1,0,1,0,r,y,1.0,Non-Congested,Non-Congested,0
cluster_2461783448_38980632_5243070374,9,6,8,6,G,r,0.0,Congested,Non-Congested,2
cluster_2461880040_2461880142_8131892137,0,2,0,2,r,r,1.0,Non-Congested,Congested,1
cluster_2461880136_4910664147_50607912_8131882097,0,3,0,0,G,r,2.0,Non-Congested,Non-Congested,0
132200274,0,4,0,4,G,r,0.0,Non-Congested,Congested,1
181747232,1,1,0,0,G,r,2.0,Non-Congested,Non-Congested,0
47217361,1,2,0,0,y,r,0.0,Non-Congested,Non-Congested,0
cluster_1420096799_47154676,0,2,0,1,r,r,3.0,Non-Congested,Non-Congested,0
cluster_2455590523_389713_47212064,1,1,1,0,r,y,0.0,Non-Congested,Non-Congested,0
cluster_2461783448_38980632_5243070374,9,6,8,6,G,r,0.0,Congested,Non-Congested,2
cluster_2461880040_2461880142_8131892137,0,2,0,2,r,r,0.0,Non-Congested,Congested,1
cluster_2461880136_4910664147_50607912_8131882097,0,3,0,0,G,r,1.0,Non-Congested,Non-Congested,0
132200274,0,4,0,4,y,r,2.0,Non-Congested,Congested,1
181747232,1,1,0,0,G,r,1.0,Non-Congested,Non-Congested,0
47217361,1,2,0,0,r,r,4.0,Non-Congested,Non-Congested,0
cluster_1420096799_47154676,0,2,0,1,r,r,2.0,Non-Congested,Non-Congested,0
cluster_2455590523_389713_47212064,0,1,0,0,G,r,4.0,Non-Congested,Non-Congested,0
cluster_2461783448_38980632_5243070374,9,6,9,6,G,r,4.0,Congested,Non-Congested,2
cluster_2461880040_2461880142_8131892137,0,2,0,2,r,r,1.0,Non-Congested,Congested,1
cluster_2461880136_4910664147_50607912_8131882097,0,3,0,0,G,r,0.0,Non-Congested,Non-Congested,0
132200274,0,4,0,4,y,r,1.0,Non-Congested,Congested,1
181747232,1,1,0,0,G,r,0.0,Non-Congested,Non-Congested,0
47217361,0,2,0,0,r,r,3.0,Non-Congested,Non-Congested,0
cluster_1420096799_47154676,0,2,0,1,r,r,1.0,Non-Congested,Non-Congested,0
cluster_2455590523_389713_47212064,0,1,0,0,G,r,3.0,Non-Congested,Non-Congested,0
cluster_2461783448_38980632_5243070374,9,6,9,6,G,r,3.0,Congested,Non-Congested,2
cluster_2461880040_2461880142_8131892137,0,2,0,2,r,r,0.0,Non-Congested,Congested,1
cluster_2461880136_4910664147_50607912_8131882097,0,3,0,0,y,r,2.0,Non-Congested,Non-Congested,0
132200274,0,4,0,4,y,r,0.0,Non-Congested,Congested,1
181747232,1,1,0,0,y,r,3.0,Non-Congested,Non-Congested,0
47217361,0,2,0,0,r,r,2.0,Non-Congested,Non-Congested,0
cluster_1420096799_47154676,0,2,0,1,r,r,0.0,Non-Congested,Non-Congested,0
cluster_2455590523_389713_47212064,0,1,0,0,G,r,2.0,Non-Congested,Non-Congested,0
cluster_2461783448_38980632_5243070374,9,6,9,6,G,r,2.0,Congested,Non-Congested,2
cluster_2461880040_2461880142_8131892137,0,2,0,2,r,r,1.0,Non-Congested,Congested,1
cluster_2461880136_4910664147_50607912_8131882097,0,3,0,0,y,r,1.0,Non-Congested,Non-Congested,0
132200274,0,4,0,4,r,G,4.0,Non-Congested,Congested,2
181747232,1,1,0,0,y,r,2.0,Non-Congested,Non-Congested,0
47217361,0,3,0,0,r,r,1.0,Non-Congested,Non-Congested,0
cluster_1420096799_47154676,0,2,0,1,r,r,3.0,Non-Congested,Non-Congested,0
cluster_2455590523_389713_47212064,0,1,0,1,G,r,1.0,Non-Congested,Non-Congested,0
cluster_2461783448_38980632_5243070374,9,6,9,6,G,r,1.0,Congested,Non-Congested,2
cluster_2461880040_2461880142_8131892137,0,2,0,2,r,r,0.0,Non-Congested,Congested,1
cluster_2461880136_4910664147_50607912_8131882097,0,3,0,0,y,r,0.0,Non-Congested,Non-Congested,0
132200274,0,4,0,4,r,G,3.0,Non-Congested,Congested,2
181747232,1,1,0,0,y,r,1.0,Non-Congested,Non-Congested,0
47217361,0,3,0,0,r,r,0.0,Non-Congested,Non-Congested,0
cluster_1420096799_47154676,0,2,0,1,r,r,2.0,Non-Congested,Non-Congested,0
cluster_2455590523_389713_47212064,0,1,0,1,G,r,0.0,Non-Congested,Non-Congested,0
cluster_2461783448_38980632_5243070374,9,6,9,6,G,r,0.0,Congested,Non-Congested,2
cluster_2461880040_2461880142_8131892137,0,2,0,2,r,r,1.0,Non-Congested,Congested,1
cluster_2461880136_4910664147_50607912_8131882097,0,2,0,0,r,G,4.0,Non-Congested,Non-Congested,0
132200274,0,4,0,4,r,G,2.0,Non-Congested,Congested,2
47217361,0,3,0,0,r,r,2.0,Non-Congested,Non-Congested,0
cluster_1420096799_47154676,0,1,0,1,r,r,1.0,Non-Congested,Non-Congested,0
cluster_2455590523_389713_47212064,0,1,0,1,y,r,3.0,Non-Congested,Non-Congested,0
cluster_2461783448_38980632_5243070374,9,6,9,6,G,r,9.0,Congested,Non-Congested,2
cluster_2461880040_2461880142_8131892137,0,2,0,2,r,r,0.0,Non-Congested,Congested,1
cluster_2461880136_4910664147_50607912_8131882097,0,2,0,0,r,G,3.0,Non-Congested,Non-Congested,0
132200274,0,4,0,4,r,G,1.0,Non-Congested,Congested,2
47217361,1,3,0,0,r,r,1.0,Non-Congested,Non-Congested,0
cluster_1420096799_47154676,0,1,0,1,r,r,0.0,Non-Congested,Non-Congested,0
cluster_2455590523_389713_47212064,0,1,0,1,y,r,2.0,Non-Congested,Non-Congested,0
cluster_2461783448_38980632_5243070374,9,6,9,6,G,r,8.0,Congested,Non-Congested,2
cluster_2461880040_2461880142_8131892137,0,2,0,2,r,r,1.0,Non-Congested,Congested,1
cluster_2461880136_4910664147_50607912_8131882097,0,2,0,0,r,G,2.0,Non-Congested,Non-Congested,0
cluster_59665162_8742497506,1,0,0,0,r,y,0.0,Non-Congested,Non-Congested,0
132200274,0,4,0,4,r,G,0.0,Non-Congested,Congested,2
47217361,1,3,0,0,r,r,0.0,Non-Congested,Non-Congested,0
cluster_1420096799_47154676,0,2,0,0,r,G,6.0,Non-Congested,Non-Congested,0
cluster_2455590523_389713_47212064,0,1,0,1,y,r,1.0,Non-Congested,Non-Congested,0
cluster_2461783448_38980632_5243070374,9,6,9,6,G,r,7.0,Congested,Non-Congested,2
cluster_2461880040_2461880142_8131892137,0,2,0,2,r,r,0.0,Non-Congested,Congested,1
cluster_2461880136_4910664147_50607912_8131882097,0,2,0,0,r,G,1.0,Non-Congested,Non-Congested,0
132200274,0,4,0,4,r,y,2.0,Non-Congested,Congested,1
47217361,1,2,0,0,r,G,4.0,Non-Congested,Non-Congested,0
cluster_1420096799_47154676,0,1,0,0,r,G,5.0,Non-Congested,Non-Congested,0
cluster_2455590523_389713_47212064,0,1,0,1,y,r,0.0,Non-Congested,Non-Congested,0
cluster_2461783448_38980632_5243070374,9,6,9,6,G,r,6.0,Congested,Non-Congested,2
cluster_2461880040_2461880142_8131892137,0,2,0,2,r,r,1.0,Non-Congested,Congested,1
cluster_2461880136_4910664147_50607912_8131882097,0,1,0,0,r,G,0.0,Non-Congested,Non-Congested,0
132200274,0,4,0,4,r,y,1.0,Non-Congested,Congested,1
47217361,1,2,0,0,r,G,3.0,Non-Congested,Non-Congested,0
cluster_1420096799_47154676,0,1,0,0,r,G,4.0,Non-Congested,Non-Congested,0
cluster_2455590523_389713_47212064,0,2,0,1,r,r,6.0,Non-Congested,Congested,1
cluster_2461783448_38980632_5243070374,9,6,9,6,G,r,5.0,Congested,Non-Congested,2
cluster_2461880040_2461880142_8131892137,0,2,0,2,r,r,0.0,Non-Congested,Congested,1
cluster_2461880136_4910664147_50607912_8131882097,0,1,0,0,r,G,0.0,Non-Congested,Non-Congested,0
132200274,0,4,0,4,r,y,0.0,Non-Congested,Congested,1
47217361,1,2,0,0,r,G,2.0,Non-Congested,Non-Congested,0
cluster_1420096799_47154676,0,1,0,0,r,G,3.0,Non-Congested,Non-Congested,0
cluster_2455590523_389713_47212064,1,2,0,1,r,r,5.0,Non-Congested,Congested,1
cluster_2461783448_38980632_5243070374,9,6,9,6,G,r,4.0,Congested,Non-Congested,2
cluster_2461880040_2461880142_8131892137,0,2,0,2,r,r,1.0,Non-Congested,Congested,1
cluster_2461880136_4910664147_50607912_8131882097,0,2,0,0,r,y,2.0,Non-Congested,Non-Congested,0
132200274,0,4,0,4,G,r,4.0,Non-Congested,Congested,1
47217361,1,2,0,0,r,G,1.0,Non-Congested,Non-Congested,0
cluster_1420096799_47154676,0,1,0,0,r,G,2.0,Non-Congested,Non-Congested,0
cluster_2455590523_389713_47212064,1,1,0,1,r,r,4.0,Non-Congested,Congested,1
cluster_2461783448_38980632_5243070374,9,6,9,6,G,r,3.0,Congested,Non-Congested,2
cluster_2461880040_2461880142_8131892137,0,2,0,2,r,r,0.0,Non-Congested,Congested,1
cluster_2461880136_4910664147_50607912_8131882097,0,2,0,0,r,y,1.0,Non-Congested,Non-Congested,0
132200274,0,4,0,4,G,r,3.0,Non-Congested,Congested,1
47217361,1,3,0,0,r,G,0.0,Non-Congested,Non-Congested,0
cluster_1420096799_47154676,0,1,0,0,r,G,1.0,Non-Congested,Non-Congested,0
cluster_2455590523_389713_47212064,1,1,0,1,r,r,3.0,Non-Congested,Non-Congested,0
cluster_2461783448_38980632_5243070374,9,6,9,6,G,r,2.0,Congested,Non-Congested,2
cluster_2461880040_2461880142_8131892137,0,2,0,2,r,r,1.0,Non-Congested,Congested,1
cluster_2461880136_4910664147_50607912_8131882097,0,2,0,0,r,y,0.0,Non-Congested,Non-Congested,0
132200274,0,4,0,4,G,r,2.0,Non-Congested,Congested,1
47217361,1,2,1,0,r,G,0.0,Non-Congested,Non-Congested,0
cluster_1420096799_47154676,0,1,0,0,r,G,0.0,Non-Congested,Non-Congested,0
cluster_2455590523_389713_47212064,1,1,0,1,r,r,2.0,Non-Congested,Non-Congested,0
cluster_2461783448_38980632_5243070374,9,6,9,6,G,r,1.0,Congested,Non-Congested,2
cluster_2461880040_2461880142_8131892137,0,2,0,2,r,r,0.0,Non-Congested,Congested,1
cluster_2461880136_4910664147_50607912_8131882097,0,3,0,1,r,r,0.0,Non-Congested,Non-Congested,0
132200274,0,4,0,4,G,r,1.0,Non-Congested,Congested,1
47217361,2,2,1,0,r,G,0.0,Non-Congested,Non-Congested,0
cluster_1420096799_47154676,0,1,0,0,r,G,1.0,Non-Congested,Non-Congested,0
cluster_2455590523_389713_47212064,1,1,0,1,r,r,1.0,Non-Congested,Non-Congested,0
cluster_2461783448_38980632_5243070374,9,6,9,6,G,r,0.0,Congested,Non-Congested,2
cluster_2461880040_2461880142_8131892137,0,2,0,2,r,r,4.0,Non-Congested,Congested,1
cluster_2461880136_4910664147_50607912_8131882097,0,3,0,1,G,r,4.0,Non-Congested,Non-Congested,0
132200274,0,4,0,4,G,r,0.0,Non-Congested,Congested,1
47217361,2,2,1,0,r,y,2.0,Non-Congested,Non-Congested,0
cluster_2455590523_389713_47212064,1,1,1,1,r,r,0.0,Non-Congested,Non-Congested,0
cluster_2461783448_38980632_5243070374,9,6,9,6,y,r,4.0,Congested,Non-Congested,1
cluster_2461880040_2461880142_8131892137,0,2,0,2,r,r,3.0,Non-Congested,Congested,1
cluster_2461880136_4910664147_50607912_8131882097,0,3,0,1,G,r,3.0,Non-Congested,Non-Congested,0
132200274,0,4,0,4,y,r,2.0,Non-Congested,Congested,1
47217361,2,2,1,0,r,y,1.0,Non-Congested,Non-Congested,0
cluster_1420096799_47154676,0,1,0,0,r,G,0.0,Non-Congested,Non-Congested,0
cluster_2455590523_389713_47212064,1,1,1,1,r,r,1.0,Non-Congested,Non-Congested,0
cluster_2461783448_38980632_5243070374,9,6,9,6,y,r,3.0,Congested,Non-Congested,1
cluster_2461880040_2461880142_8131892137,0,2,0,2,r,r,2.0,Non-Congested,Congested,1
cluster_2461880136_4910664147_50607912_8131882097,0,3,0,1,G,r,2.0,Non-Congested,Non-Congested,0
132200274,0,4,0,4,y,r,1.0,Non-Congested,Congested,1
47217361,2,2,1,0,r,y,0.0,Non-Congested,Non-Congested,0
cluster_1420096799_47154676,0,1,0,0,r,y,3.0,Non-Congested,Non-Congested,0
cluster_2455590523_389713_47212064,2,1,1,1,r,r,0.0,Non-Congested,Non-Congested,0
cluster_2461783448_38980632_5243070374,9,6,9,6,y,r,2.0,Congested,Non-Congested,1
cluster_2461880040_2461880142_8131892137,0,2,0,2,r,r,1.0,Non-Congested,Congested,1
cluster_2461880136_4910664147_50607912_8131882097,0,3,0,1,G,r,1.0,Non-Congested,Non-Congested,0
132200274,0,4,0,4,y,r,0.0,Non-Congested,Congested,1
47217361,1,2,0,0,G,r,4.0,Non-Congested,Non-Congested,0
cluster_1420096799_47154676,0,1,0,0,r,y,2.0,Non-Congested,Non-Congested,0
cluster_2455590523_389713_47212064,1,1,1,1,r,r,0.0,Non-Congested,Non-Congested,0
cluster_2461783448_38980632_5243070374,9,6,9,6,y,r,1.0,Congested,Non-Congested,1
cluster_2461880040_2461880142_8131892137,0,2,0,2,r,r,0.0,Non-Congested,Congested,1
cluster_2461880136_4910664147_50607912_8131882097,0,3,0,1,G,r,0.0,Non-Congested,Non-Congested,0
132200274,0,4,0,4,r,G,4.0,Non-Congested,Congested,2
47217361,2,2,0,0,G,r,3.0,Non-Congested,Non-Congested,0
cluster_1420096799_47154676,0,1,0,0,r,y,1.0,Non-Congested,Non-Congested,0
cluster_2455590523_389713_47212064,1,1,1,1,r,r,0.0,Non-Congested,Non-Congested,0
cluster_2461783448_38980632_5243070374,9,7,9,6,y,r,0.0,Congested,Non-Congested,1
cluster_2461880040_2461880142_8131892137,0,2,0,2,G,r,4.0,Non-Congested,Congested,1
cluster_2461880136_4910664147_50607912_8131882097,0,3,0,1,y,r,2.0,Non-Congested,Non-Congested,0
132200274,0,4,0,4,r,G,3.0,Non-Congested,Congested,2
47217361,2,1,0,0,G,r,2.0,Non-Congested,Non-Congested,0
cluster_1420096799_47154676,0,1,0,0,r,y,0.0,Non-Congested,Non-Congested,0
cluster_2455590523_389713_47212064,1,1,1,1,r,r,3.0,Non-Congested,Congested,1
cluster_2461783448_38980632_5243070374,9,6,9,5,r,G,4.0,Congested,Non-Congested,1
cluster_2461880040_2461880142_8131892137,0,2,0,2,G,r,3.0,Non-Congested,Congested,1
cluster_2461880136_4910664147_50607912_8131882097,0,3,0,1,y,r,1.0,Non-Congested,Non-Congested,0
132200274,0,4,0,4,r,G,2.0,Non-Congested,Congested,2
47217361,2,2,0,0,G,r,1.0,Non-Congested,Non-Congested,0
cluster_1420096799_47154676,1,1,0,0,G,r,6.0,Non-Congested,Non-Congested,0
cluster_181310323_5380872437,1,0,0,0,G,r,4.0,Non-Congested,Non-Congested,0
cluster_2455590523_389713_47212064,1,1,1,1,r,r,2.0,Non-Congested,Non-Congested,0
cluster_2461783448_38980632_5243070374,9,6,9,4,r,G,3.0,Congested,Non-Congested,1
cluster_2461880040_2461880142_8131892137,0,2,0,2,G,r,2.0,Non-Congested,Congested,1
cluster_2461880136_4910664147_50607912_8131882097,0,3,0,1,y,r,0.0,Non-Congested,Non-Congested,0
132200274,0,4,0,4,r,G,1.0,Non-Congested,Congested,2
47217361,2,2,1,0,G,r,0.0,Non-Congested,Non-Congested,0
cluster_1420096799_47154676,1,1,0,0,G,r,5.0,Non-Congested,Non-Congested,0
cluster_181310323_5380872437,1,0,0,0,G,r,3.0,Non-Congested,Non-Congested,0
cluster_2455590523_389713_47212064,1,1,1,1,r,r,1.0,Non-Congested,Non-Congested,0
cluster_2461783448_38980632_5243070374,9,6,9,3,r,G,2.0,Congested,Non-Congested,5
cluster_2461880040_2461880142_8131892137,0,2,0,2,G,r,1.0,Non-Congested,Congested,1
cluster_2461880136_4910664147_50607912_8131882097,0,1,0,0,r,G,4.0,Non-Congested,Non-Congested,0
132200274,0,4,0,4,r,G,0.0,Non-Congested,Congested,2
47217361,1,2,1,0,G,r,1.0,Non-Congested,Non-Congested,0
cluster_1420096799_47154676,1,1,0,0,G,r,4.0,Non-Congested,Non-Congested,0
cluster_181310323_5380872437,1,0,0,0,G,r,2.0,Non-Congested,Non-Congested,0
cluster_2455590523_389713_47212064,1,1,1,1,r,r,0.0,Non-Congested,Non-Congested,0
cluster_2461783448_38980632_5243070374,8,7,8,2,r,G,1.0,Congested,Non-Congested,5
cluster_2461880040_2461880142_8131892137,0,2,0,2,G,r,0.0,Non-Congested,Congested,1
cluster_2461880136_4910664147_50607912_8131882097,0,1,0,0,r,G,3.0,Non-Congested,Non-Congested,0
132200274,0,4,0,4,r,y,2.0,Non-Congested,Congested,1
47217361,1,3,1,0,G,r,0.0,Non-Congested,Non-Congested,0
cluster_1420096799_47154676,1,1,0,0,G,r,3.0,Non-Congested,Non-Congested,0
cluster_181310323_5380872437,1,0,0,0,G,r,1.0,Non-Congested,Non-Congested,0
cluster_2455590523_389713_47212064,2,0,1,0,r,G,4.0,Non-Congested,Non-Congested,0
cluster_2461783448_38980632_5243070374,8,7,7,1,r,G,0.0,Congested,Non-Congested,5
cluster_2461880040_2461880142_8131892137,0,2,0,2,y,r,4.0,Non-Congested,Congested,1
132200274,0,3,0,3,r,y,1.0,Non-Congested,Congested,1
47217361,1,3,1,0,G,r,0.0,Non-Congested,Non-Congested,0
cluster_1420096799_47154676,1,1,0,0,G,r,2.0,Non-Congested,Non-Congested,0
cluster_181310323_5380872437,1,0,0,0,G,r,0.0,Non-Congested,Non-Congested,0
cluster_2455590523_389713_47212064,2,0,1,0,r,G,3.0,Congested,Non-Congested,1
cluster_2461783448_38980632_5243070374,8,6,6,0,r,G,0.0,Congested,Non-Congested,5
cluster_2461880040_2461880142_8131892137,0,2,0,2,y,r,3.0,Non-Congested,Congested,1
132200274,0,4,0,2,r,y,0.0,Non-Congested,Congested,1
181747232,1,0,0,0,y,r,1.0,Non-Congested,Non-Congested,0
47217361,1,3,1,0,G,r,0.0,Non-Congested,Non-Congested,0
cluster_1420096799_47154676,1,1,0,0,G,r,1.0,Non-Congested,Non-Congested,0
cluster_181310323_5380872437,1,0,0,0,y,r,3.0,Non-Congested,Non-Congested,0
cluster_2455590523_389713_47212064,2,0,1,0,r,G,2.0,Non-Congested,Non-Congested,0
cluster_2461783448_38980632_5243070374,8,7,5,0,r,G,0.0,Non-Congested,Non-Congested,0
cluster_2461880040_2461880142_8131892137,0,2,0,2,y,r,2.0,Non-Congested,Congested,1
132200274,0,4,0,1,G,r,4.0,Non-Congested,Congested,1
181747232,1,0,0,0,y,r,0.0,Non-Congested,Non-Congested,0
47217361,1,3,1,0,y,r,2.0,Non-Congested,Non-Congested,0
cluster_181310323_5380872437,1,0,0,0,y,r,2.0,Non-Congested,Non-Congested,0
cluster_2455590523_389713_47212064,2,0,1,0,r,G,1.0,Non-Congested,Non-Congested,0
cluster_2461783448_38980632_5243070374,8,7,4,0,r,G,1.0,Non-Congested,Non-Congested,0
cluster_2461880040_2461880142_8131892137,0,2,0,2,y,r,1.0,Non-Congested,Congested,1
cluster_2461880136_4910664147_50607912_8131882097,0,1,0,0,r,y,2.0,Non-Congested,Non-Congested,0
132200274,0,4,0,1,G,r,3.0,Non-Congested,Congested,1
181747232,1,0,0,0,r,G,6.0,Non-Congested,Non-Congested,0
47217361,1,3,1,1,y,r,1.0,Non-Congested,Non-Congested,0
cluster_181310323_5380872437,1,0,0,0,y,r,1.0,Non-Congested,Non-Congested,0
cluster_2455590523_389713_47212064,2,0,1,0,r,G,0.0,Non-Congested,Non-Congested,0
cluster_2461783448_38980632_5243070374,7,5,3,0,r,G,0.0,Non-Congested,Non-Congested,0
cluster_2461880040_2461880142_8131892137,0,2,0,2,y,r,0.0,Non-Congested,Congested,1
cluster_2461880136_4910664147_50607912_8131882097,0,1,0,0,r,y,1.0,Non-Congested,Non-Congested,0
132200274,0,4,0,1,G,r,2.0,Non-Congested,Congested,1
181747232,1,0,0,0,r,G,5.0,Non-Congested,Non-Congested,0
47217361,1,2,0,1,y,r,0.0,Non-Congested,Non-Congested,0
cluster_181310323_5380872437,1,0,0,0,y,r,0.0,Non-Congested,Non-Congested,0
cluster_2455590523_389713_47212064,2,2,2,0,r,G,1.0,Non-Congested,Non-Congested,0
cluster_2461783448_38980632_5243070374,6,6,3,0,r,G,1.0,Non-Congested,Non-Congested,0
cluster_2461880040_2461880142_8131892137,0,2,0,1,r,G,9.0,Non-Congested,Congested,2
cluster_2461880136_4910664147_50607912_8131882097,0,1,0,0,r,y,0.0,Non-Congested,Non-Congested,0
132200274,0,3,0,1,G,r,1.0,Non-Congested,Congested,1
181747232,1,0,0,0,r,G,4.0,Non-Congested,Non-Congested,0
47217361,0,2,0,1,r,r,4.0,Non-Congested,Non-Congested,0
cluster_181310323_5380872437,1,0,0,0,r,G,4.0,Non-Congested,Non-Congested,0
cluster_2455590523_389713_47212064,2,2,2,0,r,G,0.0,Non-Congested,Non-Congested,0
cluster_2461783448_38980632_5243070374,6,5,3,0,r,G,0.0,Non-Congested,Non-Congested,0
cluster_2461880040_2461880142_8131892137,0,1,0,0,r,G,8.0,Non-Congested,Congested,2
cluster_2461880136_4910664147_50607912_8131882097,0,1,0,0,r,r,0.0,Non-Congested,Non-Congested,0
132200274,0,3,0,2,G,r,0.0,Non-Congested,Congested,1
181747232,1,0,0,0,r,G,3.0,Non-Congested,Non-Congested,0
47217361,0,2,0,1,r,r,3.0,Non-Congested,Non-Congested,0
cluster_181310323_5380872437,1,0,0,0,r,G,3.0,Non-Congested,Non-Congested,0
cluster_2455590523_389713_47212064,2,2,2,0,r,G,0.0,Non-Congested,Non-Congested,0
cluster_2461783448_38980632_5243070374,5,4,3,0,r,G,1.0,Non-Congested,Non-Congested,0
cluster_2461880040_2461880142_8131892137,0,1,0,0,r,G,7.0,Non-Congested,Congested,2
cluster_2461880136_4910664147_50607912_8131882097,0,1,0,0,G,r,4.0,Non-Congested,Non-Congested,0
132200274,0,3,0,2,y,r,2.0,Non-Congested,Congested,1
181747232,1,0,0,0,r,G,2.0,Non-Congested,Non-Congested,0
47217361,0,1,0,1,r,r,2.0,Non-Congested,Non-Congested,0
cluster_181310323_5380872437,1,0,0,0,r,G,2.0,Non-Congested,Non-Congested,0
cluster_2455590523_389713_47212064,2,1,2,1,r,y,3.0,Non-Congested,Non-Congested,0
cluster_2461783448_38980632_5243070374,5,4,3,0,r,G,0.0,Non-Congested,Non-Congested,0
cluster_2461880040_2461880142_8131892137,0,1,0,0,r,G,6.0,Non-Congested,Non-Congested,0
cluster_2461880136_4910664147_50607912_8131882097,0,1,0,0,G,r,3.0,Non-Congested,Non-Congested,0
132200274,0,2,0,2,y,r,1.0,Non-Congested,Congested,1
181747232,1,0,0,0,r,G,1.0,Non-Congested,Non-Congested,0
47217361,0,1,0,1,r,r,1.0,Non-Congested,Non-Congested,0
cluster_181310323_5380872437,1,0,0,0,r,G,1.0,Non-Congested,Non-Congested,0
cluster_2455590523_389713_47212064,2,2,2,1,r,y,2.0,Non-Congested,Non-Congested,0
cluster_2461783448_38980632_5243070374,5,3,3,0,r,G,1.0,Non-Congested,Non-Congested,0
cluster_2461880040_2461880142_8131892137,0,1,0,0,r,G,5.0,Non-Congested,Non-Congested,0
cluster_2461880136_4910664147_50607912_8131882097,0,1,0,0,G,r,2.0,Non-Congested,Non-Congested,0
132200274,0,2,0,2,y,r,0.0,Non-Congested,Congested,1
181747232,1,0,0,0,r,G,0.0,Non-Congested,Non-Congested,0
47217361,0,1,0,1,r,r,0.0,Non-Congested,Non-Congested,0
cluster_181310323_5380872437,1,0,0,0,r,G,0.0,Non-Congested,Non-Congested,0
cluster_2455590523_389713_47212064,2,2,2,1,r,y,1.0,Non-Congested,Non-Congested,0
cluster_2461783448_38980632_5243070374,5,4,3,0,r,G,0.0,Non-Congested,Non-Congested,0
cluster_2461880040_2461880142_8131892137,0,1,0,0,r,G,4.0,Non-Congested,Non-Congested,0
cluster_2461880136_4910664147_50607912_8131882097,0,2,0,0,G,r,1.0,Non-Congested,Non-Congested,0
132200274,0,1,0,0,r,G,4.0,Non-Congested,Congested,2
181747232,1,0,0,0,r,y,3.0,Non-Congested,Non-Congested,0
47217361,0,1,0,1,r,r,2.0,Non-Congested,Non-Congested,0
cluster_181310323_5380872437,1,0,0,0,r,y,3.0,Non-Congested,Non-Congested,0
cluster_2455590523_389713_47212064,2,2,2,1,r,y,0.0,Non-Congested,Non-Congested,0
cluster_2461783448_38980632_5243070374,6,2,3,0,r,G,0.0,Non-Congested,Non-Congested,0
cluster_2461880040_2461880142_8131892137,1,1,0,0,r,G,3.0,Non-Congested,Non-Congested,0
cluster_2461880136_4910664147_50607912_8131882097,0,2,0,0,G,r,0.0,Non-Congested,Non-Congested,0
181747232,1,0,0,0,r,y,2.0,Non-Congested,Non-Congested,0
47217361,0,2,0,1,r,r,1.0,Non-Congested,Non-Congested,0
cluster_181310323_5380872437,1,0,0,0,r,y,2.0,Non-Congested,Non-Congested,0
cluster_2455590523_389713_47212064,1,2,1,2,G,r,4.0,Non-Congested,Non-Congested,0
cluster_2461783448_38980632_5243070374,6,2,4,0,r,G,1.0,Non-Congested,Non-Congested,0
cluster_2461880040_2461880142_8131892137,1,1,0,0,r,G,2.0,Non-Congested,Non-Congested,0
cluster_2461880136_4910664147_50607912_8131882097,0,2,0,0,y,r,2.0,Non-Congested,Non-Congested,0
181747232,1,0,0,0,r,y,1.0,Non-Congested,Non-Congested,0
47217361,0,2,0,1,r,r,0.0,Non-Congested,Non-Congested,0
cluster_181310323_5380872437,1,0,0,0,r,y,1.0,Non-Congested,Non-Congested,0
cluster_2455590523_389713_47212064,1,2,0,2,G,r,3.0,Non-Congested,Non-Congested,0
cluster_2461783448_38980632_5243070374,6,0,5,0,r,G,0.0,Non-Congested,Non-Congested,0
cluster_2461880040_2461880142_8131892137,1,1,0,0,r,G,1.0,Non-Congested,Non-Congested,0
cluster_2461880136_4910664147_50607912_8131882097,0,1,0,0,y,r,1.0,Non-Congested,Non-Congested,0
181747232,1,0,0,0,r,y,0.0,Non-Congested,Non-Congested,0
47217361,0,3,0,0,r,G,4.0,Non-Congested,Non-Congested,0
cluster_181310323_5380872437,1,0,0,0,r,y,0.0,Non-Congested,Non-Congested,0
cluster_2455590523_389713_47212064,1,2,0,2,G,r,2.0,Non-Congested,Non-Congested,0
cluster_2461783448_38980632_5243070374,6,1,5,0,r,G,0.0,Non-Congested,Non-Congested,0
cluster_2461880040_2461880142_8131892137,2,2,0,0,r,G,0.0,Non-Congested,Non-Congested,0
cluster_2461880136_4910664147_50607912_8131882097,0,1,0,0,y,r,0.0,Non-Congested,Non-Congested,0
132200274,0,1,0,0,r,G,0.0,Non-Congested,Non-Congested,0
181747232,1,0,0,0,G,r,6.0,Non-Congested,Non-Congested,0
47217361,0,2,0,0,r,G,3.0,Non-Congested,Non-Congested,0
cluster_181310323_5380872437,1,0,0,0,G,r,6.0,Non-Congested,Non-Congested,0
cluster_2455590523_389713_47212064,1,2,0,2,G,r,1.0,Non-Congested,Non-Congested,0
cluster_2461783448_38980632_5243070374,6,1,5,0,r,G,0.0,Non-Congested,Non-Congested,0
cluster_2461880040_2461880142_8131892137,2,2,0,0,r,y,4.0,Non-Congested,Non-Congested,0
cluster_2461880136_4910664147_50607912_8131882097,0,1,0,0,r,G,4.0,Non-Congested,Non-Congested,0
132200274,0,2,0,0,r,y,2.0,Non-Congested,Non-Congested,0
181747232,1,0,0,0,G,r,5.0,Non-Congested,Non-Congested,0
47217361,0,2,0,0,r,G,2.0,Non-Congested,Non-Congested,0
cluster_181310323_5380872437,1,0,0,0,G,r,5.0,Non-Congested,Non-Congested,0
cluster_2455590523_389713_47212064,1,2,0,2,G,r,0.0,Non-Congested,Non-Congested,0
cluster_2461783448_38980632_5243070374,6,0,6,0,r,y,4.0,Non-Congested,Non-Congested,4
cluster_2461880040_2461880142_8131892137,2,2,0,0,r,y,3.0,Non-Congested,Non-Congested,0
cluster_2461880136_4910664147_50607912_8131882097,0,1,0,0,r,G,3.0,Non-Congested,Non-Congested,0
132200274,0,2,0,0,r,y,1.0,Non-Congested,Non-Congested,0
181747232,1,0,0,0,G,r,4.0,Non-Congested,Non-Congested,0
47217361,0,2,0,0,r,G,1.0,Non-Congested,Non-Congested,0
cluster_181310323_5380872437,1,0,0,0,G,r,4.0,Non-Congested,Non-Congested,0
cluster_2455590523_389713_47212064,1,2,1,2,y,r,3.0,Non-Congested,Non-Congested,0
cluster_2461783448_38980632_5243070374,6,0,6,0,r,y,3.0,Non-Congested,Non-Congested,4
cluster_2461880040_2461880142_8131892137,2,2,0,0,r,y,2.0,Non-Congested,Non-Congested,0
cluster_2461880136_4910664147_50607912_8131882097,0,1,0,0,r,G,2.0,Non-Congested,Non-Congested,0
132200274,0,2,0,0,r,y,0.0,Non-Congested,Non-Congested,0
181747232,1,0,0,0,G,r,3.0,Non-Congested,Non-Congested,0
47217361,0,2,0,0,r,G,0.0,Non-Congested,Non-Congested,0
cluster_1420096799_47154676,1,0,0,0,r,r,0.0,Non-Congested,Non-Congested,0
cluster_181310323_5380872437,1,0,0,0,G,r,3.0,Non-Congested,Non-Congested,0
cluster_2455590523_389713_47212064,1,2,1,2,y,r,2.0,Non-Congested,Non-Congested,0
cluster_2461783448_38980632_5243070374,6,0,6,0,r,y,2.0,Non-Congested,Non-Congested,4
cluster_2461880040_2461880142_8131892137,2,2,0,0,r,y,1.0,Non-Congested,Non-Congested,0
cluster_2461880136_4910664147_50607912_8131882097,0,1,0,0,r,G,1.0,Non-Congested,Non-Congested,0
132200274,0,3,0,0,G,r,4.0,Non-Congested,Non-Congested,0
181747232,1,0,0,0,G,r,2.0,Non-Congested,Non-Congested,0
47217361,0,3,0,0,r,y,2.0,Non-Congested,Non-Congested,0
cluster_1420096799_47154676,1,0,0,0,r,G,6.0,Non-Congested,Non-Congested,0
cluster_181310323_5380872437,1,0,0,0,G,r,2.0,Non-Congested,Non-Congested,0
cluster_2455590523_389713_47212064,1,2,1,2,y,r,1.0,Non-Congested,Non-Congested,0
cluster_2461783448_38980632_5243070374,6,0,6,0,r,y,1.0,Non-Congested,Non-Congested,4
cluster_2461880040_2461880142_8131892137,2,2,0,0,r,y,0.0,Non-Congested,Non-Congested,0
132200274,0,2,0,1,G,r,3.0,Non-Congested,Non-Congested,0
181747232,1,0,0,0,G,r,1.0,Non-Congested,Non-Congested,0
47217361,0,3,0,0,r,y,1.0,Non-Congested,Non-Congested,0
cluster_1420096799_47154676,1,0,0,0,r,G,5.0,Non-Congested,Non-Congested,0
cluster_181310323_5380872437,1,0,0,0,G,r,1.0,Non-Congested,Non-Congested,0
cluster_2455590523_389713_47212064,1,2,1,2,y,r,0.0,Non-Congested,Non-Congested,0
cluster_2461783448_38980632_5243070374,6,0,6,0,r,y,0.0,Non-Congested,Non-Congested,4
cluster_2461880040_2461880142_8131892137,1,2,0,0,r,r,4.0,Non-Congested,Non-Congested,0
132200274,0,2,0,1,G,r,2.0,Non-Congested,Non-Congested,0
181747232,1,0,0,0,G,r,0.0,Non-Congested,Non-Congested,0
47217361,0,3,0,0,r,y,0.0,Non-Congested,Non-Congested,0
cluster_1420096799_47154676,1,0,0,0,r,G,4.0,Non-Congested,Non-Congested,0
cluster_181310323_5380872437,1,0,0,0,G,r,0.0,Non-Congested,Non-Congested,0
cluster_2455590523_389713_47212064,1,2,1,2,r,r,6.0,Non-Congested,Congested,1
cluster_2461783448_38980632_5243070374,6,0,5,0,G,r,4.0,Non-Congested,Non-Congested,0
cluster_2461880040_2461880142_8131892137,1,2,0,0,r,r,3.0,Non-Congested,Congested,1
132200274,0,2,0,2,G,r,1.0,Non-Congested,Non-Congested,0
181747232,1,0,0,0,y,r,3.0,Non-Congested,Non-Congested,0
47217361,0,3,0,0,G,r,4.0,Non-Congested,Non-Congested,0
cluster_1420096799_47154676,1,0,0,0,r,G,3.0,Non-Congested,Non-Congested,0
cluster_181310323_5380872437,1,0,0,0,y,r,3.0,Non-Congested,Non-Congested,0
cluster_2455590523_389713_47212064,1,2,1,2,r,r,5.0,Non-Congested,Congested,1
cluster_2461783448_38980632_5243070374,5,0,4,0,G,r,3.0,Non-Congested,Non-Congested,0
cluster_2461880040_2461880142_8131892137,0,1,0,0,r,r,2.0,Non-Congested,Congested,1
cluster_2461880136_4910664147_50607912_8131882097,0,1,0,0,r,y,1.0,Non-Congested,Non-Congested,0
132200274,0,3,0,2,G,r,0.0,Non-Congested,Non-Congested,0
181747232,1,0,0,0,y,r,2.0,Non-Congested,Non-Congested,0
47217361,0,3,0,0,G,r,3.0,Non-Congested,Non-Congested,0
cluster_1420096799_47154676,1,0,0,0,r,G,2.0,Non-Congested,Non-Congested,0
cluster_181310323_5380872437,1,0,0,0,y,r,2.0,Non-Congested,Non-Congested,0
cluster_2455590523_389713_47212064,1,2,1,2,r,r,4.0,Non-Congested,Congested,1
cluster_2461783448_38980632_5243070374,5,0,3,0,G,r,2.0,Non-Congested,Non-Congested,0
cluster_2461880040_2461880142_8131892137,0,2,0,0,r,r,1.0,Non-Congested,Congested,1
cluster_2461880136_4910664147_50607912_8131882097,0,1,0,0,r,y,0.0,Non-Congested,Non-Congested,0
132200274,0,3,0,2,G,r,1.0,Non-Congested,Congested,1
181747232,1,0,0,0,y,r,1.0,Non-Congested,Non-Congested,0
47217361,0,3,0,0,G,r,2.0,Non-Congested,Non-Congested,0
cluster_1420096799_47154676,1,0,0,0,r,G,1.0,Non-Congested,Non-Congested,0
cluster_181310323_5380872437,1,0,0,0,y,r,1.0,Non-Congested,Non-Congested,0
cluster_2455590523_389713_47212064,1,2,1,2,r,r,3.0,Non-Congested,Non-Congested,0
cluster_2461783448_38980632_5243070374,5,0,3,0,G,r,1.0,Non-Congested,Non-Congested,0
cluster_2461880040_2461880142_8131892137,0,2,0,1,r,r,0.0,Non-Congested,Congested,1
cluster_2461880136_4910664147_50607912_8131882097,0,1,0,0,r,r,0.0,Non-Congested,Non-Congested,0
132200274,0,3,0,2,G,r,0.0,Non-Congested,Congested,1
181747232,1,0,0,0,y,r,0.0,Non-Congested,Non-Congested,0
47217361,0,3,0,0,G,r,1.0,Non-Congested,Non-Congested,0
cluster_1420096799_47154676,1,0,0,0,r,G,0.0,Non-Congested,Non-Congested,0
cluster_181310323_5380872437,1,0,0,0,y,r,0.0,Non-Congested,Non-Congested,0
cluster_2455590523_389713_47212064,1,2,1,2,r,r,2.0,Non-Congested,Non-Congested,0
cluster_2461783448_38980632_5243070374,6,0,3,0,G,r,0.0,Non-Congested,Non-Congested,0
cluster_2461880040_2461880142_8131892137,0,2,0,1,r,r,1.0,Non-Congested,Congested,1
cluster_2461880136_4910664147_50607912_8131882097,0,1,0,0,G,r,4.0,Non-Congested,Non-Congested,0
132200274,0,3,0,2,G,r,1.0,Non-Congested,Congested,1
181747232,1,0,0,0,r,G,6.0,Non-Congested,Non-Congested,0
47217361,0,3,0,0,G,r,0.0,Non-Congested,Non-Congested,0
cluster_1420096799_47154676,1,0,0,0,r,y,3.0,Non-Congested,Non-Congested,0
cluster_181310323_5380872437,1,0,0,0,r,G,4.0,Non-Congested,Non-Congested,0
cluster_2455590523_389713_47212064,1,2,1,2,r,r,1.0,Non-Congested,Non-Congested,0
cluster_2461783448_38980632_5243070374,6,0,3,0,G,r,1.0,Congested,Non-Congested,2
cluster_2461880040_2461880142_8131892137,0,2,0,2,r,r,0.0,Non-Congested,Congested,1
cluster_2461880136_4910664147_50607912_8131882097,0,1,0,0,G,r,3.0,Non-Congested,Non-Congested,0
132200274,0,3,0,3,G,r,0.0,Non-Congested,Congested,1
181747232,1,0,0,0,r,G,5.0,Non-Congested,Non-Congested,0
47217361,0,3,0,0,G,r,1.0,Non-Congested,Non-Congested,0
cluster_1420096799_47154676,1,0,1,0,r,y,2.0,Non-Congested,Non-Congested,0
cluster_181310323_5380872437,1,0,1,0,r,G,3.0,Non-Congested,Non-Congested,0
cluster_2455590523_389713_47212064,1,2,1,2,r,r,0.0,Non-Congested,Non-Congested,0
cluster_2461783448_38980632_5243070374,6,0,3,0,G,r,0.0,Congested,Non-Congested,2
cluster_2461880040_2461880142_8131892137,0,2,0,2,r,r,1.0,Non-Congested,Congested,1
cluster_2461880136_4910664147_50607912_8131882097,0,1,0,0,G,r,2.0,Non-Congested,Non-Congested,0
132200274,0,3,0,3,G,r,1.0,Non-Congested,Congested,1
181747232,1,0,0,0,r,G,4.0,Non-Congested,Non-Congested,0
47217361,0,4,0,0,G,r,0.0,Non-Congested,Non-Congested,0
cluster_1420096799_47154676,1,0,1,0,r,y,1.0,Non-Congested,Non-Congested,0
cluster_181310323_5380872437,1,0,1,0,r,G,2.0,Non-Congested,Non-Congested,0
cluster_2455590523_389713_47212064,1,2,1,2,r,r,3.0,Non-Congested,Non-Congested,0
cluster_2461783448_38980632_5243070374,7,0,3,0,G,r,1.0,Congested,Non-Congested,2
cluster_2461880040_2461880142_8131892137,0,2,0,2,r,r,0.0,Non-Congested,Congested,1
cluster_2461880136_4910664147_50607912_8131882097,0,1,0,0,G,r,1.0,Non-Congested,Non-Congested,0
132200274,0,3,0,3,G,r,0.0,Non-Congested,Congested,1
181747232,1,0,0,0,r,G,3.0,Non-Congested,Non-Congested,0
47217361,0,4,0,0,G,r,1.0,Non-Congested,Non-Congested,0
cluster_1420096799_47154676,1,0,1,0,r,y,0.0,Non-Congested,Non-Congested,0
cluster_181310323_5380872437,1,0,1,0,r,G,1.0,Non-Congested,Non-Congested,0
cluster_2455590523_389713_47212064,2,2,1,2,r,r,2.0,Non-Congested,Non-Congested,0
cluster_2461783448_38980632_5243070374,7,0,4,0,G,r,0.0,Congested,Non-Congested,2
cluster_2461880040_2461880142_8131892137,0,2,0,2,r,r,1.0,Non-Congested,Congested,1
cluster_2461880136_4910664147_50607912_8131882097,0,1,0,0,G,r,0.0,Non-Congested,Non-Congested,0
132200274,0,3,0,3,G,r,1.0,Non-Congested,Congested,1
181747232,2,0,1,0,r,G,2.0,Non-Congested,Non-Congested,0
47217361,0,4,0,1,G,r,0.0,Non-Congested,Non-Congested,0
cluster_181310323_5380872437,1,0,1,0,r,G,0.0,Non-Congested,Non-Congested,0
cluster_2455590523_389713_47212064,1,2,1,2,r,r,1.0,Non-Congested,Non-Congested,0
cluster_2461783448_38980632_5243070374,7,0,5,0,G,r,0.0,Congested,Non-Congested,2
cluster_2461880040_2461880142_8131892137,0,2,0,2,r,r,0.0,Non-Congested,Congested,1
cluster_2461880136_4910664147_50607912_8131882097,0,1,0,0,y,r,2.0,Non-Congested,Non-Congested,0
132200274,0,3,0,3,G,r,0.0,Non-Congested,Congested,1
181747232,2,0,1,0,r,G,1.0,Non-Congested,Non-Congested,0
47217361,0,4,0,1,G,r,0.0,Non-Congested,Non-Congested,0
cluster_181310323_5380872437,1,0,1,0,r,y,3.0,Non-Congested,Non-Congested,0
cluster_2455590523_389713_47212064,1,2,1,2,r,r,0.0,Non-Congested,Non-Congested,0
cluster_2461783448_38980632_5243070374,7,0,6,0,G,r,4.0,Congested,Non-Congested,6
cluster_2461880040_2461880142_8131892137,0,2,0,2,r,r,1.0,Non-Congested,Congested,1
cluster_2461880136_4910664147_50607912_8131882097,0,1,0,0,y,r,1.0,Non-Congested,Non-Congested,0
132200274,0,3,0,3,G,r,1.0,Non-Congested,Congested,1
181747232,2,0,1,0,r,G,0.0,Non-Congested,Non-Congested,0
47217361,0,4,0,2,y,r,2.0,Non-Congested,Non-Congested,0
cluster_181310323_5380872437,1,0,1,0,r,y,2.0,Non-Congested,Non-Congested,0
cluster_2455590523_389713_47212064,1,1,1,0,r,G,4.0,Non-Congested,Non-Congested,0
cluster_2461783448_38980632_5243070374,7,0,6,0,G,r,3.0,Congested,Non-Congested,6
cluster_2461880040_2461880142_8131892137,0,2,0,2,r,r,0.0,Non-Congested,Congested,1
cluster_2461880136_4910664147_50607912_8131882097,0,1,0,0,y,r,0.0,Non-Congested,Non-Congested,0
132200274,0,2,0,2,G,r,0.0,Non-Congested,Congested,1
181747232,2,0,1,0,r,y,3.0,Non-Congested,Non-Congested,0
47217361,0,4,0,2,y,r,1.0,Non-Congested,Non-Congested,0
cluster_1420096799_47154676,0,1,0,0,G,r,3.0,Non-Congested,Non-Congested,0
cluster_181310323_5380872437,1,0,1,0,r,y,1.0,Non-Congested,Non-Congested,0
cluster_2455590523_389713_47212064,1,0,1,0,r,G,3.0,Non-Congested,Non-Congested,0
cluster_2461783448_38980632_5243070374,7,0,6,0,G,r,2.0,Congested,Non-Congested,6
cluster_2461880040_2461880142_8131892137,0,2,0,2,r,r,1.0,Non-Congested,Congested,1
cluster_2461880136_4910664147_50607912_8131882097,0,1,0,0,r,G,4.0,Non-Congested,Non-Congested,0
132200274,0,2,0,2,G,r,1.0,Non-Congested,Congested,1
181747232,2,0,1,0,r,y,2.0,Non-Congested,Non-Congested,0
47217361,0,4,0,2,y,r,0.0,Non-Congested,Non-Congested,0
cluster_1420096799_47154676,0,1,0,0,G,r,2.0,Non-Congested,Non-Congested,0
cluster_181310323_5380872437,1,0,1,0,r,y,0.0,Non-Congested,Non-Congested,0
cluster_2455590523_389713_47212064,1,1,1,0,r,G,2.0,Non-Congested,Non-Congested,0
cluster_2461783448_38980632_5243070374,6,0,5,0,G,r,1.0,Congested,Non-Congested,2
cluster_2461880040_2461880142_8131892137,0,2,0,2,r,r,0.0,Non-Congested,Congested,1
cluster_2461880136_4910664147_50607912_8131882097,0,1,0,0,r,G,3.0,Non-Congested,Non-Congested,0
132200274,0,2,0,2,G,r,0.0,Non-Congested,Congested,1
181747232,2,0,1,0,r,y,1.0,Non-Congested,Non-Congested,0
47217361,0,4,0,2,r,r,4.0,Non-Congested,Non-Congested,0
cluster_1420096799_47154676,0,1,0,0,G,r,1.0,Non-Congested,Non-Congested,0
cluster_181310323_5380872437,1,0,0,0,G,r,6.0,Non-Congested,Non-Congested,0
cluster_2455590523_389713_47212064,1,1,1,0,r,G,1.0,Non-Congested,Non-Congested,0
cluster_2461783448_38980632_5243070374,6,0,5,0,G,r,0.0,Congested,Non-Congested,2
cluster_2461880040_2461880142_8131892137,0,2,0,2,r,r,1.0,Non-Congested,Congested,1
cluster_2461880136_4910664147_50607912_8131882097,0,2,0,0,r,G,2.0,Non-Congested,Non-Congested,0
132200274,0,2,0,2,G,r,1.0,Non-Congested,Congested,1
181747232,2,0,1,0,r,y,0.0,Non-Congested,Non-Congested,0
47217361,0,4,0,2,r,r,3.0,Non-Congested,Non-Congested,0
cluster_1420096799_47154676,0,1,0,0,G,r,0.0,Non-Congested,Non-Congested,0
cluster_2455590523_389713_47212064,1,1,1,0,r,G,0.0,Non-Congested,Non-Congested,0
cluster_2461783448_38980632_5243070374,6,0,4,0,G,r,9.0,Congested,Non-Congested,2
cluster_2461880040_2461880142_8131892137,0,2,0,2,r,r,0.0,Non-Congested,Congested,1
cluster_2461880136_4910664147_50607912_8131882097,0,2,0,0,r,G,1.0,Non-Congested,Non-Congested,0
132200274,0,2,0,2,G,r,0.0,Non-Congested,Congested,1
181747232,1,0,0,0,G,r,6.0,Non-Congested,Non-Congested,0
47217361,0,5,0,2,r,r,2.0,Non-Congested,Non-Congested,0
cluster_1420096799_47154676,0,1,0,0,y,r,3.0,Non-Congested,Non-Congested,0
cluster_2455590523_389713_47212064,1,0,1,0,r,y,3.0,Non-Congested,Non-Congested,0
cluster_2461783448_38980632_5243070374,6,0,3,0,G,r,8.0,Non-Congested,Non-Congested,0
cluster_2461880040_2461880142_8131892137,0,2,0,2,r,r,1.0,Non-Congested,Congested,1
cluster_2461880136_4910664147_50607912_8131882097,0,2,0,0,r,G,0.0,Non-Congested,Non-Congested,0
132200274,0,2,0,2,G,r,1.0,Non-Congested,Congested,1
181747232,1,0,0,0,G,r,5.0,Non-Congested,Non-Congested,0
47217361,0,5,0,2,r,r,1.0,Non-Congested,Non-Congested,0
cluster_1420096799_47154676,0,1,0,0,y,r,2.0,Non-Congested,Non-Congested,0
cluster_2455590523_389713_47212064,1,1,1,0,r,y,2.0,Non-Congested,Non-Congested,0
cluster_2461783448_38980632_5243070374,6,0,2,0,G,r,7.0,Non-Congested,Non-Congested,0
cluster_2461880040_2461880142_8131892137,0,2,0,2,r,r,0.0,Non-Congested,Congested,1
cluster_2461880136_4910664147_50607912_8131882097,0,2,0,0,r,y,2.0,Non-Congested,Non-Congested,0
132200274,0,2,0,2,G,r,0.0,Non-Congested,Congested,1
181747232,1,0,0,0,G,r,4.0,Non-Congested,Non-Congested,0
47217361,0,5,0,2,r,r,0.0,Non-Congested,Non-Congested,0
cluster_1420096799_47154676,0,1,0,0,y,r,1.0,Non-Congested,Non-Congested,0
cluster_181310323_5380872437,1,0,0,0,G,r,2.0,Non-Congested,Non-Congested,0
cluster_2455590523_389713_47212064,1,1,1,0,r,y,1.0,Non-Congested,Non-Congested,0
cluster_2461783448_38980632_5243070374,5,0,1,0,G,r,6.0,Non-Congested,Non-Congested,0
cluster_2461880040_2461880142_8131892137,0,2,0,2,r,r,1.0,Non-Congested,Congested,1
cluster_2461880136_4910664147_50607912_8131882097,0,2,0,0,r,y,1.0,Non-Congested,Non-Congested,0
132200274,0,2,0,2,G,r,1.0,Non-Congested,Congested,1
181747232,2,1,0,0,G,r,3.0,Non-Congested,Non-Congested,0
47217361,0,5,0,2,r,r,2.0,Non-Congested,Non-Congested,0
cluster_1420096799_47154676,0,1,0,0,y,r,0.0,Non-Congested,Non-Congested,0
cluster_181310323_5380872437,1,0,0,0,G,r,1.0,Non-Congested,Non-Congested,0
cluster_2455590523_389713_47212064,1,0,1,0,r,y,0.0,Non-Congested,Non-Congested,0
cluster_2461783448_38980632_5243070374,4,0,0,0,G,r,5.0,Non-Congested,Non-Congested,0
cluster_2461880040_2461880142_8131892137,0,2,0,2,r,r,0.0,Non-Congested,Congested,1
cluster_2461880136_4910664147_50607912_8131882097,0,2,0,0,r,y,0.0,Non-Congested,Non-Congested,0
132200274,0,2,0,2,G,r,0.0,Non-Congested,Congested,1
181747232,3,1,0,0,G,r,2.0,Non-Congested,Non-Congested,0
47217361,0,5,0,2,r,r,1.0,Non-Congested,Non-Congested,0
cluster_1420096799_47154676,0,1,0,0,r,r,6.0,Non-Congested,Non-Congested,0
cluster_181310323_5380872437,1,0,0,0,G,r,0.0,Non-Congested,Non-Congested,0
cluster_2455590523_389713_47212064,0,1,0,0,G,r,4.0,Non-Congested,Non-Congested,0
cluster_2461783448_38980632_5243070374,5,0,0,0,G,r,4.0,Non-Congested,Non-Congested,0
cluster_2461880040_2461880142_8131892137,0,2,0,2,r,r,1.0,Non-Congested,Congested,1
cluster_2461880136_4910664147_50607912_8131882097,0,2,0,0,r,r,0.0,Non-Congested,Non-Congested,0
132200274,0,2,0,2,G,r,1.0,Non-Congested,Congested,1
181747232,3,1,0,0,G,r,1.0,Non-Congested,Non-Congested,0
47217361,0,5,0,3,r,r,0.0,Non-Congested,Non-Congested,0
cluster_1420096799_47154676,0,1,0,0,r,r,5.0,Non-Congested,Non-Congested,0
cluster_181310323_5380872437,1,0,0,0,y,r,3.0,Non-Congested,Non-Congested,0
cluster_2455590523_389713_47212064,0,1,0,0,G,r,3.0,Non-Congested,Non-Congested,0
cluster_2461783448_38980632_5243070374,5,0,0,0,G,r,3.0,Non-Congested,Non-Congested,0
cluster_2461880040_2461880142_8131892137,0,2,0,2,r,r,0.0,Non-Congested,Congested,1
cluster_2461880136_4910664147_50607912_8131882097,0,2,0,0,G,r,4.0,Non-Congested,Non-Congested,0
132200274,0,2,0,2,G,r,0.0,Non-Congested,Congested,1
181747232,3,1,0,0,G,r,0.0,Non-Congested,Non-Congested,0
47217361,0,4,0,2,r,G,4.0,Non-Congested,Non-Congested,0
cluster_1420096799_47154676,0,1,0,0,r,r,4.0,Non-Congested,Non-Congested,0
cluster_181310323_5380872437,1,0,0,0,y,r,2.0,Non-Congested,Non-Congested,0
cluster_2455590523_389713_47212064,0,1,0,0,G,r,2.0,Non-Congested,Non-Congested,0
cluster_2461783448_38980632_5243070374,3,0,0,0,G,r,2.0,Non-Congested,Non-Congested,0
cluster_2461880040_2461880142_8131892137,0,2,0,2,r,r,1.0,Non-Congested,Congested,1
cluster_2461880136_4910664147_50607912_8131882097,0,2,0,1,G,r,3.0,Non-Congested,Non-Congested,0
132200274,0,2,0,2,G,r,1.0,Non-Congested,Congested,1
181747232,3,1,0,0,y,r,3.0,Non-Congested,Non-Congested,0
47217361,0,4,0,2,r,G,3.0,Non-Congested,Non-Congested,0
cluster_1420096799_47154676,0,1,0,0,r,r,3.0,Non-Congested,Non-Congested,0
cluster_181310323_5380872437,1,0,0,0,y,r,1.0,Non-Congested,Non-Congested,0
cluster_2455590523_389713_47212064,0,1,0,0,G,r,1.0,Non-Congested,Non-Congested,0
cluster_2461783448_38980632_5243070374,3,0,0,0,G,r,1.0,Non-Congested,Non-Congested,0
cluster_2461880040_2461880142_8131892137,0,2,0,2,r,r,0.0,Non-Congested,Congested,1
cluster_2461880136_4910664147_50607912_8131882097,0,2,0,1,G,r,2.0,Non-Congested,Non-Congested,0
132200274,0,2,0,2,G,r,0.0,Non-Congested,Congested,1
181747232,3,1,0,0,y,r,2.0,Non-Congested,Non-Congested,0
47217361,0,4,0,1,r,G,2.0,Non-Congested,Non-Congested,0
cluster_1420096799_47154676,0,1,0,0,r,r,2.0,Non-Congested,Non-Congested,0
cluster_181310323_5380872437,1,0,0,0,y,r,0.0,Non-Congested,Non-Congested,0
cluster_2455590523_389713_47212064,0,1,0,1,G,r,0.0,Non-Congested,Non-Congested,0
cluster_2461783448_38980632_5243070374,5,0,0,0,G,r,0.0,Non-Congested,Non-Congested,0
cluster_2461880040_2461880142_8131892137,0,2,0,2,r,r,1.0,Non-Congested,Congested,1
cluster_2461880136_4910664147_50607912_8131882097,0,2,0,2,G,r,1.0,Non-Congested,Non-Congested,0
132200274,0,2,0,2,G,r,1.0,Non-Congested,Congested,1
181747232,3,1,0,0,y,r,1.0,Non-Congested,Non-Congested,0
47217361,1,4,0,0,r,G,1.0,Non-Congested,Non-Congested,0
cluster_1420096799_47154676,0,1,0,0,r,r,1.0,Non-Congested,Non-Congested,0
cluster_181310323_5380872437,1,0,0,0,r,G,4.0,Non-Congested,Non-Congested,0
cluster_2455590523_389713_47212064,0,1,0,1,y,r,3.0,Non-Congested,Non-Congested,0
cluster_2461783448_38980632_5243070374,4,0,0,0,G,r,0.0,Non-Congested,Non-Congested,0
cluster_2461880040_2461880142_8131892137,0,2,0,2,r,r,0.0,Non-Congested,Congested,1
cluster_2461880136_4910664147_50607912_8131882097,0,2,0,2,G,r,0.0,Non-Congested,Non-Congested,0
132200274,0,2,0,2,G,r,0.0,Non-Congested,Congested,1
181747232,3,1,0,0,y,r,0.0,Non-Congested,Non-Congested,0
47217361,1,4,0,0,r,G,0.0,Non-Congested,Non-Congested,0
cluster_181310323_5380872437,1,0,0,0,r,G,3.0,Non-Congested,Non-Congested,0
cluster_2455590523_389713_47212064,0,1,0,1,y,r,2.0,Non-Congested,Non-Congested,0
cluster_2461783448_38980632_5243070374,5,0,0,0,y,r,4.0,Non-Congested,Non-Congested,0
cluster_2461880040_2461880142_8131892137,0,2,0,2,r,r,1.0,Non-Congested,Congested,1
cluster_2461880136_4910664147_50607912_8131882097,0,2,0,2,y,r,2.0,Non-Congested,Non-Congested,0
132200274,0,3,0,2,G,r,1.0,Non-Congested,Congested,1
181747232,2,0,0,0,r,G,6.0,Non-Congested,Non-Congested,0
47217361,1,3,0,0,r,G,1.0,Non-Congested,Non-Congested,0
cluster_181310323_5380872437,1,0,0,0,r,G,2.0,Non-Congested,Non-Congested,0
cluster_2455590523_389713_47212064,0,1,0,1,y,r,1.0,Non-Congested,Non-Congested,0
cluster_2461783448_38980632_5243070374,5,0,1,0,y,r,3.0,Congested,Non-Congested,1
cluster_2461880040_2461880142_8131892137,0,2,0,2,r,r,0.0,Non-Congested,Congested,1
cluster_2461880136_4910664147_50607912_8131882097,0,2,0,2,y,r,1.0,Non-Congested,Non-Congested,0
132200274,0,3,0,2,G,r,0.0,Non-Congested,Congested,1
181747232,2,0,0,0,r,G,5.0,Non-Congested,Non-Congested,0
47217361,1,3,0,0,r,G,0.0,Non-Congested,Non-Congested,0
cluster_181310323_5380872437,1,0,0,0,r,G,1.0,Non-Congested,Non-Congested,0
cluster_2455590523_389713_47212064,1,1,0,1,y,r,0.0,Non-Congested,Non-Congested,0
cluster_2461783448_38980632_5243070374,6,0,2,0,y,r,2.0,Congested,Non-Congested,1
cluster_2461880040_2461880142_8131892137,0,2,0,2,r,r,1.0,Non-Congested,Congested,1
cluster_2461880136_4910664147_50607912_8131882097,0,2,0,2,y,r,0.0,Non-Congested,Non-Congested,0
132200274,0,3,0,2,G,r,1.0,Non-Congested,Congested,1
181747232,2,0,0,0,r,G,4.0,Non-Congested,Non-Congested,0
47217361,1,3,0,0,r,G,0.0,Non-Congested,Non-Congested,0
cluster_181310323_5380872437,1,0,0,0,r,G,0.0,Non-Congested,Non-Congested,0
cluster_2455590523_389713_47212064,1,3,0,1,r,r,6.0,Non-Congested,Non-Congested,0
cluster_2461783448_38980632_5243070374,6,0,2,0,y,r,1.0,Congested,Non-Congested,1
cluster_2461880040_2461880142_8131892137,0,2,0,2,r,r,0.0,Non-Congested,Congested,1
cluster_2461880136_4910664147_50607912_8131882097,0,1,0,1,r,G,4.0,Non-Congested,Non-Congested,0
132200274,0,3,0,2,G,r,0.0,Non-Congested,Congested,1
181747232,2,0,0,0,r,G,3.0,Non-Congested,Non-Congested,0
47217361,1,3,0,0,r,G,1.0,Non-Congested,Non-Congested,0
cluster_181310323_5380872437,1,0,0,0,r,y,3.0,Non-Congested,Non-Congested,0
cluster_2455590523_389713_47212064,1,3,0,1,r,r,5.0,Non-Congested,Congested,1
cluster_2461783448_38980632_5243070374,6,0,3,0,y,r,0.0,Congested,Non-Congested,1
cluster_2461880040_2461880142_8131892137,0,2,0,2,r,r,1.0,Non-Congested,Congested,1
cluster_2461880136_4910664147_50607912_8131882097,0,1,0,0,r,G,3.0,Non-Congested,Non-Congested,0
132200274,0,3,0,2,G,r,1.0,Non-Congested,Congested,1
181747232,2,0,0,0,r,G,2.0,Non-Congested,Non-Congested,0
47217361,1,4,0,0,r,G,0.0,Non-Congested,Non-Congested,0
cluster_2455590523_389713_47212064,1,3,0,1,r,r,4.0,Non-Congested,Congested,1
cluster_2461783448_38980632_5243070374,7,0,4,0,r,G,4.0,Congested,Non-Congested,1
cluster_2461880040_2461880142_8131892137,0,2,0,2,r,r,0.0,Non-Congested,Congested,1
cluster_2461880136_4910664147_50607912_8131882097,0,1,0,0,r,G,2.0,Non-Congested,Non-Congested,0
132200274,0,3,0,3,G,r,0.0,Non-Congested,Congested,1
181747232,2,0,0,0,r,G,1.0,Non-Congested,Non-Congested,0
47217361,2,4,0,0,r,G,0.0,Non-Congested,Non-Congested,0
cluster_2455590523_389713_47212064,1,3,0,1,r,r,3.0,Non-Congested,Congested,1
cluster_2461783448_38980632_5243070374,7,0,4,0,r,G,3.0,Congested,Non-Congested,1
cluster_2461880040_2461880142_8131892137,0,2,0,2,r,r,1.0,Non-Congested,Congested,1
cluster_2461880136_4910664147_50607912_8131882097,0,1,0,0,r,G,1.0,Non-Congested,Non-Congested,0
132200274,0,3,0,3,y,r,2.0,Non-Congested,Congested,1
181747232,2,0,0,0,r,G,0.0,Non-Congested,Non-Congested,0
47217361,2,3,1,0,r,G,1.0,Non-Congested,Non-Congested,0
cluster_2455590523_389713_47212064,1,3,0,2,r,r,2.0,Non-Congested,Congested,1
cluster_2461783448_38980632_5243070374,8,0,5,0,r,G,2.0,Congested,Non-Congested,1
cluster_2461880040_2461880142_8131892137,0,2,0,2,r,r,0.0,Non-Congested,Congested,1
cluster_2461880136_4910664147_50607912_8131882097,0,1,0,0,r,G,0.0,Non-Congested,Non-Congested,0
132200274,0,3,0,3,y,r,1.0,Non-Congested,Congested,1
181747232,2,0,0,0,r,y,3.0,Non-Congested,Non-Congested,0
47217361,1,3,0,0,r,G,0.0,Non-Congested,Non-Congested,0
cluster_2455590523_389713_47212064,1,3,1,2,r,r,1.0,Non-Congested,Non-Congested,0
cluster_2461783448_38980632_5243070374,8,0,6,0,r,G,1.0,Congested,Non-Congested,5
cluster_2461880040_2461880142_8131892137,0,2,0,2,r,r,4.0,Non-Congested,Congested,1
cluster_2461880136_4910664147_50607912_8131882097,0,1,0,0,r,y,2.0,Non-Congested,Non-Congested,0
132200274,0,4,0,3,y,r,0.0,Non-Congested,Congested,1
181747232,2,0,0,0,r,y,2.0,Non-Congested,Non-Congested,0
47217361,1,4,0,0,r,G,0.0,Non-Congested,Non-Congested,0
cluster_2455590523_389713_47212064,1,3,1,2,r,r,0.0,Non-Congested,Non-Congested,0
cluster_2461783448_38980632_5243070374,8,0,7,0,r,G,0.0,Congested,Non-Congested,5
cluster_2461880040_2461880142_8131892137,0,2,0,2,r,r,3.0,Non-Congested,Congested,1
cluster_2461880136_4910664147_50607912_8131882097,0,1,0,0,r,y,1.0,Non-Congested,Non-Congested,0
132200274,0,2,0,1,r,G,4.0,Non-Congested,Congested,2
181747232,2,0,0,0,r,y,1.0,Non-Congested,Non-Congested,0
47217361,1,3,0,0,r,G,0.0,Non-Congested,Non-Congested,0
cluster_2455590523_389713_47212064,1,3,1,2,r,r,3.0,Non-Congested,Non-Congested,0
cluster_2461783448_38980632_5243070374,9,0,7,0,r,G,1.0,Congested,Non-Congested,5
cluster_2461880040_2461880142_8131892137,0,2,0,2,r,r,2.0,Non-Congested,Congested,1
cluster_2461880136_4910664147_50607912_8131882097,0,1,0,0,r,y,0.0,Non-Congested,Non-Congested,0
132200274,0,2,0,0,r,G,3.0,Non-Congested,Non-Congested,0
181747232,2,0,1,0,r,y,0.0,Non-Congested,Non-Congested,0
47217361,2,2,0,0,r,y,2.0,Non-Congested,Non-Congested,0
cluster_2455590523_389713_47212064,1,3,1,2,r,r,2.0,Non-Congested,Non-Congested,0
cluster_2461783448_38980632_5243070374,9,0,7,0,r,G,0.0,Congested,Non-Congested,5
cluster_2461880040_2461880142_8131892137,0,2,0,2,r,r,1.0,Non-Congested,Congested,1
cluster_2461880136_4910664147_50607912_8131882097,0,2,0,1,r,r,0.0,Non-Congested,Non-Congested,0
132200274,0,2,0,0,r,G,2.0,Non-Congested,Non-Congested,0
181747232,1,0,0,0,G,r,6.0,Non-Congested,Non-Congested,0
47217361,2,2,0,0,r,y,1.0,Non-Congested,Non-Congested,0
cluster_2455590523_389713_47212064,2,3,1,2,r,r,1.0,Non-Congested,Non-Congested,0
cluster_2461783448_38980632_5243070374,9,0,7,0,r,G,0.0,Congested,Non-Congested,5
cluster_2461880040_2461880142_8131892137,0,2,0,2,r,r,0.0,Non-Congested,Congested,1
cluster_2461880136_4910664147_50607912_8131882097,0,2,0,1,G,r,4.0,Non-Congested,Non-Congested,0
132200274,0,3,0,0,r,G,1.0,Non-Congested,Non-Congested,0
181747232,1,0,0,0,G,r,5.0,Non-Congested,Non-Congested,0
47217361,1,2,0,0,r,y,0.0,Non-Congested,Non-Congested,0
cluster_2455590523_389713_47212064,1,3,1,2,r,r,0.0,Congested,Non-Congested,1
cluster_2461783448_38980632_5243070374,9,0,9,0,r,y,4.0,Congested,Non-Congested,5
cluster_2461880040_2461880142_8131892137,0,2,0,2,G,r,4.0,Non-Congested,Congested,1
cluster_2461880136_4910664147_50607912_8131882097,0,2,0,1,G,r,3.0,Non-Congested,Non-Congested,0
132200274,0,4,0,0,r,G,0.0,Non-Congested,Non-Congested,0
181747232,1,0,0,0,G,r,4.0,Non-Congested,Non-Congested,0
47217361,1,1,0,0,G,r,4.0,Non-Congested,Non-Congested,0
cluster_2455590523_389713_47212064,2,2,1,0,r,G,4.0,Non-Congested,Non-Congested,0
cluster_2461783448_38980632_5243070374,9,0,9,0,r,y,3.0,Congested,Non-Congested,5
cluster_2461880040_2461880142_8131892137,0,2,0,2,G,r,3.0,Non-Congested,Congested,1
cluster_2461880136_4910664147_50607912_8131882097,0,2,0,1,G,r,2.0,Non-Congested,Non-Congested,0
132200274,0,2,0,0,r,G,1.0,Non-Congested,Non-Congested,0
181747232,1,0,0,0,G,r,3.0,Non-Congested,Non-Congested,0
47217361,1,1,0,0,G,r,3.0,Non-Congested,Non-Congested,0
cluster_2455590523_389713_47212064,2,1,1,1,r,G,3.0,Non-Congested,Non-Congested,0
cluster_2461783448_38980632_5243070374,9,0,9,0,r,y,2.0,Congested,Non-Congested,5
cluster_2461880040_2461880142_8131892137,0,2,0,2,G,r,2.0,Non-Congested,Congested,1
cluster_2461880136_4910664147_50607912_8131882097,0,2,0,1,G,r,1.0,Non-Congested,Non-Congested,0
132200274,0,3,0,0,r,G,0.0,Non-Congested,Non-Congested,0
181747232,1,0,0,0,G,r,2.0,Non-Congested,Non-Congested,0
47217361,1,1,0,0,G,r,2.0,Non-Congested,Non-Congested,0
cluster_2455590523_389713_47212064,2,1,1,1,r,G,2.0,Non-Congested,Non-Congested,0
cluster_2461783448_38980632_5243070374,9,0,9,0,r,y,1.0,Congested,Non-Congested,5
cluster_2461880040_2461880142_8131892137,0,2,0,2,G,r,1.0,Non-Congested,Congested,1
cluster_2461880136_4910664147_50607912_8131882097,0,2,0,1,G,r,0.0,Non-Congested,Non-Congested,0
132200274,0,4,0,1,r,G,1.0,Non-Congested,Non-Congested,0
181747232,1,0,0,0,G,r,1.0,Non-Congested,Non-Congested,0
47217361,1,1,0,0,G,r,1.0,Non-Congested,Non-Congested,0
cluster_2455590523_389713_47212064,2,1,2,1,r,G,1.0,Non-Congested,Non-Congested,0
cluster_2461783448_38980632_5243070374,9,0,9,0,r,y,0.0,Congested,Non-Congested,5
cluster_2461880040_2461880142_8131892137,0,2,0,2,G,r,0.0,Non-Congested,Congested,1
cluster_2461880136_4910664147_50607912_8131882097,0,2,0,1,y,r,2.0,Non-Congested,Non-Congested,0
132200274,0,4,0,1,r,G,0.0,Non-Congested,Non-Congested,0
181747232,2,1,0,0,G,r,0.0,Non-Congested,Non-Congested,0
47217361,1,1,0,0,G,r,0.0,Non-Congested,Non-Congested,0
cluster_2455590523_389713_47212064,3,3,2,1,r,G,0.0,Non-Congested,Non-Congested,0
cluster_2461783448_38980632_5243070374,9,0,9,0,G,r,4.0,Congested,Non-Congested,6
cluster_2461880040_2461880142_8131892137,0,2,0,2,y,r,4.0,Non-Congested,Congested,1
cluster_2461880136_4910664147_50607912_8131882097,0,2,0,1,y,r,1.0,Non-Congested,Non-Congested,0
132200274,0,5,0,2,r,G,1.0,Non-Congested,Non-Congested,0
181747232,2,1,0,0,y,r,3.0,Non-Congested,Non-Congested,0
47217361,1,1,0,0,y,r,2.0,Non-Congested,Non-Congested,0
cluster_2455590523_389713_47212064,3,3,2,1,r,y,3.0,Congested,Non-Congested,1
cluster_2461783448_38980632_5243070374,9,1,9,0,G,r,3.0,Congested,Non-Congested,6
cluster_2461880040_2461880142_8131892137,0,2,0,2,y,r,3.0,Non-Congested,Congested,1
cluster_2461880136_4910664147_50607912_8131882097,0,2,0,1,y,r,0.0,Non-Congested,Non-Congested,0
132200274,0,6,0,2,r,G,0.0,Non-Congested,Non-Congested,0
181747232,2,1,0,0,y,r,2.0,Non-Congested,Non-Congested,0
47217361,1,1,1,0,y,r,1.0,Non-Congested,Non-Congested,0
cluster_2455590523_389713_47212064,3,3,2,1,r,y,2.0,Congested,Non-Congested,1
cluster_2461783448_38980632_5243070374,9,1,9,0,G,r,2.0,Congested,Non-Congested,6
cluster_2461880040_2461880142_8131892137,0,2,0,2,y,r,2.0,Non-Congested,Congested,1
cluster_2461880136_4910664147_50607912_8131882097,0,1,0,0,r,G,4.0,Non-Congested,Non-Congested,0
cluster_59665162_8742497506,1,0,0,0,G,r,4.0,Non-Congested,Non-Congested,0
132200274,0,4,0,2,r,G,1.0,Non-Congested,Non-Congested,0
181747232,2,1,0,0,y,r,1.0,Non-Congested,Non-Congested,0
47217361,1,1,1,0,y,r,0.0,Non-Congested,Non-Congested,0
cluster_2455590523_389713_47212064,3,2,3,1,r,y,1.0,Congested,Non-Congested,1
cluster_2461783448_38980632_5243070374,9,1,9,0,G,r,1.0,Congested,Non-Congested,6
cluster_2461880040_2461880142_8131892137,0,2,0,2,y,r,1.0,Non-Congested,Congested,1
cluster_2461880136_4910664147_50607912_8131882097,0,1,0,0,r,G,3.0,Non-Congested,Non-Congested,0
132200274,0,3,0,1,r,G,0.0,Non-Congested,Non-Congested,0
181747232,2,1,0,0,y,r,0.0,Non-Congested,Non-Congested,0
47217361,1,1,1,0,r,r,4.0,Non-Congested,Non-Congested,0
cluster_2455590523_389713_47212064,3,2,3,1,r,y,0.0,Congested,Non-Congested,1
cluster_2461783448_38980632_5243070374,9,1,9,0,G,r,0.0,Congested,Non-Congested,6
cluster_2461880040_2461880142_8131892137,0,2,0,2,y,r,0.0,Non-Congested,Congested,1
cluster_2461880136_4910664147_50607912_8131882097,0,2,0,0,r,G,2.0,Non-Congested,Non-Congested,0
132200274,0,3,0,0,r,G,0.0,Non-Congested,Non-Congested,0
181747232,2,1,0,0,r,G,6.0,Non-Congested,Non-Congested,0
47217361,1,1,1,0,r,r,3.0,Non-Congested,Non-Congested,0
cluster_2455590523_389713_47212064,2,2,2,1,G,r,4.0,Non-Congested,Non-Congested,0
cluster_2461783448_38980632_5243070374,9,1,9,0,G,r,1.0,Congested,Non-Congested,6
cluster_2461880040_2461880142_8131892137,0,1,0,1,r,G,9.0,Non-Congested,Congested,2
cluster_2461880136_4910664147_50607912_8131882097,0,1,0,0,r,G,1.0,Non-Congested,Non-Congested,0
132200274,0,3,0,1,r,y,2.0,Non-Congested,Non-Congested,0
181747232,2,1,1,0,r,G,5.0,Non-Congested,Non-Congested,0
47217361,1,1,1,1,r,r,2.0,Non-Congested,Non-Congested,0
cluster_2455590523_389713_47212064,2,2,1,1,G,r,3.0,Non-Congested,Non-Congested,0
cluster_2461783448_38980632_5243070374,9,1,9,0,G,r,0.0,Congested,Non-Congested,6
cluster_2461880040_2461880142_8131892137,0,1,0,0,r,G,8.0,Non-Congested,Congested,2
cluster_2461880136_4910664147_50607912_8131882097,0,1,0,0,r,G,0.0,Non-Congested,Non-Congested,0
132200274,0,2,0,1,r,y,1.0,Non-Congested,Non-Congested,0
181747232,2,1,1,0,r,G,4.0,Non-Congested,Non-Congested,0
47217361,1,1,1,1,r,r,1.0,Non-Congested,Non-Congested,0
cluster_2455590523_389713_47212064,2,2,0,2,G,r,2.0,Non-Congested,Non-Congested,0
cluster_2461783448_38980632_5243070374,9,2,9,0,G,r,1.0,Congested,Non-Congested,6
cluster_2461880040_2461880142_8131892137,0,1,0,0,r,G,7.0,Non-Congested,Congested,2
cluster_2461880136_4910664147_50607912_8131882097,0,1,0,0,r,y,2.0,Non-Congested,Non-Congested,0
132200274,0,1,0,1,r,y,0.0,Non-Congested,Non-Congested,0
181747232,2,1,1,0,r,G,3.0,Non-Congested,Non-Congested,0
47217361,0,1,0,1,r,r,0.0,Non-Congested,Non-Congested,0
cluster_2455590523_389713_47212064,2,3,0,2,G,r,1.0,Non-Congested,Non-Congested,0
cluster_2461783448_38980632_5243070374,9,2,9,0,G,r,0.0,Congested,Non-Congested,6
cluster_2461880040_2461880142_8131892137,0,1,0,0,r,G,6.0,Non-Congested,Non-Congested,0
cluster_2461880136_4910664147_50607912_8131882097,0,2,0,0,r,y,1.0,Non-Congested,Non-Congested,0
132200274,0,2,0,1,G,r,4.0,Non-Congested,Non-Congested,0
181747232,2,1,1,0,r,G,2.0,Non-Congested,Non-Congested,0
47217361,0,2,0,1,r,r,2.0,Non-Congested,Non-Congested,0
cluster_2455590523_389713_47212064,1,3,0,2,G,r,0.0,Non-Congested,Non-Congested,0
cluster_2461783448_38980632_5243070374,9,2,9,0,G,r,1.0,Congested,Non-Congested,6
cluster_2461880040_2461880142_8131892137,0,1,0,0,r,G,5.0,Non-Congested,Non-Congested,0
cluster_2461880136_4910664147_50607912_8131882097,0,2,0,0,r,y,0.0,Non-Congested,Non-Congested,0
132200274,0,2,0,1,G,r,3.0,Non-Congested,Non-Congested,0
181747232,1,0,1,0,r,G,1.0,Non-Congested,Non-Congested,0
47217361,0,2,0,1,r,r,1.0,Non-Congested,Non-Congested,0
cluster_2455590523_389713_47212064,1,3,0,2,y,r,3.0,Non-Congested,Non-Congested,0
cluster_2461783448_38980632_5243070374,9,2,9,0,G,r,0.0,Congested,Non-Congested,6
cluster_2461880040_2461880142_8131892137,0,1,0,0,r,G,4.0,Non-Congested,Congested,2
cluster_2461880136_4910664147_50607912_8131882097,0,2,0,0,r,r,0.0,Non-Congested,Non-Congested,0
132200274,0,2,0,1,G,r,2.0,Non-Congested,Non-Congested,0
181747232,1,0,1,0,r,G,0.0,Non-Congested,Non-Congested,0
47217361,0,2,0,1,r,r,0.0,Non-Congested,Non-Congested,0
cluster_181310323_5380872437,0,1,0,0,G,r,5.0,Non-Congested,Non-Congested,0
cluster_2455590523_389713_47212064,1,4,0,2,y,r,2.0,Non-Congested,Non-Congested,0
cluster_2461783448_38980632_5243070374,9,2,9,1,G,r,1.0,Congested,Non-Congested,6
cluster_2461880040_2461880142_8131892137,1,1,0,0,r,G,3.0,Non-Congested,Non-Congested,0
cluster_2461880136_4910664147_50607912_8131882097,0,2,0,0,G,r,4.0,Non-Congested,Non-Congested,0
132200274,0,3,0,2,G,r,1.0,Non-Congested,Non-Congested,0
181747232,1,0,1,0,r,y,3.0,Non-Congested,Non-Congested,0
47217361,0,2,0,0,r,G,4.0,Non-Congested,Non-Congested,0
cluster_181310323_5380872437,0,1,0,0,G,r,4.0,Non-Congested,Congested,1
cluster_2455590523_389713_47212064,1,4,0,2,y,r,1.0,Non-Congested,Non-Congested,0
cluster_2461783448_38980632_5243070374,9,2,9,1,G,r,0.0,Congested,Non-Congested,6
cluster_2461880040_2461880142_8131892137,1,1,0,0,r,G,2.0,Non-Congested,Non-Congested,0
cluster_2461880136_4910664147_50607912_8131882097,0,2,0,0,G,r,3.0,Non-Congested,Non-Congested,0
132200274,0,3,0,2,G,r,0.0,Non-Congested,Congested,1
181747232,1,0,1,0,r,y,2.0,Non-Congested,Non-Congested,0
47217361,0,1,0,0,r,G,3.0,Non-Congested,Non-Congested,0
cluster_181310323_5380872437,0,1,0,0,G,r,3.0,Non-Congested,Congested,1
cluster_2455590523_389713_47212064,1,4,0,3,y,r,0.0,Non-Congested,Non-Congested,0
cluster_2461783448_38980632_5243070374,9,1,9,1,G,r,1.0,Congested,Non-Congested,6
cluster_2461880040_2461880142_8131892137,1,1,0,0,r,G,1.0,Non-Congested,Non-Congested,0
cluster_2461880136_4910664147_50607912_8131882097,0,2,0,0,G,r,2.0,Non-Congested,Non-Congested,0
132200274,0,3,0,2,G,r,1.0,Non-Congested,Congested,1
181747232,1,0,1,0,r,y,1.0,Non-Congested,Non-Congested,0
47217361,0,1,0,0,r,G,2.0,Non-Congested,Non-Congested,0
cluster_181310323_5380872437,0,1,0,0,G,r,2.0,Non-Congested,Congested,1
cluster_2455590523_389713_47212064,1,4,1,2,r,r,6.0,Non-Congested,Congested,1
cluster_2461783448_38980632_5243070374,9,1,9,1,G,r,0.0,Congested,Non-Congested,6
cluster_2461880040_2461880142_8131892137,2,2,0,0,r,G,0.0,Non-Congested,Non-Congested,0
cluster_2461880136_4910664147_50607912_8131882097,0,2,0,0,G,r,1.0,Non-Congested,Non-Congested,0
132200274,0,3,0,3,G,r,0.0,Non-Congested,Congested,1
181747232,1,0,1,0,r,y,0.0,Non-Congested,Non-Congested,0
47217361,0,1,0,0,r,G,1.0,Non-Congested,Non-Congested,0
cluster_181310323_5380872437,0,1,0,1,G,r,1.0,Non-Congested,Congested,1
cluster_2455590523_389713_47212064,1,4,1,2,r,r,5.0,Non-Congested,Congested,1
cluster_2461783448_38980632_5243070374,9,2,9,1,G,r,1.0,Congested,Non-Congested,6
cluster_2461880040_2461880142_8131892137,2,2,0,0,r,y,4.0,Non-Congested,Non-Congested,0
cluster_2461880136_4910664147_50607912_8131882097,0,2,0,0,G,r,0.0,Non-Congested,Non-Congested,0
132200274,0,3,0,3,G,r,1.0,Non-Congested,Congested,1
47217361,0,1,0,0,r,G,0.0,Non-Congested,Non-Congested,0
cluster_181310323_5380872437,0,1,0,1,G,r,0.0,Non-Congested,Congested,1
cluster_2455590523_389713_47212064,1,3,1,2,r,r,4.0,Non-Congested,Non-Congested,0
cluster_2461783448_38980632_5243070374,9,2,9,1,G,r,0.0,Congested,Non-Congested,6
cluster_2461880040_2461880142_8131892137,2,2,0,0,r,y,3.0,Non-Congested,Non-Congested,0
cluster_2461880136_4910664147_50607912_8131882097,0,2,0,0,y,r,2.0,Non-Congested,Non-Congested,0
132200274,0,3,0,3,G,r,0.0,Non-Congested,Congested,1
47217361,0,1,0,0,r,y,2.0,Non-Congested,Non-Congested,0
cluster_181310323_5380872437,0,1,0,1,y,r,3.0,Non-Congested,Congested,1
cluster_2455590523_389713_47212064,1,3,1,2,r,r,3.0,Non-Congested,Congested,1
cluster_2461783448_38980632_5243070374,9,2,9,1,G,r,1.0,Congested,Non-Congested,6
cluster_2461880040_2461880142_8131892137,2,3,0,0,r,y,2.0,Non-Congested,Non-Congested,0
cluster_2461880136_4910664147_50607912_8131882097,0,2,0,0,y,r,1.0,Non-Congested,Non-Congested,0
132200274,0,3,0,3,G,r,1.0,Non-Congested,Congested,1
47217361,0,1,0,0,r,y,1.0,Non-Congested,Non-Congested,0
cluster_1420096799_47154676,1,0,0,0,r,r,1.0,Non-Congested,Non-Congested,0
cluster_181310323_5380872437,0,1,0,1,y,r,2.0,Non-Congested,Congested,1
cluster_2455590523_389713_47212064,1,3,1,2,r,r,2.0,Non-Congested,Non-Congested,0
cluster_2461783448_38980632_5243070374,9,2,9,1,G,r,0.0,Congested,Non-Congested,6
cluster_2461880040_2461880142_8131892137,2,3,0,0,r,y,1.0,Non-Congested,Non-Congested,0
cluster_2461880136_4910664147_50607912_8131882097,0,1,0,1,y,r,0.0,Non-Congested,Non-Congested,0
132200274,0,3,0,3,G,r,0.0,Non-Congested,Congested,1
181747232,1,1,0,0,G,r,3.0,Non-Congested,Non-Congested,0
47217361,0,1,0,0,r,y,0.0,Non-Congested,Non-Congested,0
cluster_1420096799_47154676,1,0,0,0,r,r,0.0,Non-Congested,Non-Congested,0
cluster_181310323_5380872437,0,1,0,1,y,r,1.0,Non-Congested,Congested,1
cluster_2455590523_389713_47212064,1,3,1,3,r,r,1.0,Non-Congested,Non-Congested,0
cluster_2461783448_38980632_5243070374,9,2,9,1,G,r,4.0,Congested,Non-Congested,6
cluster_2461880040_2461880142_8131892137,2,3,0,0,r,y,0.0,Non-Congested,Non-Congested,0
132200274,0,3,0,3,G,r,1.0,Non-Congested,Congested,1
181747232,1,1,0,0,G,r,2.0,Non-Congested,Non-Congested,0
47217361,0,1,0,0,G,r,4.0,Non-Congested,Non-Congested,0
cluster_1420096799_47154676,1,1,0,0,r,G,6.0,Non-Congested,Non-Congested,0
cluster_181310323_5380872437,0,1,0,1,y,r,0.0,Non-Congested,Congested,1
cluster_2455590523_389713_47212064,1,4,1,3,r,r,0.0,Non-Congested,Non-Congested,0
cluster_2461783448_38980632_5243070374,9,2,9,1,G,r,3.0,Congested,Non-Congested,6
cluster_2461880040_2461880142_8131892137,1,2,0,0,r,r,4.0,Non-Congested,Non-Congested,0
132200274,0,3,0,3,G,r,0.0,Non-Congested,Congested,1
181747232,1,1,0,0,G,r,1.0,Non-Congested,Non-Congested,0
47217361,0,1,0,0,G,r,3.0,Non-Congested,Non-Congested,0
cluster_1420096799_47154676,1,0,0,0,r,G,5.0,Non-Congested,Non-Congested,0
cluster_2455590523_389713_47212064,1,5,1,3,r,r,1.0,Non-Congested,Congested,1
cluster_2461783448_38980632_5243070374,9,2,9,1,G,r,2.0,Congested,Non-Congested,6
cluster_2461880040_2461880142_8131892137,1,3,0,1,r,r,3.0,Non-Congested,Non-Congested,0
cluster_2461880136_4910664147_50607912_8131882097,0,1,0,0,r,G,2.0,Non-Congested,Non-Congested,0
132200274,0,3,0,3,G,r,1.0,Non-Congested,Congested,1
181747232,1,1,0,0,G,r,0.0,Non-Congested,Non-Congested,0
47217361,0,1,0,0,G,r,2.0,Non-Congested,Non-Congested,0
cluster_1420096799_47154676,1,0,0,0,r,G,4.0,Non-Congested,Non-Congested,0
cluster_2455590523_389713_47212064,1,5,1,3,r,r,0.0,Non-Congested,Non-Congested,0
cluster_2461783448_38980632_5243070374,9,2,9,1,G,r,1.0,Congested,Non-Congested,6
cluster_2461880040_2461880142_8131892137,0,2,0,1,r,r,2.0,Non-Congested,Congested,1
cluster_2461880136_4910664147_50607912_8131882097,0,1,0,0,r,G,1.0,Non-Congested,Non-Congested,0
132200274,0,4,0,3,G,r,0.0,Non-Congested,Congested,1
181747232,1,1,0,0,y,r,3.0,Non-Congested,Non-Congested,0
47217361,0,1,0,0,G,r,1.0,Non-Congested,Non-Congested,0
cluster_1420096799_47154676,1,0,0,0,r,G,3.0,Non-Congested,Non-Congested,0
cluster_2455590523_389713_47212064,2,5,1,3,r,r,0.0,Non-Congested,Non-Congested,0
cluster_2461783448_38980632_5243070374,9,2,9,1,G,r,0.0,Congested,Non-Congested,6
cluster_2461880040_2461880142_8131892137,0,2,0,1,r,r,1.0,Non-Congested,Congested,1
cluster_2461880136_4910664147_50607912_8131882097,0,1,0,0,r,G,0.0,Non-Congested,Non-Congested,0
132200274,0,4,0,3,G,r,1.0,Non-Congested,Congested,1
181747232,1,1,0,0,y,r,2.0,Non-Congested,Non-Congested,0
cluster_1420096799_47154676,2,0,0,0,r,G,2.0,Non-Congested,Non-Congested,0
cluster_2455590523_389713_47212064,1,6,1,3,r,r,3.0,Non-Congested,Non-Congested,0
cluster_2461783448_38980632_5243070374,9,2,9,1,G,r,9.0,Congested,Non-Congested,6
cluster_2461880040_2461880142_8131892137,0,2,0,1,r,r,0.0,Non-Congested,Congested,1
132200274,0,4,0,3,G,r,0.0,Non-Congested,Congested,1
181747232,1,1,0,0,y,r,1.0,Non-Congested,Non-Congested,0
47217361,0,1,0,0,y,r,2.0,Non-Congested,Non-Congested,0
cluster_1420096799_47154676,2,0,0,0,r,G,1.0,Non-Congested,Non-Congested,0
cluster_2455590523_389713_47212064,1,4,1,3,r,r,2.0,Non-Congested,Non-Congested,0
cluster_2461783448_38980632_5243070374,9,2,9,1,G,r,8.0,Congested,Non-Congested,6
cluster_2461880040_2461880142_8131892137,0,2,0,2,r,r,1.0,Non-Congested,Congested,1
132200274,0,4,0,3,G,r,1.0,Non-Congested,Congested,1
181747232,1,1,0,0,y,r,0.0,Non-Congested,Non-Congested,0
47217361,0,1,0,0,y,r,1.0,Non-Congested,Non-Congested,0
cluster_1420096799_47154676,2,0,1,0,r,G,0.0,Non-Congested,Non-Congested,0
cluster_2455590523_389713_47212064,1,4,1,3,r,r,1.0,Non-Congested,Non-Congested,0
cluster_2461783448_38980632_5243070374,9,2,9,2,G,r,7.0,Congested,Non-Congested,6
cluster_2461880040_2461880142_8131892137,0,2,0,2,r,r,0.0,Non-Congested,Congested,1
132200274,0,4,0,3,G,r,0.0,Non-Congested,Congested,1
181747232,1,1,0,0,r,G,6.0,Non-Congested,Non-Congested,0
47217361,0,1,0,0,y,r,0.0,Non-Congested,Non-Congested,0
cluster_1420096799_47154676,2,0,1,0,r,y,3.0,Non-Congested,Non-Congested,0
cluster_181310323_5380872437,1,0,0,0,r,y,2.0,Non-Congested,Non-Congested,0
cluster_2455590523_389713_47212064,1,3,1,3,r,r,0.0,Non-Congested,Non-Congested,0
cluster_2461783448_38980632_5243070374,9,2,9,2,G,r,6.0,Congested,Non-Congested,6
cluster_2461880040_2461880142_8131892137,0,2,0,2,r,r,1.0,Non-Congested,Congested,1
132200274,0,4,0,3,G,r,1.0,Non-Congested,Congested,1
181747232,1,1,0,0,r,G,5.0,Non-Congested,Non-Congested,0
47217361,0,1,0,0,r,r,4.0,Non-Congested,Non-Congested,0
cluster_1420096799_47154676,2,0,1,0,r,y,2.0,Non-Congested,Non-Congested,0
cluster_181310323_5380872437,1,0,0,0,r,y,1.0,Non-Congested,Non-Congested,0
cluster_2455590523_389713_47212064,1,1,1,1,r,G,4.0,Non-Congested,Non-Congested,0
cluster_2461783448_38980632_5243070374,9,2,9,2,G,r,5.0,Congested,Non-Congested,6
cluster_2461880040_2461880142_8131892137,0,2,0,2,r,r,0.0,Non-Congested,Congested,1
132200274,0,4,0,3,G,r,0.0,Non-Congested,Congested,1
47217361,0,1,0,0,r,r,3.0,Non-Congested,Non-Congested,0
cluster_1420096799_47154676,1,0,1,0,r,y,1.0,Non-Congested,Non-Congested,0
cluster_181310323_5380872437,1,0,0,0,r,y,0.0,Non-Congested,Non-Congested,0
cluster_2455590523_389713_47212064,1,1,1,0,r,G,3.0,Non-Congested,Non-Congested,0
cluster_2461783448_38980632_5243070374,9,2,9,2,G,r,4.0,Congested,Non-Congested,6
cluster_2461880040_2461880142_8131892137,0,2,0,2,r,r,1.0,Non-Congested,Congested,1
132200274,0,4,0,4,G,r,1.0,Non-Congested,Congested,1
47217361,0,1,0,0,r,r,2.0,Non-Congested,Non-Congested,0
cluster_1420096799_47154676,1,0,1,0,r,y,0.0,Non-Congested,Non-Congested,0
cluster_181310323_5380872437,1,0,0,0,G,r,6.0,Non-Congested,Non-Congested,0
cluster_2455590523_389713_47212064,1,1,1,0,r,G,2.0,Non-Congested,Non-Congested,0
cluster_2461783448_38980632_5243070374,9,3,9,2,G,r,3.0,Congested,Non-Congested,6
cluster_2461880040_2461880142_8131892137,0,2,0,2,r,r,0.0,Non-Congested,Congested,1
132200274,0,5,0,4,G,r,0.0,Non-Congested,Congested,1
47217361,0,1,0,0,r,r,1.0,Non-Congested,Non-Congested,0
cluster_181310323_5380872437,1,0,0,0,G,r,5.0,Non-Congested,Non-Congested,0
cluster_2455590523_389713_47212064,1,2,1,0,r,G,1.0,Non-Congested,Non-Congested,0
cluster_2461783448_38980632_5243070374,9,3,9,2,G,r,2.0,Congested,Non-Congested,6
cluster_2461880040_2461880142_8131892137,0,2,0,2,r,r,1.0,Non-Congested,Congested,1
132200274,0,5,0,4,G,r,1.0,Non-Congested,Congested,1
47217361,0,1,0,0,r,r,0.0,Non-Congested,Non-Congested,0
cluster_181310323_5380872437,1,0,0,0,G,r,4.0,Non-Congested,Non-Congested,0
cluster_2455590523_389713_47212064,1,1,1,0,r,G,0.0,Non-Congested,Non-Congested,0
cluster_2461783448_38980632_5243070374,9,3,9,2,G,r,1.0,Congested,Non-Congested,6
cluster_2461880040_2461880142_8131892137,0,2,0,2,r,r,0.0,Non-Congested,Congested,1
132200274,0,5,0,4,G,r,0.0,Non-Congested,Congested,1
47217361,0,2,0,0,r,r,2.0,Non-Congested,Non-Congested,0
cluster_1420096799_47154676,0,1,0,0,G,r,4.0,Non-Congested,Non-Congested,0
cluster_181310323_5380872437,1,0,0,0,G,r,3.0,Non-Congested,Non-Congested,0
cluster_2455590523_389713_47212064,1,2,1,0,r,y,3.0,Non-Congested,Non-Congested,0
cluster_2461783448_38980632_5243070374,9,3,9,2,G,r,0.0,Congested,Non-Congested,6
cluster_2461880040_2461880142_8131892137,0,2,0,2,r,r,1.0,Non-Congested,Congested,1
132200274,0,5,0,4,G,r,1.0,Non-Congested,Congested,1
47217361,0,2,0,0,r,r,1.0,Non-Congested,Non-Congested,0
cluster_1420096799_47154676,0,1,0,0,G,r,3.0,Non-Congested,Non-Congested,0
cluster_181310323_5380872437,1,0,0,0,G,r,2.0,Non-Congested,Non-Congested,0
cluster_2455590523_389713_47212064,1,2,1,0,r,y,2.0,Non-Congested,Non-Congested,0
cluster_2461783448_38980632_5243070374,9,3,9,2,y,r,4.0,Congested,Non-Congested,5
cluster_2461880040_2461880142_8131892137,0,2,0,2,r,r,0.0,Non-Congested,Congested,1
cluster_2461880136_4910664147_50607912_8131882097,0,1,0,0,y,r,1.0,Non-Congested,Non-Congested,0
132200274,0,5,0,5,G,r,0.0,Non-Congested,Congested,1
47217361,0,2,0,0,r,r,0.0,Non-Congested,Non-Congested,0
cluster_1420096799_47154676,0,1,0,0,G,r,2.0,Non-Congested,Non-Congested,0
cluster_181310323_5380872437,1,0,0,0,G,r,1.0,Non-Congested,Non-Congested,0
cluster_2455590523_389713_47212064,1,1,1,0,r,y,1.0,Non-Congested,Non-Congested,0
cluster_2461783448_38980632_5243070374,9,3,9,2,y,r,3.0,Congested,Non-Congested,5
cluster_2461880040_2461880142_8131892137,0,2,0,2,r,r,1.0,Non-Congested,Congested,1
cluster_2461880136_4910664147_50607912_8131882097,0,1,0,0,y,r,0.0,Non-Congested,Non-Congested,0
132200274,0,5,0,5,G,r,1.0,Non-Congested,Congested,1
47217361,0,2,0,0,r,G,4.0,Non-Congested,Non-Congested,0
cluster_1420096799_47154676,0,1,0,0,G,r,1.0,Non-Congested,Non-Congested,0
cluster_181310323_5380872437,1,0,0,0,G,r,0.0,Non-Congested,Non-Congested,0
cluster_2455590523_389713_47212064,1,1,1,0,r,y,0.0,Non-Congested,Non-Congested,0
cluster_2461783448_38980632_5243070374,9,4,9,2,y,r,2.0,Congested,Non-Congested,5
cluster_2461880040_2461880142_8131892137,0,2,0,2,r,r,0.0,Non-Congested,Congested,1
cluster_2461880136_4910664147_50607912_8131882097,0,2,0,0,r,G,4.0,Non-Congested,Non-Congested,0
132200274,0,5,0,5,G,r,0.0,Non-Congested,Congested,1
181747232,1,0,0,0,r,y,0.0,Non-Congested,Non-Congested,0
47217361,0,2,0,0,r,G,3.0,Non-Congested,Non-Congested,0
cluster_1420096799_47154676,0,1,0,0,G,r,0.0,Non-Congested,Non-Congested,0
cluster_181310323_5380872437,1,0,0,0,y,r,3.0,Non-Congested,Non-Congested,0
cluster_2461783448_38980632_5243070374,9,4,9,2,y,r,1.0,Congested,Non-Congested,5
cluster_2461880040_2461880142_8131892137,0,2,0,2,r,r,1.0,Non-Congested,Congested,1
cluster_2461880136_4910664147_50607912_8131882097,0,2,0,0,r,G,3.0,Non-Congested,Non-Congested,0
132200274,0,5,0,5,G,r,1.0,Non-Congested,Congested,1
181747232,1,0,0,0,G,r,6.0,Non-Congested,Non-Congested,0
47217361,0,2,0,0,r,G,2.0,Non-Congested,Non-Congested,0
cluster_1420096799_47154676,0,1,0,0,y,r,3.0,Non-Congested,Non-Congested,0
cluster_181310323_5380872437,1,0,0,0,y,r,2.0,Non-Congested,Non-Congested,0
cluster_2461783448_38980632_5243070374,9,4,9,2,y,r,0.0,Congested,Non-Congested,5
cluster_2461880040_2461880142_8131892137,0,2,0,2,r,r,0.0,Non-Congested,Congested,1
cluster_2461880136_4910664147_50607912_8131882097,0,2,0,0,r,G,2.0,Non-Congested,Non-Congested,0
132200274,0,5,0,5,G,r,0.0,Non-Congested,Congested,1
181747232,1,0,0,0,G,r,5.0,Non-Congested,Non-Congested,0
47217361,0,2,0,0,r,G,1.0,Non-Congested,Non-Congested,0
cluster_1420096799_47154676,0,2,0,0,y,r,2.0,Non-Congested,Non-Congested,0
cluster_2455590523_389713_47212064,1,0,0,0,G,r,2.0,Non-Congested,Non-Congested,0
cluster_2461783448_38980632_5243070374,9,4,9,1,r,G,4.0,Congested,Non-Congested,5
cluster_2461880040_2461880142_8131892137,0,2,0,2,r,r,1.0,Non-Congested,Congested,1
cluster_2461880136_4910664147_50607912_8131882097,0,2,0,0,r,G,1.0,Non-Congested,Non-Congested,0
132200274,0,5,0,5,G,r,1.0,Non-Congested,Congested,1
181747232,1,0,0,0,G,r,4.0,Non-Congested,Non-Congested,0
cluster_1420096799_47154676,0,2,0,0,y,r,1.0,Non-Congested,Non-Congested,0
cluster_2455590523_389713_47212064,1,1,0,0,G,r,1.0,Non-Congested,Non-Congested,0
cluster_2461783448_38980632_5243070374,9,4,9,1,r,G,3.0,Congested,Non-Congested,5
cluster_2461880040_2461880142_8131892137,0,2,0,2,r,r,0.0,Non-Congested,Congested,1
cluster_2461880136_4910664147_50607912_8131882097,0,2,0,0,r,G,0.0,Non-Congested,Non-Congested,0
132200274,0,5,0,5,G,r,0.0,Non-Congested,Congested,1
181747232,1,0,0,0,G,r,3.0,Non-Congested,Non-Congested,0
47217361,1,0,0,0,r,G,0.0,Non-Congested,Non-Congested,0
cluster_1420096799_47154676,0,3,0,0,y,r,0.0,Non-Congested,Non-Congested,0
cluster_2455590523_389713_47212064,1,1,0,0,G,r,0.0,Non-Congested,Non-Congested,0
cluster_2461783448_38980632_5243070374,9,4,9,1,r,G,2.0,Congested,Non-Congested,5
cluster_2461880040_2461880142_8131892137,0,2,0,2,r,r,1.0,Non-Congested,Congested,1
cluster_2461880136_4910664147_50607912_8131882097,0,1,0,0,r,G,1.0,Non-Congested,Non-Congested,0
132200274,0,5,0,5,G,r,1.0,Non-Congested,Congested,1
181747232,1,0,0,0,G,r,2.0,Non-Congested,Non-Congested,0
47217361,1,0,0,0,r,y,2.0,Non-Congested,Non-Congested,0
cluster_1420096799_47154676,0,3,0,0,r,r,6.0,Non-Congested,Non-Congested,0
cluster_2455590523_389713_47212064,0,2,0,0,G,r,0.0,Non-Congested,Non-Congested,0
cluster_2461783448_38980632_5243070374,9,4,9,1,r,G,1.0,Congested,Non-Congested,5
cluster_2461880040_2461880142_8131892137,0,2,0,2,r,r,0.0,Non-Congested,Congested,1
cluster_2461880136_4910664147_50607912_8131882097,0,1,0,0,r,G,0.0,Non-Congested,Non-Congested,0
132200274,0,5,0,5,G,r,0.0,Non-Congested,Congested,1
181747232,1,0,0,0,G,r,1.0,Non-Congested,Non-Congested,0
47217361,1,1,0,0,r,y,1.0,Non-Congested,Non-Congested,0
cluster_1420096799_47154676,0,3,0,0,r,r,5.0,Non-Congested,Non-Congested,0
cluster_2455590523_389713_47212064,0,2,0,0,G,r,0.0,Non-Congested,Non-Congested,0
cluster_2461783448_38980632_5243070374,9,4,9,2,r,G,0.0,Congested,Non-Congested,5
cluster_2461880040_2461880142_8131892137,0,2,0,2,r,r,1.0,Non-Congested,Congested,1
cluster_2461880136_4910664147_50607912_8131882097,0,1,0,0,r,G,1.0,Non-Congested,Non-Congested,0
132200274,0,5,0,5,y,r,2.0,Non-Congested,Congested,1
181747232,1,0,0,0,G,r,0.0,Non-Congested,Non-Congested,0
47217361,1,1,0,0,r,y,0.0,Non-Congested,Non-Congested,0
cluster_1420096799_47154676,0,3,0,1,r,r,4.0,Non-Congested,Non-Congested,0
cluster_2455590523_389713_47212064,0,3,0,0,y,r,3.0,Non-Congested,Non-Congested,0
cluster_2461783448_38980632_5243070374,9,4,9,2,r,y,4.0,Congested,Non-Congested,5
cluster_2461880040_2461880142_8131892137,0,2,0,2,r,r,0.0,Non-Congested,Congested,1
cluster_2461880136_4910664147_50607912_8131882097,0,1,0,0,r,G,0.0,Non-Congested,Non-Congested,0
132200274,0,5,0,5,y,r,1.0,Non-Congested,Congested,1
181747232,1,0,0,0,y,r,3.0,Non-Congested,Non-Congested,0
47217361,1,1,0,0,G,r,4.0,Non-Congested,Non-Congested,0
cluster_1420096799_47154676,0,3,0,2,r,r,3.0,Non-Congested,Non-Congested,0
cluster_2455590523_389713_47212064,0,2,0,0,y,r,2.0,Non-Congested,Non-Congested,0
cluster_2461783448_38980632_5243070374,9,4,9,4,r,y,3.0,Congested,Non-Congested,1
cluster_2461880040_2461880142_8131892137,0,2,0,2,r,r,1.0,Non-Congested,Congested,1
cluster_2461880136_4910664147_50607912_8131882097,0,1,0,0,r,G,0.0,Non-Congested,Non-Congested,0
132200274,0,5,0,5,y,r,0.0,Non-Congested,Congested,1
181747232,1,0,0,0,y,r,2.0,Non-Congested,Non-Congested,0
47217361,1,1,0,0,G,r,3.0,Non-Congested,Non-Congested,0
cluster_1420096799_47154676,0,3,0,2,r,r,2.0,Non-Congested,Non-Congested,0
cluster_2455590523_389713_47212064,0,3,0,0,y,r,1.0,Non-Congested,Congested,1
cluster_2461783448_38980632_5243070374,9,4,9,4,r,y,2.0,Congested,Non-Congested,1
cluster_2461880040_2461880142_8131892137,0,2,0,2,r,r,0.0,Non-Congested,Congested,1
cluster_2461880136_4910664147_50607912_8131882097,0,2,0,0,r,G,0.0,Non-Congested,Non-Congested,0
132200274,0,4,0,3,r,G,4.0,Non-Congested,Congested,2
181747232,1,0,0,0,y,r,1.0,Non-Congested,Non-Congested,0
47217361,1,1,0,0,G,r,2.0,Non-Congested,Non-Congested,0
cluster_1420096799_47154676,0,3,0,3,r,r,1.0,Non-Congested,Non-Congested,0
cluster_2455590523_389713_47212064,0,3,0,0,y,r,0.0,Non-Congested,Non-Congested,0
cluster_2461783448_38980632_5243070374,9,4,9,4,r,y,1.0,Congested,Non-Congested,1
cluster_2461880040_2461880142_8131892137,0,2,0,2,r,r,1.0,Non-Congested,Congested,1
cluster_2461880136_4910664147_50607912_8131882097,0,2,0,0,r,y,2.0,Non-Congested,Non-Congested,0
132200274,0,3,0,1,r,G,3.0,Non-Congested,Congested,2
181747232,1,0,0,0,y,r,0.0,Non-Congested,Non-Congested,0
47217361,1,1,0,0,G,r,1.0,Non-Congested,Non-Congested,0
cluster_1420096799_47154676,0,3,0,3,r,r,0.0,Non-Congested,Non-Congested,0
cluster_2455590523_389713_47212064,0,3,0,0,r,r,6.0,Non-Congested,Congested,1
cluster_2461783448_38980632_5243070374,9,4,9,4,r,y,0.0,Congested,Non-Congested,1
cluster_2461880040_2461880142_8131892137,0,2,0,2,r,r,0.0,Non-Congested,Congested,1
cluster_2461880136_4910664147_50607912_8131882097,0,2,0,0,r,y,1.0,Non-Congested,Non-Congested,0
132200274,0,3,0,0,r,G,2.0,Non-Congested,Non-Congested,0
181747232,1,0,0,0,r,G,6.0,Non-Congested,Non-Congested,0
47217361,1,1,0,0,G,r,0.0,Non-Congested,Non-Congested,0
cluster_1420096799_47154676,0,3,0,3,r,r,3.0,Non-Congested,Non-Congested,0
cluster_2455590523_389713_47212064,0,3,0,1,r,r,5.0,Non-Congested,Congested,1
cluster_2461783448_38980632_5243070374,9,4,9,4,G,r,4.0,Congested,Non-Congested,2
cluster_2461880040_2461880142_8131892137,0,2,0,2,r,r,1.0,Non-Congested,Congested,1
cluster_2461880136_4910664147_50607912_8131882097,0,2,0,0,r,y,0.0,Non-Congested,Non-Congested,0
132200274,0,3,0,0,r,G,1.0,Non-Congested,Non-Congested,0
181747232,1,0,0,0,r,G,5.0,Non-Congested,Non-Congested,0
47217361,1,1,0,0,y,r,2.0,Non-Congested,Non-Congested,0
cluster_1420096799_47154676,0,3,0,3,r,r,2.0,Non-Congested,Non-Congested,0
cluster_2455590523_389713_47212064,0,4,0,1,r,r,4.0,Non-Congested,Congested,1
cluster_2461783448_38980632_5243070374,9,4,9,4,G,r,3.0,Congested,Non-Congested,2
cluster_2461880040_2461880142_8131892137,0,2,0,2,r,r,0.0,Non-Congested,Congested,1
cluster_2461880136_4910664147_50607912_8131882097,0,2,0,0,r,r,0.0,Non-Congested,Non-Congested,0
132200274,0,4,0,0,r,G,0.0,Non-Congested,Congested,2
181747232,1,0,0,0,r,G,4.0,Non-Congested,Non-Congested,0
47217361,1,1,1,0,y,r,1.0,Non-Congested,Non-Congested,0
cluster_1420096799_47154676,0,2,0,2,r,r,1.0,Non-Congested,Non-Congested,0
cluster_2455590523_389713_47212064,0,3,0,1,r,r,3.0,Non-Congested,Congested,1
cluster_2461783448_38980632_5243070374,9,4,9,4,G,r,2.0,Congested,Non-Congested,2
cluster_2461880040_2461880142_8131892137,0,2,0,2,r,r,1.0,Non-Congested,Congested,1
cluster_2461880136_4910664147_50607912_8131882097,0,2,0,0,G,r,4.0,Non-Congested,Non-Congested,0
132200274,0,5,0,0,r,y,2.0,Non-Congested,Congested,1
181747232,1,0,0,0,r,G,3.0,Non-Congested,Non-Congested,0
47217361,1,1,1,0,y,r,0.0,Non-Congested,Non-Congested,0
cluster_1420096799_47154676,0,2,0,2,r,r,0.0,Non-Congested,Non-Congested,0
cluster_2455590523_389713_47212064,0,2,0,2,r,r,2.0,Non-Congested,Congested,1
cluster_2461783448_38980632_5243070374,9,4,9,4,G,r,1.0,Congested,Non-Congested,2
cluster_2461880040_2461880142_8131892137,0,2,0,2,r,r,0.0,Non-Congested,Congested,1
cluster_2461880136_4910664147_50607912_8131882097,0,2,0,0,G,r,3.0,Non-Congested,Non-Congested,0
132200274,0,5,0,1,r,y,1.0,Non-Congested,Congested,1
181747232,1,0,0,0,r,G,2.0,Non-Congested,Non-Congested,0
47217361,1,1,1,0,r,r,4.0,Non-Congested,Non-Congested,0
cluster_1420096799_47154676,0,1,0,0,r,G,6.0,Non-Congested,Non-Congested,0
cluster_2455590523_389713_47212064,0,2,0,2,r,r,1.0,Non-Congested,Congested,1
cluster_2461783448_38980632_5243070374,9,4,9,4,G,r,0.0,Congested,Non-Congested,2
cluster_2461880040_2461880142_8131892137,0,2,0,2,r,r,4.0,Non-Congested,Congested,1
cluster_2461880136_4910664147_50607912_8131882097,0,2,0,0,G,r,2.0,Non-Congested,Non-Congested,0
132200274,0,5,0,2,r,y,0.0,Non-Congested,Congested,1
181747232,2,0,0,0,r,G,1.0,Non-Congested,Non-Congested,0
47217361,1,1,1,0,r,r,3.0,Non-Congested,Non-Congested,0
cluster_2455590523_389713_47212064,0,2,0,2,r,r,0.0,Non-Congested,Congested,1
cluster_2461783448_38980632_5243070374,9,4,9,4,G,r,4.0,Congested,Non-Congested,2
cluster_2461880040_2461880142_8131892137,0,2,0,2,r,r,3.0,Non-Congested,Congested,1
cluster_2461880136_4910664147_50607912_8131882097,0,1,0,0,G,r,1.0,Non-Congested,Non-Congested,0
132200274,0,5,0,3,G,r,4.0,Non-Congested,Congested,1
181747232,2,0,0,0,r,G,0.0,Non-Congested,Non-Congested,0
47217361,1,1,1,0,r,r,2.0,Non-Congested,Non-Congested,0
cluster_2455590523_389713_47212064,0,2,0,2,r,r,0.0,Non-Congested,Congested,1
cluster_2461783448_38980632_5243070374,9,4,9,4,G,r,3.0,Congested,Non-Congested,2
cluster_2461880040_2461880142_8131892137,0,2,0,2,r,r,2.0,Non-Congested,Congested,1
cluster_2461880136_4910664147_50607912_8131882097,0,1,0,0,G,r,0.0,Non-Congested,Non-Congested,0
132200274,0,4,0,4,G,r,3.0,Non-Congested,Congested,1
181747232,2,0,0,0,r,y,3.0,Non-Congested,Non-Congested,0
47217361,1,1,1,0,r,r,1.0,Non-Congested,Non-Congested,0
cluster_2455590523_389713_47212064,0,2,0,2,r,r,3.0,Non-Congested,Congested,1
cluster_2461783448_38980632_5243070374,9,4,9,4,G,r,2.0,Congested,Non-Congested,2
cluster_2461880040_2461880142_8131892137,0,2,0,2,r,r,1.0,Non-Congested,Congested,1
cluster_2461880136_4910664147_50607912_8131882097,0,1,0,0,y,r,2.0,Non-Congested,Non-Congested,0
132200274,0,4,0,4,G,r,2.0,Non-Congested,Congested,1
181747232,2,0,0,0,r,y,2.0,Non-Congested,Non-Congested,0
47217361,1,1,1,0,r,r,0.0,Non-Congested,Non-Congested,0
cluster_1420096799_47154676,0,2,0,0,r,G,2.0,Non-Congested,Non-Congested,0
cluster_2455590523_389713_47212064,0,4,0,2,r,r,2.0,Non-Congested,Congested,1
cluster_2461783448_38980632_5243070374,9,4,9,4,G,r,1.0,Congested,Non-Congested,2
cluster_2461880040_2461880142_8131892137,0,2,0,2,r,r,0.0,Non-Congested,Congested,1
132200274,0,4,0,4,G,r,1.0,Non-Congested,Congested,1
181747232,2,0,0,0,r,y,1.0,Non-Congested,Non-Congested,0
47217361,1,1,1,0,r,r,2.0,Non-Congested,Non-Congested,0
cluster_1420096799_47154676,0,2,0,0,r,G,1.0,Non-Congested,Non-Congested,0
cluster_2455590523_389713_47212064,0,4,0,2,r,r,1.0,Non-Congested,Congested,1
cluster_2461783448_38980632_5243070374,9,4,9,4,G,r,0.0,Congested,Non-Congested,2
cluster_2461880040_2461880142_8131892137,0,2,0,2,G,r,4.0,Non-Congested,Congested,1
132200274,0,4,0,4,G,r,0.0,Non-Congested,Congested,1
181747232,2,0,0,0,r,y,0.0,Non-Congested,Non-Congested,0
47217361,1,1,1,0,r,r,1.0,Non-Congested,Non-Congested,0
cluster_1420096799_47154676,0,2,0,0,r,G,0.0,Non-Congested,Non-Congested,0
cluster_2455590523_389713_47212064,1,3,0,2,r,r,0.0,Non-Congested,Congested,1
cluster_2461783448_38980632_5243070374,9,4,9,4,G,r,9.0,Congested,Non-Congested,2
cluster_2461880040_2461880142_8131892137,0,2,0,2,G,r,3.0,Non-Congested,Congested,1
132200274,0,3,0,3,y,r,2.0,Non-Congested,Congested,1
181747232,2,0,0,0,G,r,6.0,Non-Congested,Non-Congested,0
47217361,1,1,0,0,r,r,0.0,Non-Congested,Non-Congested,0
cluster_1420096799_47154676,0,2,0,0,r,y,3.0,Non-Congested,Non-Congested,0
cluster_2455590523_389713_47212064,0,2,0,1,r,G,4.0,Non-Congested,Congested,2
cluster_2461783448_38980632_5243070374,9,4,9,4,G,r,8.0,Congested,Non-Congested,2
cluster_2461880040_2461880142_8131892137,0,2,0,2,G,r,2.0,Non-Congested,Congested,1
cluster_2461880136_4910664147_50607912_8131882097,1,0,0,0,r,G,3.0,Non-Congested,Non-Congested,0
132200274,0,4,0,3,y,r,1.0,Non-Congested,Congested,1
181747232,2,0,0,0,G,r,5.0,Non-Congested,Non-Congested,0
cluster_1420096799_47154676,0,1,0,0,r,y,2.0,Non-Congested,Non-Congested,0
cluster_2455590523_389713_47212064,0,1,0,0,r,G,3.0,Non-Congested,Congested,2
cluster_2461783448_38980632_5243070374,9,4,9,4,G,r,7.0,Congested,Non-Congested,2
cluster_2461880040_2461880142_8131892137,0,2,0,2,G,r,1.0,Non-Congested,Congested,1
cluster_2461880136_4910664147_50607912_8131882097,1,0,0,0,r,G,2.0,Congested,Non-Congested,1
132200274,0,4,0,3,y,r,0.0,Non-Congested,Congested,1
181747232,2,0,0,0,G,r,4.0,Non-Congested,Non-Congested,0
cluster_1420096799_47154676,0,1,0,0,r,y,1.0,Non-Congested,Non-Congested,0
cluster_2455590523_389713_47212064,0,1,0,0,r,G,2.0,Non-Congested,Congested,2
cluster_2461783448_38980632_5243070374,9,4,9,4,G,r,6.0,Congested,Non-Congested,2
cluster_2461880040_2461880142_8131892137,0,2,0,2,G,r,0.0,Non-Congested,Congested,1
cluster_2461880136_4910664147_50607912_8131882097,1,0,0,0,r,G,1.0,Congested,Non-Congested,1
132200274,0,3,0,1,r,G,4.0,Non-Congested,Congested,2
181747232,1,0,0,0,G,r,3.0,Non-Congested,Non-Congested,0
cluster_1420096799_47154676,0,1,0,0,r,y,0.0,Non-Congested,Non-Congested,0
cluster_2455590523_389713_47212064,0,1,0,0,r,G,1.0,Non-Congested,Non-Congested,0
cluster_2461783448_38980632_5243070374,9,4,9,4,G,r,5.0,Congested,Non-Congested,2
cluster_2461880040_2461880142_8131892137,0,2,0,2,y,r,4.0,Non-Congested,Congested,1
cluster_2461880136_4910664147_50607912_8131882097,1,0,1,0,r,G,0.0,Congested,Non-Congested,1
132200274,0,1,0,0,r,G,3.0,Non-Congested,Congested,2
181747232,2,1,0,0,G,r,2.0,Non-Congested,Non-Congested,0
47217361,0,1,0,0,r,G,1.0,Non-Congested,Non-Congested,0
cluster_1420096799_47154676,0,1,0,0,G,r,6.0,Non-Congested,Non-Congested,0
cluster_2455590523_389713_47212064,0,2,0,0,r,G,0.0,Non-Congested,Non-Congested,0
cluster_2461783448_38980632_5243070374,9,4,9,4,G,r,4.0,Congested,Non-Congested,2
cluster_2461880040_2461880142_8131892137,0,2,0,2,y,r,3.0,Non-Congested,Congested,1
cluster_2461880136_4910664147_50607912_8131882097,1,0,1,0,r,y,2.0,Congested,Non-Congested,1
132200274,0,2,0,0,r,G,2.0,Non-Congested,Non-Congested,0
181747232,2,1,0,0,G,r,1.0,Non-Congested,Non-Congested,0
47217361,0,1,0,0,r,G,0.0,Non-Congested,Non-Congested,0
cluster_1420096799_47154676,0,1,0,0,G,r,5.0,Non-Congested,Non-Congested,0
cluster_2455590523_389713_47212064,0,2,0,0,r,G,0.0,Non-Congested,Non-Congested,0
cluster_2461783448_38980632_5243070374,9,4,9,4,G,r,3.0,Congested,Non-Congested,2
cluster_2461880040_2461880142_8131892137,0,2,0,2,y,r,2.0,Non-Congested,Congested,1
cluster_2461880136_4910664147_50607912_8131882097,1,0,1,0,r,y,1.0,Congested,Non-Congested,1
132200274,0,1,0,0,r,G,1.0,Non-Congested,Non-Congested,0
181747232,2,1,0,0,G,r,0.0,Non-Congested,Non-Congested,0
47217361,0,1,0,0,r,y,2.0,Non-Congested,Non-Congested,0
cluster_1420096799_47154676,0,1,0,0,G,r,4.0,Non-Congested,Non-Congested,0
cluster_2455590523_389713_47212064,0,1,0,0,r,G,0.0,Non-Congested,Non-Congested,0
cluster_2461783448_38980632_5243070374,9,4,9,4,G,r,2.0,Congested,Non-Congested,2
cluster_2461880040_2461880142_8131892137,0,2,0,2,y,r,1.0,Non-Congested,Congested,1
cluster_2461880136_4910664147_50607912_8131882097,1,0,1,0,r,y,0.0,Congested,Non-Congested,1
181747232,2,1,0,0,y,r,3.0,Non-Congested,Non-Congested,0
47217361,0,1,0,0,r,y,1.0,Non-Congested,Non-Congested,0
cluster_1420096799_47154676,0,1,0,0,G,r,3.0,Non-Congested,Non-Congested,0
cluster_2461783448_38980632_5243070374,9,4,9,4,G,r,1.0,Congested,Non-Congested,2
cluster_2461880040_2461880142_8131892137,0,2,0,2,y,r,0.0,Non-Congested,Congested,1
cluster_2461880136_4910664147_50607912_8131882097,1,0,1,0,r,r,0.0,Congested,Non-Congested,1
132200274,0,1,0,0,r,y,2.0,Non-Congested,Non-Congested,0
181747232,2,1,0,0,y,r,2.0,Non-Congested,Non-Congested,0
47217361,0,1,0,0,r,y,0.0,Non-Congested,Non-Congested,0
cluster_1420096799_47154676,0,1,0,0,G,r,2.0,Non-Congested,Non-Congested,0
cluster_2455590523_389713_47212064,0,1,0,0,r,y,2.0,Non-Congested,Non-Congested,0
cluster_2461783448_38980632_5243070374,9,4,9,4,G,r,0.0,Congested,Non-Congested,2
cluster_2461880040_2461880142_8131892137,0,1,0,1,r,G,9.0,Non-Congested,Congested,2
132200274,0,1,0,0,r,y,1.0,Non-Congested,Non-Congested,0
181747232,2,1,0,0,y,r,1.0,Non-Congested,Non-Congested,0
47217361,0,2,0,0,G,r,4.0,Non-Congested,Non-Congested,0
cluster_1420096799_47154676,0,1,0,0,G,r,1.0,Non-Congested,Non-Congested,0
cluster_2455590523_389713_47212064,0,1,0,0,r,y,1.0,Non-Congested,Non-Congested,0
cluster_2461783448_38980632_5243070374,9,4,9,4,y,r,4.0,Congested,Non-Congested,1
cluster_2461880040_2461880142_8131892137,0,1,0,0,r,G,8.0,Non-Congested,Congested,2
132200274,0,1,0,0,r,y,0.0,Non-Congested,Non-Congested,0
181747232,2,1,0,0,y,r,0.0,Non-Congested,Non-Congested,0
47217361,0,1,0,0,G,r,3.0,Non-Congested,Non-Congested,0
cluster_1420096799_47154676,0,1,0,0,G,r,0.0,Non-Congested,Non-Congested,0
cluster_181310323_5380872437,1,0,0,0,G,r,6.0,Non-Congested,Non-Congested,0
cluster_2455590523_389713_47212064,0,1,0,0,r,y,0.0,Non-Congested,Non-Congested,0
cluster_2461783448_38980632_5243070374,9,4,9,4,y,r,3.0,Congested,Non-Congested,1
cluster_2461880040_2461880142_8131892137,0,1,0,0,r,G,7.0,Non-Congested,Non-Congested,0
132200274,0,1,0,0,G,r,4.0,Non-Congested,Non-Congested,0
181747232,2,1,0,0,r,G,6.0,Non-Congested,Non-Congested,0
47217361,0,1,0,0,G,r,2.0,Non-Congested,Non-Congested,0
cluster_1420096799_47154676,0,1,0,0,y,r,3.0,Non-Congested,Non-Congested,0
cluster_181310323_5380872437,1,0,0,0,G,r,5.0,Non-Congested,Non-Congested,0
cluster_2455590523_389713_47212064,0,1,0,0,G,r,4.0,Non-Congested,Non-Congested,0
cluster_2461783448_38980632_5243070374,9,4,9,4,y,r,2.0,Congested,Non-Congested,1
cluster_2461880040_2461880142_8131892137,0,1,0,0,r,G,6.0,Non-Congested,Congested,2
132200274,0,1,0,0,G,r,3.0,Non-Congested,Non-Congested,0
181747232,2,1,1,1,r,G,5.0,Non-Congested,Non-Congested,0
47217361,0,1,0,0,G,r,1.0,Non-Congested,Non-Congested,0
cluster_1420096799_47154676,0,1,0,1,y,r,2.0,Non-Congested,Non-Congested,0
cluster_181310323_5380872437,1,0,0,0,G,r,4.0,Non-Congested,Non-Congested,0
cluster_2455590523_389713_47212064,0,1,0,0,G,r,3.0,Non-Congested,Non-Congested,0
cluster_2461783448_38980632_5243070374,9,4,9,4,y,r,1.0,Congested,Non-Congested,1
cluster_2461880040_2461880142_8131892137,0,1,0,0,r,G,5.0,Non-Congested,Congested,2
181747232,1,0,0,0,r,G,4.0,Non-Congested,Non-Congested,0
47217361,0,1,0,0,G,r,0.0,Non-Congested,Non-Congested,0
cluster_181310323_5380872437,1,0,0,0,G,r,3.0,Non-Congested,Non-Congested,0
cluster_2455590523_389713_47212064,0,1,0,0,G,r,2.0,Non-Congested,Non-Congested,0
cluster_2461783448_38980632_5243070374,9,4,9,4,y,r,0.0,Congested,Non-Congested,1
181747232,1,0,0,0,r,G,3.0,Non-Congested,Non-Congested,0
47217361,0,1,0,0,y,r,2.0,Non-Congested,Non-Congested,0
cluster_181310323_5380872437,1,0,0,0,G,r,2.0,Non-Congested,Non-Congested,0
cluster_2455590523_389713_47212064,0,1,0,0,G,r,1.0,Non-Congested,Non-Congested,0
cluster_2461783448_38980632_5243070374,9,4,9,4,r,G,4.0,Congested,Non-Congested,1
cluster_2461880040_2461880142_8131892137,1,2,0,0,r,G,3.0,Non-Congested,Non-Congested,0
181747232,1,0,0,0,r,G,2.0,Non-Congested,Non-Congested,0
47217361,0,1,0,0,y,r,1.0,Non-Congested,Non-Congested,0
cluster_2455590523_389713_47212064,0,1,0,0,G,r,0.0,Non-Congested,Non-Congested,0
cluster_2461783448_38980632_5243070374,9,4,9,4,r,G,3.0,Congested,Non-Congested,1
cluster_2461880040_2461880142_8131892137,1,2,0,0,r,G,2.0,Non-Congested,Non-Congested,0
cluster_2461880136_4910664147_50607912_8131882097,0,1,0,0,y,r,0.0,Non-Congested,Non-Congested,0
181747232,2,0,0,0,r,G,1.0,Non-Congested,Non-Congested,0
47217361,0,1,0,0,y,r,0.0,Non-Congested,Non-Congested,0
cluster_181310323_5380872437,0,1,0,0,G,r,0.0,Non-Congested,Non-Congested,0
cluster_2455590523_389713_47212064,0,1,0,1,y,r,3.0,Non-Congested,Non-Congested,0
cluster_2461783448_38980632_5243070374,9,4,9,4,r,G,2.0,Congested,Non-Congested,1
cluster_2461880040_2461880142_8131892137,2,2,0,0,r,G,1.0,Non-Congested,Non-Congested,0
cluster_2461880136_4910664147_50607912_8131882097,0,1,0,0,r,G,4.0,Non-Congested,Non-Congested,0
181747232,2,0,0,0,r,G,0.0,Non-Congested,Non-Congested,0
47217361,0,1,0,0,r,r,4.0,Non-Congested,Non-Congested,0
cluster_181310323_5380872437,0,1,0,0,y,r,3.0,Non-Congested,Non-Congested,0
cluster_2455590523_389713_47212064,0,1,0,1,y,r,2.0,Non-Congested,Non-Congested,0
cluster_2461783448_38980632_5243070374,9,4,9,4,r,G,1.0,Congested,Non-Congested,1
cluster_2461880040_2461880142_8131892137,2,2,0,0,r,G,0.0,Non-Congested,Non-Congested,0
cluster_2461880136_4910664147_50607912_8131882097,0,1,0,0,r,G,3.0,Non-Congested,Non-Congested,0
132200274,0,1,0,0,y,r,0.0,Non-Congested,Non-Congested,0
181747232,2,0,0,0,r,y,3.0,Non-Congested,Non-Congested,0
47217361,0,1,0,0,r,r,3.0,Non-Congested,Non-Congested,0
cluster_2455590523_389713_47212064,0,1,0,1,y,r,1.0,Non-Congested,Non-Congested,0
cluster_2461783448_38980632_5243070374,9,4,9,4,r,G,0.0,Congested,Non-Congested,1
cluster_2461880040_2461880142_8131892137,2,2,0,0,r,G,0.0,Non-Congested,Non-Congested,0
cluster_2461880136_4910664147_50607912_8131882097,0,1,0,0,r,G,2.0,Non-Congested,Non-Congested,0
132200274,0,1,0,0,r,G,4.0,Non-Congested,Non-Congested,0
181747232,2,0,0,0,r,y,2.0,Non-Congested,Non-Congested,0
47217361,0,1,0,0,r,r,2.0,Non-Congested,Non-Congested,0
cluster_2455590523_389713_47212064,0,1,0,1,y,r,0.0,Non-Congested,Non-Congested,0
cluster_2461783448_38980632_5243070374,9,4,9,4,r,y,4.0,Congested,Non-Congested,1
cluster_2461880040_2461880142_8131892137,3,3,0,0,r,y,4.0,Non-Congested,Non-Congested,0
cluster_2461880136_4910664147_50607912_8131882097,0,1,0,0,r,G,1.0,Non-Congested,Non-Congested,0
181747232,2,0,0,0,r,y,1.0,Non-Congested,Non-Congested,0
47217361,0,2,0,0,r,r,1.0,Non-Congested,Non-Congested,0
cluster_2455590523_389713_47212064,0,3,0,1,r,r,6.0,Non-Congested,Non-Congested,0
cluster_2461783448_38980632_5243070374,9,4,9,4,r,y,3.0,Congested,Non-Congested,1
cluster_2461880040_2461880142_8131892137,3,4,0,0,r,y,3.0,Non-Congested,Non-Congested,0
cluster_2461880136_4910664147_50607912_8131882097,0,1,0,0,r,G,0.0,Non-Congested,Non-Congested,0
132200274,0,2,0,0,r,G,2.0,Non-Congested,Non-Congested,0
181747232,2,0,1,0,r,y,0.0,Non-Congested,Non-Congested,0
47217361,0,2,0,0,r,r,0.0,Non-Congested,Non-Congested,0
cluster_2455590523_389713_47212064,0,2,0,1,r,r,5.0,Non-Congested,Congested,1
cluster_2461783448_38980632_5243070374,9,4,9,4,r,y,2.0,Congested,Non-Congested,1
cluster_2461880040_2461880142_8131892137,3,4,0,0,r,y,2.0,Non-Congested,Non-Congested,0
cluster_2461880136_4910664147_50607912_8131882097,0,1,0,0,r,y,2.0,Non-Congested,Non-Congested,0
132200274,0,2,0,0,r,G,1.0,Non-Congested,Non-Congested,0
181747232,2,0,0,0,G,r,6.0,Non-Congested,Non-Congested,0
47217361,0,3,0,0,r,r,0.0,Non-Congested,Non-Congested,0
cluster_2455590523_389713_47212064,0,2,0,1,r,r,4.0,Non-Congested,Congested,1
cluster_2461783448_38980632_5243070374,9,4,9,4,r,y,1.0,Congested,Non-Congested,1
cluster_2461880040_2461880142_8131892137,3,4,0,0,r,y,1.0,Non-Congested,Congested,1
cluster_2461880136_4910664147_50607912_8131882097,0,1,0,0,r,y,1.0,Non-Congested,Non-Congested,0
132200274,0,1,0,0,r,G,0.0,Non-Congested,Non-Congested,0
181747232,1,0,0,0,G,r,5.0,Non-Congested,Non-Congested,0
47217361,0,3,0,0,r,r,2.0,Non-Congested,Non-Congested,0
cluster_2455590523_389713_47212064,0,2,0,1,r,r,3.0,Non-Congested,Non-Congested,0
cluster_2461783448_38980632_5243070374,9,4,9,4,r,y,0.0,Congested,Non-Congested,1
cluster_2461880040_2461880142_8131892137,2,3,0,0,r,y,0.0,Non-Congested,Congested,1
cluster_2461880136_4910664147_50607912_8131882097,0,1,0,0,r,y,0.0,Non-Congested,Non-Congested,0
132200274,0,1,0,0,r,G,0.0,Non-Congested,Non-Congested,0
181747232,1,0,0,0,G,r,4.0,Non-Congested,Non-Congested,0
47217361,0,3,0,0,r,r,1.0,Non-Congested,Non-Congested,0
cluster_2455590523_389713_47212064,0,2,0,2,r,r,2.0,Non-Congested,Non-Congested,0
cluster_2461783448_38980632_5243070374,9,4,9,4,G,r,4.0,Congested,Non-Congested,2
cluster_2461880040_2461880142_8131892137,1,3,0,1,r,r,4.0,Non-Congested,Congested,1
cluster_2461880136_4910664147_50607912_8131882097,0,1,0,0,r,r,0.0,Non-Congested,Non-Congested,0
132200274,0,1,0,0,r,G,0.0,Non-Congested,Non-Congested,0
181747232,1,0,0,0,G,r,3.0,Non-Congested,Non-Congested,0
47217361,0,2,0,0,r,r,0.0,Non-Congested,Non-Congested,0
cluster_2455590523_389713_47212064,0,2,0,2,r,r,1.0,Non-Congested,Non-Congested,0
cluster_2461783448_38980632_5243070374,9,4,9,4,G,r,3.0,Congested,Non-Congested,2
cluster_2461880040_2461880142_8131892137,1,3,0,2,r,r,3.0,Non-Congested,Congested,1
cluster_2461880136_4910664147_50607912_8131882097,0,1,0,0,G,r,4.0,Non-Congested,Non-Congested,0
181747232,1,0,0,0,G,r,2.0,Non-Congested,Non-Congested,0
47217361,0,1,0,0,r,G,4.0,Non-Congested,Non-Congested,0
cluster_1420096799_47154676,0,1,0,0,r,G,6.0,Non-Congested,Non-Congested,0
cluster_2455590523_389713_47212064,0,2,0,2,r,r,0.0,Non-Congested,Non-Congested,0
cluster_2461783448_38980632_5243070374,9,4,9,4,G,r,2.0,Congested,Non-Congested,2
cluster_2461880040_2461880142_8131892137,1,3,0,2,r,r,2.0,Non-Congested,Congested,1
132200274,0,1,0,0,r,y,1.0,Non-Congested,Non-Congested,0
181747232,2,1,0,0,G,r,1.0,Non-Congested,Non-Congested,0
47217361,0,1,0,0,r,G,3.0,Non-Congested,Non-Congested,0
cluster_2455590523_389713_47212064,0,2,0,2,r,r,0.0,Non-Congested,Non-Congested,0
cluster_2461783448_38980632_5243070374,9,4,9,4,G,r,1.0,Congested,Non-Congested,2
cluster_2461880040_2461880142_8131892137,0,2,0,2,r,r,1.0,Non-Congested,Congested,1
132200274,0,1,0,0,r,y,0.0,Non-Congested,Non-Congested,0
181747232,2,1,0,0,G,r,0.0,Non-Congested,Non-Congested,0
cluster_2455590523_389713_47212064,0,2,0,2,r,r,0.0,Non-Congested,Non-Congested,0
cluster_2461783448_38980632_5243070374,9,4,9,4,G,r,0.0,Congested,Non-Congested,2
cluster_2461880040_2461880142_8131892137,0,2,0,2,r,r,0.0,Non-Congested,Congested,1
132200274,0,2,0,0,G,r,4.0,Non-Congested,Non-Congested,0
181747232,2,1,0,0,y,r,3.0,Non-Congested,Non-Congested,0
47217361,1,0,0,0,r,G,1.0,Non-Congested,Non-Congested,0
cluster_2455590523_389713_47212064,1,2,0,2,r,r,3.0,Non-Congested,Non-Congested,0
cluster_2461783448_38980632_5243070374,9,4,9,4,G,r,4.0,Congested,Non-Congested,2
cluster_2461880040_2461880142_8131892137,0,2,0,2,r,r,1.0,Non-Congested,Congested,1
132200274,0,2,0,0,G,r,3.0,Non-Congested,Congested,1
181747232,3,1,0,0,y,r,2.0,Non-Congested,Non-Congested,0
47217361,1,0,0,0,r,G,0.0,Non-Congested,Non-Congested,0
cluster_1420096799_47154676,1,0,0,0,r,G,2.0,Non-Congested,Non-Congested,0
cluster_2455590523_389713_47212064,0,2,0,2,r,r,2.0,Non-Congested,Non-Congested,0
cluster_2461783448_38980632_5243070374,9,4,9,4,G,r,3.0,Congested,Non-Congested,2
cluster_2461880040_2461880142_8131892137,0,2,0,2,r,r,0.0,Non-Congested,Congested,1
132200274,0,2,0,1,G,r,2.0,Non-Congested,Congested,1
181747232,3,1,0,0,y,r,1.0,Non-Congested,Non-Congested,0
47217361,1,0,0,0,r,y,2.0,Non-Congested,Non-Congested,0
cluster_1420096799_47154676,1,0,0,0,r,G,1.0,Non-Congested,Non-Congested,0
cluster_2455590523_389713_47212064,0,2,0,2,r,r,1.0,Non-Congested,Non-Congested,0
cluster_2461783448_38980632_5243070374,9,4,9,4,G,r,2.0,Congested,Non-Congested,2
cluster_2461880040_2461880142_8131892137,0,2,0,2,r,r,1.0,Non-Congested,Congested,1
132200274,0,2,0,1,G,r,1.0,Non-Congested,Congested,1
181747232,3,1,0,0,y,r,0.0,Non-Congested,Non-Congested,0
47217361,1,0,0,0,r,y,1.0,Non-Congested,Non-Congested,0
cluster_1420096799_47154676,1,0,0,0,r,G,0.0,Non-Congested,Non-Congested,0
cluster_2455590523_389713_47212064,0,2,0,2,r,r,0.0,Non-Congested,Non-Congested,0
cluster_2461783448_38980632_5243070374,9,4,9,4,G,r,1.0,Congested,Non-Congested,2
cluster_2461880040_2461880142_8131892137,0,2,0,2,r,r,0.0,Non-Congested,Congested,1
132200274,0,2,0,2,G,r,0.0,Non-Congested,Congested,1
181747232,3,1,0,0,r,G,6.0,Non-Congested,Non-Congested,0
47217361,1,0,0,0,r,y,0.0,Non-Congested,Non-Congested,0
cluster_1420096799_47154676,1,0,0,0,r,y,3.0,Non-Congested,Non-Congested,0
cluster_2455590523_389713_47212064,1,1,0,1,r,G,4.0,Non-Congested,Non-Congested,0
cluster_2461783448_38980632_5243070374,9,4,9,4,G,r,0.0,Congested,Non-Congested,2
cluster_2461880040_2461880142_8131892137,0,2,0,2,r,r,1.0,Non-Congested,Congested,1
132200274,0,2,0,2,G,r,0.0,Non-Congested,Congested,1
181747232,3,1,0,0,r,G,5.0,Non-Congested,Non-Congested,0
47217361,1,0,0,0,G,r,4.0,Non-Congested,Non-Congested,0
cluster_1420096799_47154676,1,0,0,0,r,y,2.0,Non-Congested,Non-Congested,0
cluster_2455590523_389713_47212064,1,1,0,0,r,G,3.0,Non-Congested,Non-Congested,0
cluster_2461783448_38980632_5243070374,9,4,9,4,G,r,9.0,Congested,Non-Congested,2
cluster_2461880040_2461880142_8131892137,0,2,0,2,r,r,0.0,Non-Congested,Congested,1
132200274,0,2,0,2,y,r,2.0,Non-Congested,Congested,1
181747232,3,1,0,0,r,G,4.0,Non-Congested,Non-Congested,0
47217361,1,0,0,0,G,r,3.0,Non-Congested,Non-Congested,0
cluster_2455590523_389713_47212064,1,1,0,0,r,G,2.0,Non-Congested,Non-Congested,0
cluster_2461783448_38980632_5243070374,9,4,9,4,G,r,8.0,Congested,Non-Congested,2
cluster_2461880040_2461880142_8131892137,0,2,0,2,r,r,1.0,Non-Congested,Congested,1
132200274,0,2,0,2,y,r,1.0,Non-Congested,Congested,1
181747232,4,1,0,0,r,G,3.0,Non-Congested,Non-Congested,0
47217361,1,0,0,0,G,r,2.0,Non-Congested,Non-Congested,0
cluster_2455590523_389713_47212064,1,1,0,0,r,G,1.0,Non-Congested,Non-Congested,0
cluster_2461783448_38980632_5243070374,9,4,9,4,G,r,7.0,Congested,Non-Congested,2
cluster_2461880040_2461880142_8131892137,0,2,0,2,r,r,0.0,Non-Congested,Congested,1
132200274,0,2,0,2,y,r,0.0,Non-Congested,Congested,1
181747232,3,0,0,0,r,G,2.0,Non-Congested,Non-Congested,0
cluster_2455590523_389713_47212064,1,2,0,0,r,G,0.0,Non-Congested,Non-Congested,0
cluster_2461783448_38980632_5243070374,9,4,9,4,G,r,6.0,Congested,Non-Congested,2
cluster_2461880040_2461880142_8131892137,0,2,0,2,r,r,1.0,Non-Congested,Congested,1
cluster_2461880136_4910664147_50607912_8131882097,0,1,0,0,r,G,0.0,Non-Congested,Non-Congested,0
132200274,0,1,0,1,r,G,4.0,Non-Congested,Non-Congested,0
181747232,3,0,0,0,r,G,1.0,Non-Congested,Non-Congested,0
cluster_2455590523_389713_47212064,1,2,0,1,r,y,3.0,Non-Congested,Non-Congested,0
cluster_2461783448_38980632_5243070374,9,4,9,4,G,r,5.0,Congested,Non-Congested,2
cluster_2461880040_2461880142_8131892137,0,2,0,2,r,r,0.0,Non-Congested,Congested,1
cluster_2461880136_4910664147_50607912_8131882097,0,2,0,0,r,y,2.0,Non-Congested,Non-Congested,0
132200274,0,1,0,0,r,G,3.0,Non-Congested,Non-Congested,0
181747232,3,0,0,0,r,G,0.0,Non-Congested,Non-Congested,0
cluster_2455590523_389713_47212064,1,2,1,1,r,y,2.0,Non-Congested,Non-Congested,0
cluster_2461783448_38980632_5243070374,9,4,9,4,G,r,4.0,Congested,Non-Congested,2
cluster_2461880040_2461880142_8131892137,0,2,0,2,r,r,1.0,Non-Congested,Congested,1
cluster_2461880136_4910664147_50607912_8131882097,0,2,0,0,r,y,1.0,Non-Congested,Non-Congested,0
132200274,0,1,0,0,r,G,2.0,Non-Congested,Non-Congested,0
181747232,3,0,0,0,r,y,3.0,Non-Congested,Non-Congested,0
cluster_2455590523_389713_47212064,1,1,1,1,r,y,1.0,Non-Congested,Non-Congested,0
cluster_2461783448_38980632_5243070374,9,4,9,4,G,r,3.0,Congested,Non-Congested,2
cluster_2461880040_2461880142_8131892137,0,2,0,2,r,r,0.0,Non-Congested,Congested,1
cluster_2461880136_4910664147_50607912_8131882097,0,2,0,0,r,y,0.0,Non-Congested,Non-Congested,0
132200274,0,1,0,0,r,G,1.0,Non-Congested,Non-Congested,0
181747232,3,0,1,0,r,y,2.0,Non-Congested,Non-Congested,0
47217361,0,1,0,0,y,r,0.0,Non-Congested,Non-Congested,0
cluster_2455590523_389713_47212064,1,1,1,1,r,y,0.0,Non-Congested,Non-Congested,0
cluster_2461783448_38980632_5243070374,9,4,9,4,G,r,2.0,Congested,Non-Congested,2
cluster_2461880040_2461880142_8131892137,0,2,0,2,r,r,1.0,Non-Congested,Congested,1
cluster_2461880136_4910664147_50607912_8131882097,0,3,0,0,r,r,0.0,Non-Congested,Non-Congested,0
132200274,0,2,0,0,r,G,0.0,Non-Congested,Non-Congested,0
181747232,3,0,1,0,r,y,1.0,Non-Congested,Non-Congested,0
47217361,0,1,0,0,r,r,4.0,Non-Congested,Non-Congested,0
cluster_2455590523_389713_47212064,0,1,0,1,G,r,4.0,Non-Congested,Non-Congested,0
cluster_2461783448_38980632_5243070374,9,4,9,4,G,r,1.0,Congested,Non-Congested,2
cluster_2461880040_2461880142_8131892137,0,2,0,2,r,r,0.0,Non-Congested,Congested,1
cluster_2461880136_4910664147_50607912_8131882097,0,3,0,0,G,r,4.0,Non-Congested,Non-Congested,0
132200274,0,3,0,0,r,G,1.0,Non-Congested,Non-Congested,0
181747232,3,0,1,0,r,y,0.0,Non-Congested,Non-Congested,0
47217361,0,1,0,0,r,r,3.0,Non-Congested,Non-Congested,0
cluster_2455590523_389713_47212064,0,1,0,1,G,r,3.0,Non-Congested,Non-Congested,0
cluster_2461783448_38980632_5243070374,9,4,9,4,G,r,0.0,Congested,Non-Congested,2
cluster_2461880040_2461880142_8131892137,0,2,0,2,r,r,1.0,Non-Congested,Congested,1
cluster_2461880136_4910664147_50607912_8131882097,0,3,0,0,G,r,3.0,Non-Congested,Non-Congested,0
132200274,0,3,0,0,r,G,0.0,Non-Congested,Non-Congested,0
181747232,2,0,0,0,G,r,6.0,Non-Congested,Non-Congested,0
47217361,0,1,0,0,r,r,2.0,Non-Congested,Non-Congested,0
cluster_2455590523_389713_47212064,0,2,0,1,G,r,2.0,Non-Congested,Non-Congested,0
cluster_2461783448_38980632_5243070374,9,4,9,4,y,r,4.0,Congested,Non-Congested,1
cluster_2461880040_2461880142_8131892137,0,2,0,2,r,r,0.0,Non-Congested,Congested,1
cluster_2461880136_4910664147_50607912_8131882097,0,3,0,0,G,r,2.0,Non-Congested,Non-Congested,0
132200274,0,1,0,0,r,G,0.0,Non-Congested,Non-Congested,0
181747232,2,0,0,0,G,r,5.0,Non-Congested,Non-Congested,0
47217361,0,1,0,0,r,r,1.0,Non-Congested,Non-Congested,0
cluster_2455590523_389713_47212064,0,2,0,1,G,r,1.0,Non-Congested,Non-Congested,0
cluster_2461783448_38980632_5243070374,9,4,9,4,y,r,3.0,Congested,Non-Congested,1
cluster_2461880040_2461880142_8131892137,0,2,0,2,r,r,1.0,Non-Congested,Congested,1
cluster_2461880136_4910664147_50607912_8131882097,0,3,0,0,G,r,1.0,Non-Congested,Non-Congested,0
132200274,1,2,0,0,r,G,0.0,Non-Congested,Non-Congested,0
181747232,2,0,0,0,G,r,4.0,Non-Congested,Non-Congested,0
47217361,0,1,0,0,r,r,0.0,Non-Congested,Non-Congested,0
cluster_2455590523_389713_47212064,1,2,0,1,G,r,0.0,Non-Congested,Non-Congested,0
cluster_2461783448_38980632_5243070374,9,4,9,4,y,r,2.0,Congested,Non-Congested,1
cluster_2461880040_2461880142_8131892137,0,2,0,2,r,r,0.0,Non-Congested,Congested,1
cluster_2461880136_4910664147_50607912_8131882097,0,3,0,0,G,r,0.0,Non-Congested,Non-Congested,0
132200274,1,1,0,0,r,G,1.0,Non-Congested,Non-Congested,0
181747232,3,1,0,0,G,r,3.0,Non-Congested,Non-Congested,0
47217361,0,1,0,0,r,r,2.0,Non-Congested,Non-Congested,0
cluster_2455590523_389713_47212064,1,1,0,1,y,r,3.0,Non-Congested,Non-Congested,0
cluster_2461783448_38980632_5243070374,9,4,9,4,y,r,1.0,Congested,Non-Congested,1
cluster_2461880040_2461880142_8131892137,0,2,0,2,r,r,1.0,Non-Congested,Congested,1
cluster_2461880136_4910664147_50607912_8131882097,0,3,0,0,y,r,2.0,Non-Congested,Non-Congested,0
132200274,1,1,0,0,r,G,0.0,Non-Congested,Non-Congested,0
181747232,3,1,0,0,G,r,2.0,Non-Congested,Non-Congested,0
47217361,0,1,0,0,r,r,1.0,Non-Congested,Non-Congested,0
cluster_2455590523_389713_47212064,1,1,0,1,y,r,2.0,Non-Congested,Non-Congested,0
cluster_2461783448_38980632_5243070374,9,4,9,4,y,r,0.0,Congested,Non-Congested,1
cluster_2461880040_2461880142_8131892137,0,2,0,2,r,r,0.0,Non-Congested,Congested,1
cluster_2461880136_4910664147_50607912_8131882097,0,3,0,1,y,r,1.0,Non-Congested,Non-Congested,0
132200274,1,2,0,0,r,G,1.0,Non-Congested,Non-Congested,0
181747232,3,1,0,0,G,r,1.0,Non-Congested,Non-Congested,0
47217361,0,1,0,0,r,r,0.0,Non-Congested,Non-Congested,0
cluster_2455590523_389713_47212064,1,1,0,1,y,r,1.0,Non-Congested,Non-Congested,0
cluster_2461783448_38980632_5243070374,9,4,9,4,r,G,4.0,Congested,Non-Congested,1
cluster_2461880040_2461880142_8131892137,0,2,0,2,r,r,1.0,Non-Congested,Congested,1
cluster_2461880136_4910664147_50607912_8131882097,0,3,0,1,y,r,0.0,Non-Congested,Non-Congested,0
132200274,1,1,0,0,r,G,0.0,Non-Congested,Non-Congested,0
181747232,3,1,0,0,G,r,0.0,Non-Congested,Non-Congested,0
47217361,0,1,0,0,r,G,4.0,Non-Congested,Non-Congested,0
cluster_2455590523_389713_47212064,1,1,0,1,y,r,0.0,Non-Congested,Non-Congested,0
cluster_2461783448_38980632_5243070374,9,4,9,4,r,G,3.0,Congested,Non-Congested,1
cluster_2461880040_2461880142_8131892137,0,2,0,2,r,r,0.0,Non-Congested,Congested,1
cluster_2461880136_4910664147_50607912_8131882097,0,2,0,0,r,G,4.0,Non-Congested,Non-Congested,0
132200274,1,1,0,0,r,G,0.0,Non-Congested,Non-Congested,0
181747232,3,1,0,0,y,r,3.0,Non-Congested,Non-Congested,0
47217361,0,1,0,0,r,G,3.0,Non-Congested,Non-Congested,0
cluster_2455590523_389713_47212064,1,1,0,1,r,r,6.0,Non-Congested,Congested,1
cluster_2461783448_38980632_5243070374,9,4,9,4,r,G,2.0,Congested,Non-Congested,1
cluster_2461880040_2461880142_8131892137,0,2,0,2,r,r,1.0,Non-Congested,Congested,1
cluster_2461880136_4910664147_50607912_8131882097,0,2,0,0,r,G,3.0,Non-Congested,Non-Congested,0
132200274,0,2,0,0,r,G,0.0,Non-Congested,Non-Congested,0
181747232,3,1,0,0,y,r,2.0,Non-Congested,Non-Congested,0
47217361,0,1,0,0,r,G,2.0,Non-Congested,Non-Congested,0
cluster_2455590523_389713_47212064,1,1,1,1,r,r,5.0,Non-Congested,Congested,1
cluster_2461783448_38980632_5243070374,9,4,9,4,r,G,1.0,Congested,Non-Congested,1
cluster_2461880040_2461880142_8131892137,0,2,0,2,r,r,0.0,Non-Congested,Congested,1
cluster_2461880136_4910664147_50607912_8131882097,0,2,0,0,r,G,2.0,Non-Congested,Non-Congested,0
132200274,0,2,0,0,r,y,2.0,Non-Congested,Non-Congested,0
181747232,3,1,0,0,y,r,1.0,Non-Congested,Non-Congested,0
47217361,0,1,0,0,r,G,1.0,Non-Congested,Non-Congested,0
cluster_2455590523_389713_47212064,1,1,1,1,r,r,4.0,Non-Congested,Congested,1
cluster_2461783448_38980632_5243070374,9,4,9,4,r,G,0.0,Congested,Non-Congested,1
cluster_2461880040_2461880142_8131892137,0,2,0,2,r,r,1.0,Non-Congested,Congested,1
cluster_2461880136_4910664147_50607912_8131882097,0,2,0,0,r,G,1.0,Non-Congested,Non-Congested,0
132200274,0,2,0,1,r,y,1.0,Non-Congested,Non-Congested,0
181747232,3,1,0,0,y,r,0.0,Non-Congested,Non-Congested,0
47217361,0,1,0,0,r,G,0.0,Non-Congested,Non-Congested,0
cluster_2455590523_389713_47212064,1,1,1,1,r,r,3.0,Non-Congested,Non-Congested,0
cluster_2461783448_38980632_5243070374,9,4,9,4,r,y,4.0,Congested,Non-Congested,1
cluster_2461880040_2461880142_8131892137,0,2,0,2,r,r,0.0,Non-Congested,Congested,1
cluster_2461880136_4910664147_50607912_8131882097,0,2,0,0,r,G,0.0,Non-Congested,Non-Congested,0
132200274,0,2,0,1,r,y,0.0,Non-Congested,Non-Congested,0
181747232,3,1,0,0,r,G,6.0,Non-Congested,Non-Congested,0
47217361,0,1,0,0,r,y,2.0,Non-Congested,Non-Congested,0
cluster_2455590523_389713_47212064,1,1,1,1,r,r,2.0,Non-Congested,Non-Congested,0
cluster_2461783448_38980632_5243070374,9,4,9,4,r,y,3.0,Congested,Non-Congested,1
cluster_2461880040_2461880142_8131892137,0,2,0,2,r,r,4.0,Non-Congested,Congested,1
cluster_2461880136_4910664147_50607912_8131882097,0,1,0,0,r,G,1.0,Non-Congested,Non-Congested,0
132200274,0,2,0,2,G,r,4.0,Non-Congested,Non-Congested,0
181747232,3,1,0,0,r,G,5.0,Non-Congested,Non-Congested,0
47217361,0,1,0,0,r,y,1.0,Non-Congested,Non-Congested,0
cluster_2455590523_389713_47212064,1,1,1,1,r,r,1.0,Non-Congested,Non-Congested,0
cluster_2461783448_38980632_5243070374,9,4,9,4,r,y,2.0,Congested,Non-Congested,1
cluster_2461880040_2461880142_8131892137,0,2,0,2,r,r,3.0,Non-Congested,Congested,1
cluster_2461880136_4910664147_50607912_8131882097,0,1,0,0,r,G,0.0,Non-Congested,Non-Congested,0
132200274,0,2,0,2,G,r,3.0,Non-Congested,Non-Congested,0
181747232,2,0,0,0,r,G,4.0,Non-Congested,Non-Congested,0
47217361,0,1,0,0,r,y,0.0,Non-Congested,Non-Congested,0
cluster_2455590523_389713_47212064,1,1,1,1,r,r,0.0,Non-Congested,Non-Congested,0
cluster_2461783448_38980632_5243070374,9,4,9,4,r,y,1.0,Congested,Non-Congested,1
cluster_2461880040_2461880142_8131892137,0,2,0,2,r,r,2.0,Non-Congested,Congested,1
cluster_2461880136_4910664147_50607912_8131882097,0,2,0,0,r,G,0.0,Non-Congested,Non-Congested,0
132200274,0,2,0,2,G,r,2.0,Non-Congested,Non-Congested,0
181747232,2,0,0,0,r,G,3.0,Non-Congested,Non-Congested,0
cluster_2455590523_389713_47212064,1,1,1,1,r,r,3.0,Non-Congested,Non-Congested,0
cluster_2461783448_38980632_5243070374,9,5,9,4,r,y,0.0,Congested,Non-Congested,1
cluster_2461880040_2461880142_8131892137,0,2,0,2,r,r,1.0,Non-Congested,Congested,1
cluster_2461880136_4910664147_50607912_8131882097,0,2,0,0,r,G,0.0,Non-Congested,Non-Congested,0
132200274,0,2,0,2,G,r,1.0,Non-Congested,Non-Congested,0
181747232,2,0,1,0,r,G,2.0,Non-Congested,Non-Congested,0
cluster_2455590523_389713_47212064,2,1,1,1,r,r,2.0,Non-Congested,Non-Congested,0
cluster_2461783448_38980632_5243070374,9,5,9,4,G,r,4.0,Congested,Non-Congested,2
cluster_2461880040_2461880142_8131892137,0,2,0,2,r,r,0.0,Non-Congested,Congested,1
cluster_2461880136_4910664147_50607912_8131882097,0,1,0,0,r,y,2.0,Non-Congested,Non-Congested,0
132200274,0,2,0,2,G,r,0.0,Non-Congested,Non-Congested,0
181747232,2,0,1,0,r,G,1.0,Non-Congested,Non-Congested,0
cluster_2455590523_389713_47212064,1,1,1,1,r,r,1.0,Non-Congested,Non-Congested,0
cluster_2461783448_38980632_5243070374,9,5,9,4,G,r,3.0,Congested,Non-Congested,2
cluster_2461880040_2461880142_8131892137,0,2,0,2,G,r,4.0,Non-Congested,Congested,1
cluster_2461880136_4910664147_50607912_8131882097,0,2,0,0,r,y,1.0,Non-Congested,Non-Congested,0
132200274,0,2,0,2,y,r,2.0,Non-Congested,Non-Congested,0
181747232,2,0,1,0,r,G,0.0,Non-Congested,Non-Congested,0
cluster_2455590523_389713_47212064,1,1,1,1,r,r,0.0,Non-Congested,Non-Congested,0
cluster_2461783448_38980632_5243070374,9,6,9,4,G,r,2.0,Congested,Non-Congested,2
cluster_2461880040_2461880142_8131892137,0,2,0,2,G,r,3.0,Non-Congested,Congested,1
cluster_2461880136_4910664147_50607912_8131882097,0,2,0,0,r,y,0.0,Non-Congested,Non-Congested,0
132200274,0,2,0,2,y,r,1.0,Non-Congested,Non-Congested,0
181747232,3,0,1,0,r,y,3.0,Non-Congested,Non-Congested,0
cluster_2455590523_389713_47212064,1,0,1,0,r,G,4.0,Non-Congested,Non-Congested,0
cluster_2461783448_38980632_5243070374,9,6,9,4,G,r,1.0,Congested,Non-Congested,2
cluster_2461880040_2461880142_8131892137,0,2,0,2,G,r,2.0,Non-Congested,Congested,1
cluster_2461880136_4910664147_50607912_8131882097,0,3,0,0,r,r,0.0,Non-Congested,Non-Congested,0
132200274,0,2,0,2,y,r,0.0,Non-Congested,Non-Congested,0
181747232,3,0,2,0,r,y,2.0,Non-Congested,Non-Congested,0
cluster_2455590523_389713_47212064,1,0,1,0,r,G,3.0,Non-Congested,Non-Congested,0
cluster_2461783448_38980632_5243070374,9,6,9,4,G,r,0.0,Congested,Non-Congested,2
cluster_2461880040_2461880142_8131892137,0,2,0,2,G,r,1.0,Non-Congested,Congested,1
cluster_2461880136_4910664147_50607912_8131882097,0,3,0,0,G,r,4.0,Non-Congested,Non-Congested,0
132200274,0,2,0,2,r,G,4.0,Non-Congested,Non-Congested,0
181747232,3,0,2,0,r,y,1.0,Non-Congested,Non-Congested,0
cluster_2455590523_389713_47212064,1,1,1,0,r,G,2.0,Non-Congested,Non-Congested,0
cluster_2461783448_38980632_5243070374,9,6,9,4,G,r,4.0,Congested,Non-Congested,2
cluster_2461880040_2461880142_8131892137,0,2,0,2,G,r,0.0,Non-Congested,Congested,1
cluster_2461880136_4910664147_50607912_8131882097,0,3,0,0,G,r,3.0,Non-Congested,Non-Congested,0
132200274,0,2,0,2,r,G,3.0,Non-Congested,Non-Congested,0
181747232,3,0,2,0,r,y,0.0,Non-Congested,Non-Congested,0
cluster_2455590523_389713_47212064,1,1,1,0,r,G,1.0,Non-Congested,Non-Congested,0
cluster_2461783448_38980632_5243070374,9,6,9,4,G,r,3.0,Congested,Non-Congested,2
cluster_2461880040_2461880142_8131892137,0,2,0,2,y,r,4.0,Non-Congested,Congested,1
cluster_2461880136_4910664147_50607912_8131882097,0,3,0,0,G,r,2.0,Non-Congested,Non-Congested,0
132200274,0,2,0,2,r,G,2.0,Non-Congested,Non-Congested,0
181747232,2,0,1,0,G,r,6.0,Non-Congested,Non-Congested,0
47217361,0,1,0,0,r,r,4.0,Non-Congested,Non-Congested,0
cluster_2455590523_389713_47212064,1,2,1,0,r,G,0.0,Non-Congested,Non-Congested,0
cluster_2461783448_38980632_5243070374,9,6,9,4,G,r,2.0,Congested,Non-Congested,2
cluster_2461880040_2461880142_8131892137,0,2,0,2,y,r,3.0,Non-Congested,Congested,1
cluster_2461880136_4910664147_50607912_8131882097,0,3,0,0,G,r,1.0,Non-Congested,Non-Congested,0
132200274,0,2,0,2,r,G,1.0,Non-Congested,Non-Congested,0
181747232,2,0,0,0,G,r,5.0,Non-Congested,Non-Congested,0
47217361,0,1,0,0,r,r,3.0,Non-Congested,Non-Congested,0
cluster_2455590523_389713_47212064,1,0,1,0,r,G,1.0,Non-Congested,Non-Congested,0
cluster_2461783448_38980632_5243070374,9,6,9,5,G,r,1.0,Congested,Non-Congested,2
cluster_2461880040_2461880142_8131892137,0,2,0,2,y,r,2.0,Non-Congested,Congested,1
cluster_2461880136_4910664147_50607912_8131882097,0,3,0,0,G,r,0.0,Non-Congested,Non-Congested,0
132200274,0,3,0,2,r,G,0.0,Non-Congested,Non-Congested,0
181747232,2,0,0,0,G,r,4.0,Non-Congested,Non-Congested,0
47217361,0,1,0,0,r,r,2.0,Non-Congested,Non-Congested,0
cluster_2455590523_389713_47212064,1,0,1,0,r,G,0.0,Non-Congested,Non-Congested,0
cluster_2461783448_38980632_5243070374,9,6,9,5,G,r,0.0,Congested,Non-Congested,2
cluster_2461880040_2461880142_8131892137,0,2,0,2,y,r,1.0,Non-Congested,Congested,1
cluster_2461880136_4910664147_50607912_8131882097,0,3,0,0,y,r,2.0,Non-Congested,Non-Congested,0
132200274,0,3,0,2,r,G,1.0,Non-Congested,Non-Congested,0
181747232,3,1,0,0,G,r,3.0,Non-Congested,Non-Congested,0
47217361,0,1,0,0,r,r,1.0,Non-Congested,Non-Congested,0
cluster_1420096799_47154676,0,1,0,0,r,y,0.0,Non-Congested,Non-Congested,0
cluster_2455590523_389713_47212064,1,0,1,0,r,G,0.0,Non-Congested,Non-Congested,0
cluster_2461783448_38980632_5243070374,9,6,9,5,G,r,9.0,Congested,Non-Congested,2
cluster_2461880040_2461880142_8131892137,0,2,0,2,y,r,0.0,Non-Congested,Congested,1
cluster_2461880136_4910664147_50607912_8131882097,0,2,0,0,y,r,1.0,Non-Congested,Non-Congested,0
132200274,0,2,0,2,r,G,0.0,Non-Congested,Non-Congested,0
181747232,3,1,0,0,G,r,2.0,Non-Congested,Non-Congested,0
47217361,0,1,0,0,r,r,0.0,Non-Congested,Non-Congested,0
cluster_1420096799_47154676,0,1,0,0,G,r,6.0,Non-Congested,Non-Congested,0
cluster_2455590523_389713_47212064,1,1,1,0,r,y,3.0,Non-Congested,Non-Congested,0
cluster_2461783448_38980632_5243070374,9,6,9,6,G,r,8.0,Congested,Non-Congested,2
cluster_2461880040_2461880142_8131892137,0,2,0,1,r,G,9.0,Non-Congested,Congested,2
cluster_2461880136_4910664147_50607912_8131882097,0,2,0,0,y,r,0.0,Non-Congested,Non-Congested,0
132200274,0,3,0,2,r,G,0.0,Non-Congested,Non-Congested,0
181747232,2,1,0,0,G,r,1.0,Non-Congested,Non-Congested,0
47217361,0,2,0,0,r,r,0.0,Non-Congested,Non-Congested,0
cluster_1420096799_47154676,0,1,0,1,G,r,5.0,Non-Congested,Non-Congested,0
cluster_2455590523_389713_47212064,1,1,1,0,r,y,2.0,Non-Congested,Non-Congested,0
cluster_2461783448_38980632_5243070374,9,6,9,6,G,r,7.0,Congested,Non-Congested,2
cluster_2461880040_2461880142_8131892137,0,1,0,0,r,G,8.0,Non-Congested,Congested,2
cluster_2461880136_4910664147_50607912_8131882097,0,1,0,0,r,G,4.0,Non-Congested,Non-Congested,0
132200274,0,4,0,2,r,G,1.0,Non-Congested,Congested,2
181747232,2,1,0,0,G,r,0.0,Non-Congested,Non-Congested,0
47217361,0,2,0,0,r,r,0.0,Non-Congested,Non-Congested,0
cluster_1420096799_47154676,0,1,0,1,G,r,4.0,Non-Congested,Non-Congested,0
cluster_2455590523_389713_47212064,1,0,1,0,r,y,1.0,Non-Congested,Non-Congested,0
cluster_2461783448_38980632_5243070374,9,6,9,6,G,r,6.0,Congested,Non-Congested,2
cluster_2461880040_2461880142_8131892137,0,1,0,0,r,G,7.0,Non-Congested,Non-Congested,0
cluster_2461880136_4910664147_50607912_8131882097,0,1,0,0,r,G,3.0,Non-Congested,Non-Congested,0
132200274,0,4,0,2,r,G,0.0,Non-Congested,Congested,2
181747232,2,1,0,0,y,r,3.0,Non-Congested,Non-Congested,0
47217361,0,2,0,0,r,r,2.0,Non-Congested,Non-Congested,0
cluster_1420096799_47154676,0,1,0,1,G,r,3.0,Non-Congested,Non-Congested,0
cluster_2455590523_389713_47212064,1,0,1,0,r,y,0.0,Non-Congested,Non-Congested,0
cluster_2461783448_38980632_5243070374,9,6,9,6,G,r,5.0,Congested,Non-Congested,2
cluster_2461880040_2461880142_8131892137,0,1,0,0,r,G,6.0,Non-Congested,Non-Congested,0
cluster_2461880136_4910664147_50607912_8131882097,0,1,0,0,r,G,2.0,Non-Congested,Non-Congested,0
132200274,0,4,0,3,r,G,0.0,Non-Congested,Congested,2
181747232,3,2,0,0,y,r,2.0,Non-Congested,Non-Congested,0
47217361,0,3,0,0,r,r,1.0,Non-Congested,Non-Congested,0
cluster_1420096799_47154676,0,1,0,1,G,r,2.0,Non-Congested,Non-Congested,0
cluster_2461783448_38980632_5243070374,9,6,9,6,G,r,4.0,Congested,Non-Congested,2
cluster_2461880040_2461880142_8131892137,0,1,0,0,r,G,5.0,Non-Congested,Non-Congested,0
132200274,0,4,0,4,r,G,0.0,Non-Congested,Congested,2
181747232,3,2,0,0,y,r,1.0,Non-Congested,Non-Congested,0
47217361,0,3,0,0,r,r,0.0,Non-Congested,Non-Congested,0
cluster_1420096799_47154676,0,1,0,1,G,r,1.0,Non-Congested,Non-Congested,0
cluster_2461783448_38980632_5243070374,9,6,9,6,G,r,3.0,Congested,Non-Congested,2
cluster_2461880040_2461880142_8131892137,0,1,0,0,r,G,4.0,Non-Congested,Congested,2
132200274,0,4,0,4,r,y,2.0,Non-Congested,Congested,1
181747232,3,2,0,0,y,r,0.0,Non-Congested,Non-Congested,0
47217361,0,3,0,0,r,G,4.0,Non-Congested,Non-Congested,0
cluster_1420096799_47154676,0,1,0,1,G,r,0.0,Non-Congested,Non-Congested,0
cluster_2461783448_38980632_5243070374,9,6,9,6,G,r,2.0,Congested,Non-Congested,2
cluster_2461880040_2461880142_8131892137,1,1,0,0,r,G,3.0,Non-Congested,Non-Congested,0
132200274,0,4,0,4,r,y,1.0,Non-Congested,Congested,1
181747232,3,2,0,0,r,G,6.0,Non-Congested,Non-Congested,0
47217361,0,4,0,0,r,G,3.0,Non-Congested,Non-Congested,0
cluster_1420096799_47154676,0,1,0,1,y,r,3.0,Non-Congested,Non-Congested,0
cluster_2461783448_38980632_5243070374,9,6,9,6,G,r,1.0,Congested,Non-Congested,2
cluster_2461880040_2461880142_8131892137,1,2,0,0,r,G,2.0,Non-Congested,Non-Congested,0
132200274,0,4,0,4,r,y,0.0,Non-Congested,Congested,1
181747232,3,2,0,0,r,G,5.0,Non-Congested,Non-Congested,0
47217361,0,4,0,0,r,G,2.0,Non-Congested,Non-Congested,0
cluster_1420096799_47154676,0,1,0,1,y,r,2.0,Non-Congested,Non-Congested,0
cluster_2461783448_38980632_5243070374,9,6,9,6,G,r,0.0,Congested,Non-Congested,2
cluster_2461880040_2461880142_8131892137,1,2,0,0,r,G,1.0,Non-Congested,Non-Congested,0
132200274,0,4,0,4,G,r,4.0,Non-Congested,Congested,1
181747232,2,1,0,0,r,G,4.0,Non-Congested,Non-Congested,0
47217361,0,3,0,0,r,G,1.0,Non-Congested,Non-Congested,0
cluster_1420096799_47154676,0,1,0,1,y,r,1.0,Non-Congested,Non-Congested,0
cluster_2461783448_38980632_5243070374,9,6,9,6,y,r,4.0,Congested,Non-Congested,1
cluster_2461880040_2461880142_8131892137,1,2,0,0,r,G,0.0,Non-Congested,Non-Congested,0
132200274,0,4,0,4,G,r,3.0,Non-Congested,Congested,1
181747232,2,1,0,0,r,G,3.0,Non-Congested,Non-Congested,0
47217361,0,3,0,0,r,G,0.0,Non-Congested,Non-Congested,0
cluster_1420096799_47154676,0,1,0,1,y,r,0.0,Non-Congested,Non-Congested,0
cluster_2461783448_38980632_5243070374,9,6,9,6,y,r,3.0,Congested,Non-Congested,1
cluster_2461880040_2461880142_8131892137,2,2,0,0,r,G,0.0,Non-Congested,Non-Congested,0
132200274,0,4,0,4,G,r,2.0,Non-Congested,Congested,1
181747232,2,1,0,0,r,G,2.0,Non-Congested,Non-Congested,0
47217361,0,2,0,0,r,G,1.0,Non-Congested,Non-Congested,0
cluster_1420096799_47154676,0,1,0,1,r,r,6.0,Non-Congested,Non-Congested,0
cluster_2461783448_38980632_5243070374,9,6,9,6,y,r,2.0,Congested,Non-Congested,1
cluster_2461880040_2461880142_8131892137,2,2,0,0,r,G,0.0,Non-Congested,Non-Congested,0
132200274,0,4,0,4,G,r,1.0,Non-Congested,Congested,1
181747232,2,1,0,0,r,G,1.0,Non-Congested,Non-Congested,0
47217361,0,1,0,0,r,G,0.0,Non-Congested,Non-Congested,0
cluster_1420096799_47154676,0,1,0,1,r,r,5.0,Non-Congested,Non-Congested,0
cluster_2461783448_38980632_5243070374,9,6,9,6,y,r,1.0,Congested,Non-Congested,1
cluster_2461880040_2461880142_8131892137,2,2,0,0,r,y,4.0,Non-Congested,Non-Congested,0
132200274,0,4,0,4,G,r,0.0,Non-Congested,Congested,1
181747232,1,0,0,0,r,G,0.0,Non-Congested,Non-Congested,0
47217361,0,2,0,0,r,G,0.0,Non-Congested,Non-Congested,0
cluster_1420096799_47154676,0,1,0,1,r,r,4.0,Non-Congested,Non-Congested,0
cluster_2455590523_389713_47212064,0,1,0,0,r,r,6.0,Non-Congested,Congested,1
cluster_2461783448_38980632_5243070374,9,6,9,6,y,r,0.0,Congested,Non-Congested,1
cluster_2461880040_2461880142_8131892137,3,4,0,0,r,y,3.0,Non-Congested,Non-Congested,0
132200274,0,4,0,4,y,r,2.0,Non-Congested,Congested,1
181747232,1,0,0,0,r,y,3.0,Non-Congested,Non-Congested,0
47217361,0,2,0,0,r,G,0.0,Non-Congested,Non-Congested,0
cluster_1420096799_47154676,0,1,0,1,r,r,3.0,Non-Congested,Non-Congested,0
cluster_2455590523_389713_47212064,0,1,0,0,r,r,5.0,Non-Congested,Congested,1
cluster_2461783448_38980632_5243070374,9,6,9,6,r,G,4.0,Congested,Non-Congested,1
cluster_2461880040_2461880142_8131892137,3,4,0,0,r,y,2.0,Non-Congested,Non-Congested,0
132200274,0,4,0,4,y,r,1.0,Non-Congested,Congested,1
181747232,1,0,0,0,r,y,2.0,Non-Congested,Non-Congested,0
47217361,0,2,0,0,r,y,2.0,Non-Congested,Non-Congested,0
cluster_1420096799_47154676,0,1,0,1,r,r,2.0,Non-Congested,Non-Congested,0
cluster_2461783448_38980632_5243070374,9,6,9,6,r,G,3.0,Congested,Non-Congested,1
cluster_2461880040_2461880142_8131892137,2,3,0,0,r,y,1.0,Non-Congested,Non-Congested,0
132200274,0,4,0,4,y,r,0.0,Non-Congested,Congested,1
181747232,1,0,0,0,r,y,1.0,Non-Congested,Non-Congested,0
47217361,0,2,0,0,r,y,1.0,Non-Congested,Non-Congested,0
cluster_1420096799_47154676,0,1,0,1,r,r,1.0,Non-Congested,Non-Congested,0
cluster_2461783448_38980632_5243070374,9,6,9,6,r,G,2.0,Congested,Non-Congested,1
cluster_2461880040_2461880142_8131892137,2,3,0,1,r,y,0.0,Non-Congested,Non-Congested,0
132200274,0,4,0,4,r,G,4.0,Non-Congested,Congested,2
181747232,1,0,0,0,r,y,0.0,Non-Congested,Non-Congested,0
47217361,0,2,0,0,r,y,0.0,Non-Congested,Non-Congested,0
cluster_1420096799_47154676,0,1,0,1,r,r,0.0,Non-Congested,Non-Congested,0
cluster_2461783448_38980632_5243070374,9,6,9,6,r,G,1.0,Congested,Non-Congested,1
cluster_2461880040_2461880142_8131892137,2,3,0,1,r,r,4.0,Non-Congested,Non-Congested,0
132200274,0,4,0,4,r,G,3.0,Non-Congested,Congested,2
47217361,0,2,0,0,G,r,4.0,Non-Congested,Non-Congested,0
cluster_1420096799_47154676,0,1,0,1,r,r,3.0,Non-Congested,Non-Congested,0
cluster_2461783448_38980632_5243070374,9,6,9,6,r,G,0.0,Congested,Non-Congested,1
cluster_2461880040_2461880142_8131892137,1,2,0,1,r,r,3.0,Non-Congested,Non-Congested,0
132200274,0,4,0,4,r,G,2.0,Non-Congested,Congested,2
47217361,0,1,0,0,G,r,3.0,Non-Congested,Non-Congested,0
cluster_1420096799_47154676,0,1,0,1,r,r,2.0,Non-Congested,Non-Congested,0
cluster_2461783448_38980632_5243070374,9,6,9,6,r,y,4.0,Congested,Non-Congested,1
cluster_2461880040_2461880142_8131892137,1,2,0,1,r,r,2.0,Non-Congested,Non-Congested,0
132200274,0,4,0,4,r,G,1.0,Non-Congested,Congested,2
181747232,1,1,0,0,G,r,4.0,Non-Congested,Non-Congested,0
47217361,0,1,0,0,G,r,2.0,Non-Congested,Non-Congested,0
cluster_1420096799_47154676,0,1,0,1,r,r,1.0,Non-Congested,Non-Congested,0
cluster_2455590523_389713_47212064,1,0,0,0,r,r,0.0,Non-Congested,Non-Congested,0
cluster_2461783448_38980632_5243070374,9,6,9,6,r,y,3.0,Congested,Non-Congested,1
cluster_2461880040_2461880142_8131892137,0,1,0,1,r,r,1.0,Non-Congested,Non-Congested,0
132200274,0,4,0,4,r,G,0.0,Non-Congested,Congested,2
181747232,1,1,0,0,G,r,3.0,Non-Congested,Non-Congested,0
47217361,0,2,0,0,G,r,1.0,Non-Congested,Non-Congested,0
cluster_1420096799_47154676,0,1,0,1,r,r,0.0,Non-Congested,Non-Congested,0
cluster_2461783448_38980632_5243070374,9,6,9,6,r,y,2.0,Congested,Non-Congested,1
cluster_2461880040_2461880142_8131892137,0,1,0,1,r,r,0.0,Non-Congested,Non-Congested,0
132200274,0,4,0,4,r,y,2.0,Non-Congested,Congested,1
181747232,1,1,0,0,G,r,2.0,Non-Congested,Non-Congested,0
47217361,0,2,0,0,G,r,0.0,Non-Congested,Non-Congested,0
cluster_2461783448_38980632_5243070374,9,6,9,6,r,y,1.0,Congested,Non-Congested,1
cluster_2461880040_2461880142_8131892137,0,1,0,1,r,r,4.0,Non-Congested,Non-Congested,0
132200274,0,4,0,4,r,y,1.0,Non-Congested,Congested,1
181747232,1,1,0,0,G,r,1.0,Non-Congested,Non-Congested,0
47217361,0,2,0,1,G,r,0.0,Non-Congested,Non-Congested,0
cluster_2461783448_38980632_5243070374,9,6,9,6,r,y,0.0,Congested,Non-Congested,1
cluster_2461880040_2461880142_8131892137,0,1,0,1,r,r,3.0,Non-Congested,Non-Congested,0
cluster_2461880136_4910664147_50607912_8131882097,1,0,0,0,r,y,2.0,Non-Congested,Non-Congested,0
132200274,0,4,0,4,r,y,0.0,Non-Congested,Congested,1
181747232,1,1,0,0,G,r,0.0,Non-Congested,Non-Congested,0
47217361,0,2,0,1,y,r,2.0,Non-Congested,Non-Congested,0
cluster_1420096799_47154676,0,1,0,0,r,G,4.0,Non-Congested,Non-Congested,0
cluster_2461783448_38980632_5243070374,9,6,9,6,G,r,4.0,Congested,Non-Congested,2
cluster_2461880040_2461880142_8131892137,0,1,0,1,r,r,2.0,Non-Congested,Non-Congested,0
cluster_2461880136_4910664147_50607912_8131882097,1,0,0,0,r,y,1.0,Non-Congested,Non-Congested,0
132200274,0,4,0,4,G,r,4.0,Non-Congested,Congested,1
181747232,1,1,0,0,y,r,3.0,Non-Congested,Non-Congested,0
47217361,0,2,0,1,y,r,1.0,Non-Congested,Non-Congested,0
cluster_2461783448_38980632_5243070374,9,6,9,6,G,r,3.0,Congested,Non-Congested,2
cluster_2461880040_2461880142_8131892137,0,1,0,1,r,r,1.0,Non-Congested,Non-Congested,0
cluster_2461880136_4910664147_50607912_8131882097,1,0,0,0,r,y,0.0,Non-Congested,Non-Congested,0
132200274,0,4,0,4,G,r,3.0,Non-Congested,Congested,1
181747232,1,1,0,0,y,r,2.0,Non-Congested,Non-Congested,0
47217361,0,2,0,1,y,r,0.0,Non-Congested,Non-Congested,0
cluster_2461783448_38980632_5243070374,9,6,9,6,G,r,2.0,Congested,Non-Congested,2
cluster_2461880040_2461880142_8131892137,0,1,0,1,r,r,0.0,Non-Congested,Non-Congested,0
cluster_2461880136_4910664147_50607912_8131882097,1,0,1,0,r,r,0.0,Non-Congested,Non-Congested,0
132200274,0,4,0,4,G,r,2.0,Non-Congested,Congested,1
181747232,1,1,0,0,y,r,1.0,Non-Congested,Non-Congested,0
47217361,0,2,0,1,r,r,4.0,Non-Congested,Non-Congested,0
cluster_1420096799_47154676,1,0,0,0,r,G,1.0,Non-Congested,Non-Congested,0
cluster_2461783448_38980632_5243070374,9,6,9,6,G,r,1.0,Congested,Non-Congested,2
cluster_2461880040_2461880142_8131892137,0,1,0,1,G,r,4.0,Non-Congested,Non-Congested,0
132200274,0,4,0,4,G,r,1.0,Non-Congested,Congested,1
181747232,1,1,0,0,y,r,0.0,Non-Congested,Non-Congested,0
47217361,0,2,0,1,r,r,3.0,Non-Congested,Non-Congested,0
cluster_1420096799_47154676,1,0,0,0,r,G,0.0,Non-Congested,Non-Congested,0
cluster_2461783448_38980632_5243070374,9,6,9,6,G,r,0.0,Congested,Non-Congested,2
cluster_2461880040_2461880142_8131892137,0,1,0,1,G,r,3.0,Non-Congested,Non-Congested,0
132200274,0,4,0,4,G,r,0.0,Non-Congested,Congested,1
181747232,1,2,1,1,r,G,6.0,Non-Congested,Congested,2
47217361,0,2,0,1,r,r,2.0,Non-Congested,Non-Congested,0
cluster_1420096799_47154676,2,0,0,0,r,y,3.0,Non-Congested,Non-Congested,0
cluster_2461783448_38980632_5243070374,9,6,9,6,G,r,4.0,Congested,Non-Congested,2
cluster_2461880040_2461880142_8131892137,0,1,0,1,G,r,2.0,Non-Congested,Non-Congested,0
cluster_2461880136_4910664147_50607912_8131882097,0,1,0,0,G,r,2.0,Non-Congested,Non-Congested,0
132200274,0,4,0,4,y,r,2.0,Non-Congested,Congested,1
181747232,1,1,1,1,r,G,5.0,Non-Congested,Congested,2
47217361,0,2,0,1,r,r,1.0,Non-Congested,Non-Congested,0
cluster_1420096799_47154676,2,0,0,0,r,y,2.0,Non-Congested,Non-Congested,0
cluster_2461783448_38980632_5243070374,9,6,9,6,G,r,3.0,Congested,Non-Congested,2
cluster_2461880040_2461880142_8131892137,0,1,0,1,G,r,1.0,Non-Congested,Non-Congested,0
cluster_2461880136_4910664147_50607912_8131882097,0,1,0,0,G,r,1.0,Non-Congested,Non-Congested,0
132200274,0,4,0,4,y,r,1.0,Non-Congested,Congested,1
47217361,0,2,0,1,r,r,0.0,Non-Congested,Non-Congested,0
cluster_1420096799_47154676,2,0,0,0,r,y,1.0,Non-Congested,Non-Congested,0
cluster_2461783448_38980632_5243070374,9,6,9,6,G,r,2.0,Congested,Non-Congested,2
cluster_2461880040_2461880142_8131892137,0,1,0,1,G,r,0.0,Non-Congested,Non-Congested,0
cluster_2461880136_4910664147_50607912_8131882097,0,3,0,0,G,r,0.0,Non-Congested,Non-Congested,0
132200274,0,4,0,4,y,r,0.0,Non-Congested,Congested,1
47217361,0,3,0,1,r,r,2.0,Non-Congested,Non-Congested,0
cluster_1420096799_47154676,1,0,0,0,r,y,0.0,Non-Congested,Non-Congested,0
cluster_2461783448_38980632_5243070374,9,6,9,6,G,r,1.0,Congested,Non-Congested,2
cluster_2461880040_2461880142_8131892137,0,1,0,1,y,r,4.0,Non-Congested,Non-Congested,0
cluster_2461880136_4910664147_50607912_8131882097,0,4,0,0,y,r,2.0,Non-Congested,Non-Congested,0
132200274,0,4,0,4,r,G,4.0,Non-Congested,Congested,2
47217361,0,3,0,1,r,r,1.0,Non-Congested,Non-Congested,0
cluster_1420096799_47154676,1,0,0,0,G,r,6.0,Non-Congested,Non-Congested,0
cluster_2461783448_38980632_5243070374,9,6,9,6,G,r,0.0,Congested,Non-Congested,2
cluster_2461880040_2461880142_8131892137,0,1,0,1,y,r,3.0,Non-Congested,Non-Congested,0
cluster_2461880136_4910664147_50607912_8131882097,0,4,0,0,y,r,1.0,Non-Congested,Non-Congested,0
132200274,0,4,0,4,r,G,3.0,Non-Congested,Congested,2
181747232,1,1,0,0,r,G,1.0,Non-Congested,Non-Congested,0
47217361,0,3,0,1,r,r,0.0,Non-Congested,Non-Congested,0
cluster_1420096799_47154676,1,0,0,0,G,r,5.0,Non-Congested,Non-Congested,0
cluster_2461783448_38980632_5243070374,9,6,9,6,G,r,9.0,Congested,Non-Congested,2
cluster_2461880040_2461880142_8131892137,0,1,0,1,y,r,2.0,Non-Congested,Non-Congested,0
cluster_2461880136_4910664147_50607912_8131882097,0,5,0,0,y,r,0.0,Non-Congested,Non-Congested,0
132200274,0,4,0,4,r,G,2.0,Non-Congested,Congested,2
181747232,1,1,0,0,r,G,0.0,Non-Congested,Non-Congested,0
47217361,0,2,0,0,r,G,4.0,Non-Congested,Non-Congested,0
cluster_2461783448_38980632_5243070374,9,6,9,6,G,r,8.0,Congested,Non-Congested,2
cluster_2461880040_2461880142_8131892137,0,1,0,1,y,r,1.0,Non-Congested,Non-Congested,0
cluster_2461880136_4910664147_50607912_8131882097,0,5,0,0,r,G,4.0,Non-Congested,Non-Congested,0
132200274,0,4,0,4,r,G,1.0,Non-Congested,Congested,2
181747232,1,1,0,0,r,y,3.0,Non-Congested,Non-Congested,0
47217361,0,2,0,0,r,G,3.0,Non-Congested,Non-Congested,0
cluster_2461783448_38980632_5243070374,9,6,9,6,G,r,7.0,Congested,Non-Congested,2
cluster_2461880040_2461880142_8131892137,0,1,0,1,y,r,0.0,Non-Congested,Non-Congested,0
cluster_2461880136_4910664147_50607912_8131882097,0,4,0,0,r,G,3.0,Non-Congested,Non-Congested,0
132200274,0,4,0,4,r,G,0.0,Non-Congested,Congested,2
181747232,1,1,0,0,r,y,2.0,Non-Congested,Non-Congested,0
47217361,0,2,0,0,r,G,2.0,Non-Congested,Non-Congested,0
cluster_2461783448_38980632_5243070374,9,6,9,6,G,r,6.0,Congested,Non-Congested,2
cluster_2461880136_4910664147_50607912_8131882097,0,4,0,0,r,G,2.0,Non-Congested,Non-Congested,0
132200274,0,4,0,4,r,y,2.0,Non-Congested,Congested,1
181747232,1,1,0,0,r,y,1.0,Non-Congested,Non-Congested,0
47217361,0,2,0,0,r,G,1.0,Non-Congested,Non-Congested,0
cluster_2461783448_38980632_5243070374,9,6,9,6,G,r,5.0,Congested,Non-Congested,2
cluster_2461880136_4910664147_50607912_8131882097,0,4,0,0,r,G,1.0,Non-Congested,Non-Congested,0
132200274,0,4,0,4,r,y,1.0,Non-Congested,Congested,1
181747232,1,1,0,0,r,y,0.0,Non-Congested,Non-Congested,0
47217361,1,1,0,0,r,G,0.0,Non-Congested,Non-Congested,0
cluster_2461783448_38980632_5243070374,9,6,9,6,G,r,4.0,Congested,Non-Congested,2
cluster_2461880136_4910664147_50607912_8131882097,0,5,0,0,r,G,0.0,Non-Congested,Non-Congested,0
132200274,0,4,0,4,r,y,0.0,Non-Congested,Congested,1
181747232,2,1,0,0,G,r,6.0,Non-Congested,Non-Congested,0
47217361,1,1,0,0,r,y,2.0,Non-Congested,Non-Congested,0
cluster_2461783448_38980632_5243070374,9,6,9,6,G,r,3.0,Congested,Non-Congested,2
cluster_2461880136_4910664147_50607912_8131882097,0,4,0,0,r,G,0.0,Non-Congested,Non-Congested,0
132200274,0,4,0,4,G,r,4.0,Non-Congested,Congested,1
181747232,2,1,0,0,G,r,5.0,Non-Congested,Non-Congested,0
47217361,1,1,0,0,r,y,1.0,Non-Congested,Non-Congested,0
cluster_2461783448_38980632_5243070374,9,6,9,6,G,r,2.0,Congested,Non-Congested,2
cluster_2461880136_4910664147_50607912_8131882097,0,4,0,0,r,G,1.0,Non-Congested,Non-Congested,0
132200274,0,4,0,4,G,r,3.0,Non-Congested,Congested,1
181747232,2,1,0,0,G,r,4.0,Non-Congested,Non-Congested,0
47217361,1,1,0,1,r,y,0.0,Non-Congested,Non-Congested,0
cluster_2461783448_38980632_5243070374,9,6,9,6,G,r,1.0,Congested,Non-Congested,2
cluster_2461880136_4910664147_50607912_8131882097,0,3,0,0,r,G,0.0,Non-Congested,Non-Congested,0
132200274,0,4,0,4,G,r,2.0,Non-Congested,Congested,1
181747232,2,1,0,0,G,r,3.0,Non-Congested,Non-Congested,0
47217361,1,1,0,1,G,r,4.0,Non-Congested,Non-Congested,0
cluster_2461783448_38980632_5243070374,9,6,9,6,G,r,0.0,Congested,Non-Congested,2
cluster_2461880040_2461880142_8131892137,1,1,0,0,r,G,3.0,Non-Congested,Non-Congested,0
cluster_2461880136_4910664147_50607912_8131882097,0,2,0,0,r,G,1.0,Non-Congested,Non-Congested,0
132200274,0,4,0,4,G,r,1.0,Non-Congested,Congested,1
181747232,2,1,0,0,G,r,2.0,Non-Congested,Non-Congested,0
47217361,1,1,0,1,G,r,3.0,Non-Congested,Non-Congested,0
cluster_2461783448_38980632_5243070374,9,6,9,6,y,r,4.0,Congested,Non-Congested,1
cluster_2461880040_2461880142_8131892137,1,1,0,0,r,G,2.0,Non-Congested,Non-Congested,0
cluster_2461880136_4910664147_50607912_8131882097,0,3,0,0,r,G,0.0,Non-Congested,Non-Congested,0
132200274,0,4,0,4,G,r,0.0,Non-Congested,Congested,1
181747232,2,1,0,0,G,r,1.0,Non-Congested,Non-Congested,0
47217361,1,1,0,1,G,r,2.0,Non-Congested,Non-Congested,0
cluster_2461783448_38980632_5243070374,9,6,9,6,y,r,3.0,Congested,Non-Congested,1
cluster_2461880040_2461880142_8131892137,1,2,0,0,r,G,1.0,Non-Congested,Non-Congested,0
cluster_2461880136_4910664147_50607912_8131882097,0,3,0,0,r,G,0.0,Non-Congested,Non-Congested,0
132200274,0,4,0,4,y,r,2.0,Non-Congested,Congested,1
181747232,2,1,0,0,G,r,0.0,Non-Congested,Non-Congested,0
47217361,1,1,0,1,G,r,1.0,Non-Congested,Non-Congested,0
cluster_2461783448_38980632_5243070374,9,6,9,6,y,r,2.0,Congested,Non-Congested,1
cluster_2461880040_2461880142_8131892137,1,2,0,0,r,G,0.0,Non-Congested,Congested,2
cluster_2461880136_4910664147_50607912_8131882097,0,2,0,0,r,y,2.0,Non-Congested,Non-Congested,0
132200274,0,4,0,4,y,r,1.0,Non-Congested,Congested,1
181747232,2,1,1,1,y,r,3.0,Non-Congested,Non-Congested,0
47217361,1,1,0,1,G,r,0.0,Non-Congested,Non-Congested,0
cluster_2461783448_38980632_5243070374,9,6,9,6,y,r,1.0,Congested,Non-Congested,1
cluster_2461880040_2461880142_8131892137,1,1,0,0,r,G,1.0,Non-Congested,Non-Congested,0
cluster_2461880136_4910664147_50607912_8131882097,0,2,0,0,r,y,1.0,Non-Congested,Non-Congested,0
132200274,0,4,0,4,y,r,0.0,Non-Congested,Congested,1
181747232,2,1,1,1,y,r,2.0,Non-Congested,Non-Congested,0
47217361,1,1,1,1,y,r,2.0,Non-Congested,Non-Congested,0
cluster_2461783448_38980632_5243070374,9,6,9,6,y,r,0.0,Congested,Non-Congested,1
cluster_2461880040_2461880142_8131892137,1,2,0,0,r,G,0.0,Non-Congested,Non-Congested,0
cluster_2461880136_4910664147_50607912_8131882097,0,2,0,0,r,y,0.0,Non-Congested,Non-Congested,0
132200274,0,4,0,4,r,G,4.0,Non-Congested,Congested,2
181747232,2,1,1,1,y,r,1.0,Non-Congested,Non-Congested,0
47217361,0,1,0,1,y,r,1.0,Non-Congested,Non-Congested,0
cluster_2461783448_38980632_5243070374,9,6,9,6,r,G,4.0,Congested,Non-Congested,1
cluster_2461880040_2461880142_8131892137,2,2,0,0,r,G,1.0,Non-Congested,Non-Congested,0
cluster_2461880136_4910664147_50607912_8131882097,0,1,0,0,r,r,0.0,Non-Congested,Non-Congested,0
132200274,0,4,0,4,r,G,3.0,Non-Congested,Congested,2
181747232,2,1,1,1,y,r,0.0,Non-Congested,Non-Congested,0
47217361,0,1,0,1,y,r,0.0,Non-Congested,Non-Congested,0
cluster_2461783448_38980632_5243070374,9,6,9,6,r,G,3.0,Congested,Non-Congested,1
cluster_2461880040_2461880142_8131892137,2,3,0,0,r,G,0.0,Non-Congested,Non-Congested,0
cluster_2461880136_4910664147_50607912_8131882097,0,1,0,1,G,r,4.0,Non-Congested,Non-Congested,0
132200274,0,4,0,4,r,G,2.0,Non-Congested,Congested,2
181747232,2,1,1,1,r,G,6.0,Non-Congested,Non-Congested,0
47217361,0,1,0,1,r,r,4.0,Non-Congested,Non-Congested,0
cluster_2461783448_38980632_5243070374,9,6,9,6,r,G,2.0,Congested,Non-Congested,1
cluster_2461880040_2461880142_8131892137,2,2,0,0,r,G,1.0,Non-Congested,Non-Congested,0
cluster_2461880136_4910664147_50607912_8131882097,0,2,0,1,G,r,3.0,Non-Congested,Non-Congested,0
132200274,0,4,0,4,r,G,1.0,Non-Congested,Congested,2
181747232,2,1,1,1,r,G,5.0,Non-Congested,Non-Congested,0
47217361,0,1,0,1,r,r,3.0,Non-Congested,Non-Congested,0
cluster_2455590523_389713_47212064,1,0,0,0,r,r,1.0,Non-Congested,Non-Congested,0
cluster_2461783448_38980632_5243070374,9,6,9,6,r,G,1.0,Congested,Non-Congested,1
cluster_2461880040_2461880142_8131892137,2,3,0,0,r,G,0.0,Non-Congested,Non-Congested,0
cluster_2461880136_4910664147_50607912_8131882097,0,2,0,1,G,r,2.0,Non-Congested,Non-Congested,0
132200274,0,4,0,4,r,G,0.0,Non-Congested,Congested,2
181747232,2,1,0,0,r,G,4.0,Non-Congested,Non-Congested,0
47217361,0,1,0,1,r,r,2.0,Non-Congested,Non-Congested,0
cluster_2461783448_38980632_5243070374,9,6,9,6,r,G,0.0,Congested,Non-Congested,1
cluster_2461880040_2461880142_8131892137,3,3,0,0,r,G,1.0,Non-Congested,Non-Congested,0
cluster_2461880136_4910664147_50607912_8131882097,0,1,0,1,G,r,1.0,Non-Congested,Non-Congested,0
132200274,0,4,0,4,r,y,2.0,Non-Congested,Congested,1
181747232,1,0,0,0,r,G,3.0,Non-Congested,Non-Congested,0
47217361,0,1,0,1,r,r,1.0,Non-Congested,Non-Congested,0
cluster_2461783448_38980632_5243070374,9,6,9,6,r,y,4.0,Congested,Non-Congested,1
cluster_2461880040_2461880142_8131892137,3,4,0,0,r,G,0.0,Non-Congested,Non-Congested,0
cluster_2461880136_4910664147_50607912_8131882097,0,1,0,1,G,r,0.0,Non-Congested,Non-Congested,0
132200274,0,4,0,4,r,y,1.0,Non-Congested,Congested,1
181747232,1,0,0,0,r,G,2.0,Non-Congested,Non-Congested,0
47217361,0,1,0,1,r,r,0.0,Non-Congested,Non-Congested,0
cluster_2461783448_38980632_5243070374,9,6,9,6,r,y,3.0,Congested,Non-Congested,1
cluster_2461880040_2461880142_8131892137,4,5,0,0,r,G,1.0,Non-Congested,Congested,2
cluster_2461880136_4910664147_50607912_8131882097,0,1,0,1,y,r,2.0,Non-Congested,Non-Congested,0
132200274,0,4,0,4,r,y,0.0,Non-Congested,Congested,1
181747232,1,0,0,0,r,G,1.0,Non-Congested,Non-Congested,0
47217361,0,1,0,1,r,r,2.0,Non-Congested,Non-Congested,0
cluster_2461783448_38980632_5243070374,9,6,9,6,r,y,2.0,Congested,Non-Congested,1
cluster_2461880040_2461880142_8131892137,3,3,0,0,r,G,0.0,Non-Congested,Non-Congested,0
cluster_2461880136_4910664147_50607912_8131882097,0,1,0,1,y,r,1.0,Non-Congested,Non-Congested,0
132200274,0,4,0,4,G,r,4.0,Non-Congested,Congested,1
181747232,1,0,0,0,r,G,0.0,Non-Congested,Non-Congested,0
47217361,0,1,0,1,r,r,1.0,Non-Congested,Non-Congested,0
cluster_2461783448_38980632_5243070374,9,6,9,6,r,y,1.0,Congested,Non-Congested,1
cluster_2461880040_2461880142_8131892137,4,5,0,0,r,G,0.0,Non-Congested,Non-Congested,0
cluster_2461880136_4910664147_50607912_8131882097,0,1,0,1,y,r,0.0,Non-Congested,Non-Congested,0
132200274,0,4,0,4,G,r,3.0,Non-Congested,Congested,1
181747232,1,0,0,0,r,y,3.0,Non-Congested,Non-Congested,0
47217361,0,1,0,1,r,r,0.0,Non-Congested,Non-Congested,0
cluster_2461783448_38980632_5243070374,9,6,9,6,r,y,0.0,Congested,Non-Congested,1
cluster_2461880040_2461880142_8131892137,4,5,0,0,r,G,1.0,Non-Congested,Non-Congested,0
cluster_2461880136_4910664147_50607912_8131882097,0,1,0,0,r,G,4.0,Non-Congested,Non-Congested,0
132200274,0,4,0,4,G,r,2.0,Non-Congested,Congested,1
181747232,1,0,0,0,r,y,2.0,Non-Congested,Non-Congested,0
cluster_2461783448_38980632_5243070374,9,6,9,6,G,r,4.0,Congested,Non-Congested,2
cluster_2461880040_2461880142_8131892137,3,4,0,0,r,G,0.0,Non-Congested,Non-Congested,0
cluster_2461880136_4910664147_50607912_8131882097,0,1,0,0,r,G,3.0,Non-Congested,Non-Congested,0
132200274,0,4,0,4,G,r,1.0,Non-Congested,Congested,1
181747232,1,0,0,0,r,y,1.0,Non-Congested,Non-Congested,0
cluster_2461783448_38980632_5243070374,9,6,9,6,G,r,3.0,Congested,Non-Congested,2
cluster_2461880040_2461880142_8131892137,4,4,0,0,r,G,1.0,Non-Congested,Non-Congested,0
cluster_2461880136_4910664147_50607912_8131882097,0,1,0,0,r,G,2.0,Non-Congested,Non-Congested,0
cluster_59665162_8742497506,1,0,0,0,G,r,3.0,Congested,Non-Congested,2
132200274,0,4,0,4,G,r,0.0,Non-Congested,Congested,1
181747232,1,0,0,0,r,y,0.0,Non-Congested,Non-Congested,0
cluster_2461783448_38980632_5243070374,9,6,9,6,G,r,2.0,Congested,Non-Congested,2
cluster_2461880040_2461880142_8131892137,4,5,0,0,r,G,0.0,Non-Congested,Non-Congested,0
cluster_2461880136_4910664147_50607912_8131882097,0,1,0,0,r,G,1.0,Non-Congested,Non-Congested,0
132200274,0,4,0,4,y,r,2.0,Non-Congested,Congested,1
181747232,1,0,0,0,G,r,6.0,Non-Congested,Non-Congested,0
cluster_2461783448_38980632_5243070374,9,6,9,6,G,r,1.0,Congested,Non-Congested,2
cluster_2461880040_2461880142_8131892137,4,4,0,0,r,G,1.0,Non-Congested,Non-Congested,0
cluster_2461880136_4910664147_50607912_8131882097,0,1,0,0,r,G,0.0,Non-Congested,Non-Congested,0
132200274,0,4,0,4,y,r,1.0,Non-Congested,Congested,1
181747232,1,0,0,0,G,r,5.0,Non-Congested,Non-Congested,0
47217361,1,0,0,0,r,G,0.0,Non-Congested,Non-Congested,0
cluster_2461783448_38980632_5243070374,9,7,9,6,G,r,0.0,Congested,Non-Congested,2
cluster_2461880040_2461880142_8131892137,3,4,0,0,r,G,0.0,Non-Congested,Non-Congested,0
cluster_2461880136_4910664147_50607912_8131882097,0,2,0,0,r,y,2.0,Non-Congested,Non-Congested,0
132200274,0,4,0,4,y,r,0.0,Non-Congested,Congested,1
47217361,1,0,0,0,r,y,2.0,Non-Congested,Non-Congested,0
cluster_2461783448_38980632_5243070374,9,7,9,6,G,r,4.0,Congested,Non-Congested,2
cluster_2461880040_2461880142_8131892137,3,4,0,0,r,G,1.0,Non-Congested,Non-Congested,0
cluster_2461880136_4910664147_50607912_8131882097,0,2,0,0,r,y,1.0,Non-Congested,Non-Congested,0
132200274,0,4,0,4,r,G,4.0,Non-Congested,Congested,2
181747232,1,1,0,0,G,r,3.0,Non-Congested,Non-Congested,0
47217361,1,0,0,0,r,y,1.0,Non-Congested,Non-Congested,0
cluster_2461783448_38980632_5243070374,9,7,9,6,G,r,3.0,Congested,Non-Congested,2
cluster_2461880040_2461880142_8131892137,3,4,0,0,r,G,0.0,Non-Congested,Non-Congested,0
cluster_2461880136_4910664147_50607912_8131882097,0,3,0,0,r,y,0.0,Non-Congested,Non-Congested,0
132200274,0,4,0,4,r,G,3.0,Non-Congested,Congested,2
181747232,1,1,0,0,G,r,2.0,Non-Congested,Non-Congested,0
47217361,1,0,0,0,r,y,0.0,Non-Congested,Non-Congested,0
cluster_2461783448_38980632_5243070374,9,6,9,6,G,r,2.0,Congested,Non-Congested,2
cluster_2461880040_2461880142_8131892137,4,5,0,0,r,G,1.0,Non-Congested,Non-Congested,0
cluster_2461880136_4910664147_50607912_8131882097,0,3,0,0,r,r,0.0,Non-Congested,Non-Congested,0
132200274,0,4,0,4,r,G,2.0,Non-Congested,Congested,2
181747232,1,1,0,0,G,r,1.0,Non-Congested,Non-Congested,0
47217361,1,0,0,0,G,r,4.0,Non-Congested,Non-Congested,0
cluster_2461783448_38980632_5243070374,9,6,9,6,G,r,1.0,Congested,Non-Congested,2
cluster_2461880040_2461880142_8131892137,4,4,0,0,r,G,0.0,Non-Congested,Non-Congested,0
cluster_2461880136_4910664147_50607912_8131882097,0,3,0,0,G,r,4.0,Non-Congested,Non-Congested,0
132200274,0,4,0,4,r,G,1.0,Non-Congested,Congested,2
181747232,1,1,0,0,G,r,0.0,Non-Congested,Non-Congested,0
47217361,1,0,0,0,G,r,3.0,Non-Congested,Non-Congested,0
cluster_2461783448_38980632_5243070374,9,7,9,6,G,r,0.0,Congested,Non-Congested,2
cluster_2461880040_2461880142_8131892137,4,5,0,0,r,G,0.0,Non-Congested,Non-Congested,0
cluster_2461880136_4910664147_50607912_8131882097,0,3,0,0,G,r,3.0,Non-Congested,Non-Congested,0
132200274,0,4,0,4,r,G,0.0,Non-Congested,Congested,2
181747232,1,1,0,0,y,r,3.0,Non-Congested,Non-Congested,0
47217361,1,0,0,0,G,r,2.0,Non-Congested,Non-Congested,0
cluster_2461783448_38980632_5243070374,9,7,9,6,G,r,9.0,Congested,Non-Congested,2
cluster_2461880040_2461880142_8131892137,4,4,0,0,r,G,1.0,Non-Congested,Non-Congested,0
cluster_2461880136_4910664147_50607912_8131882097,0,3,0,0,G,r,2.0,Non-Congested,Non-Congested,0
132200274,0,4,0,4,r,y,2.0,Non-Congested,Congested,1
181747232,1,1,0,0,y,r,2.0,Non-Congested,Non-Congested,0
47217361,1,1,0,0,G,r,1.0,Non-Congested,Non-Congested,0
cluster_2461783448_38980632_5243070374,9,7,9,6,G,r,8.0,Congested,Non-Congested,2
cluster_2461880040_2461880142_8131892137,4,5,0,0,r,G,0.0,Non-Congested,Non-Congested,0
cluster_2461880136_4910664147_50607912_8131882097,0,4,0,0,G,r,1.0,Non-Congested,Non-Congested,0
132200274,0,4,0,4,r,y,1.0,Non-Congested,Congested,1
181747232,1,1,0,0,y,r,1.0,Non-Congested,Non-Congested,0
47217361,0,1,0,0,G,r,0.0,Non-Congested,Non-Congested,0
cluster_2461783448_38980632_5243070374,9,7,9,6,G,r,7.0,Congested,Non-Congested,2
cluster_2461880040_2461880142_8131892137,4,4,0,0,r,G,1.0,Non-Congested,Non-Congested,0
cluster_2461880136_4910664147_50607912_8131882097,0,4,0,0,G,r,0.0,Non-Congested,Non-Congested,0
132200274,0,4,0,4,r,y,0.0,Non-Congested,Congested,1
181747232,1,1,0,0,y,r,0.0,Non-Congested,Non-Congested,0
47217361,0,1,0,0,y,r,2.0,Non-Congested,Non-Congested,0
cluster_2455590523_389713_47212064,0,1,0,0,r,r,6.0,Non-Congested,Congested,1
cluster_2461783448_38980632_5243070374,9,6,9,6,G,r,6.0,Congested,Non-Congested,2
cluster_2461880040_2461880142_8131892137,4,5,0,0,r,G,0.0,Non-Congested,Non-Congested,0
cluster_2461880136_4910664147_50607912_8131882097,0,4,0,1,y,r,2.0,Non-Congested,Non-Congested,0
cluster_59665162_8742497506,1,0,0,0,r,G,0.0,Non-Congested,Non-Congested,0
132200274,0,4,0,4,G,r,4.0,Non-Congested,Congested,1
181747232,1,1,0,0,r,G,6.0,Non-Congested,Non-Congested,0
47217361,0,1,0,0,y,r,1.0,Non-Congested,Non-Congested,0
cluster_2455590523_389713_47212064,0,1,0,0,r,r,5.0,Non-Congested,Congested,1
cluster_2461783448_38980632_5243070374,9,6,9,6,G,r,5.0,Congested,Non-Congested,2
cluster_2461880040_2461880142_8131892137,4,4,0,0,r,G,1.0,Non-Congested,Non-Congested,0
cluster_2461880136_4910664147_50607912_8131882097,0,4,0,1,y,r,1.0,Non-Congested,Non-Congested,0
cluster_59665162_8742497506,1,0,0,0,r,y,2.0,Non-Congested,Non-Congested,0
132200274,0,4,0,4,G,r,3.0,Non-Congested,Congested,1
181747232,1,1,0,0,r,G,5.0,Non-Congested,Non-Congested,0
47217361,0,1,0,0,y,r,0.0,Non-Congested,Non-Congested,0
cluster_2455590523_389713_47212064,0,1,0,1,r,r,4.0,Non-Congested,Congested,1
cluster_2461783448_38980632_5243070374,9,6,9,6,G,r,4.0,Congested,Non-Congested,2
cluster_2461880040_2461880142_8131892137,3,4,0,0,r,G,0.0,Non-Congested,Non-Congested,0
cluster_2461880136_4910664147_50607912_8131882097,0,4,0,1,y,r,0.0,Non-Congested,Non-Congested,0
cluster_59665162_8742497506,1,0,1,0,r,y,1.0,Non-Congested,Non-Congested,0
132200274,0,4,0,4,G,r,2.0,Non-Congested,Congested,1
181747232,1,1,0,0,r,G,4.0,Non-Congested,Non-Congested,0
47217361,0,1,0,0,r,r,4.0,Non-Congested,Non-Congested,0
cluster_2455590523_389713_47212064,0,1,0,1,r,r,3.0,Non-Congested,Congested,1
cluster_2461783448_38980632_5243070374,9,7,9,6,G,r,3.0,Congested,Non-Congested,2
cluster_2461880040_2461880142_8131892137,4,4,0,0,r,G,1.0,Non-Congested,Non-Congested,0
cluster_2461880136_4910664147_50607912_8131882097,0,4,0,0,r,G,4.0,Non-Congested,Non-Congested,0
cluster_59665162_8742497506,1,0,1,0,r,y,0.0,Non-Congested,Non-Congested,0
132200274,0,4,0,4,G,r,1.0,Non-Congested,Congested,1
47217361,0,1,0,0,r,r,3.0,Non-Congested,Non-Congested,0
cluster_2455590523_389713_47212064,1,1,0,1,r,r,2.0,Non-Congested,Congested,1
cluster_2461783448_38980632_5243070374,9,7,9,6,G,r,2.0,Congested,Non-Congested,2
cluster_2461880040_2461880142_8131892137,3,4,0,0,r,G,0.0,Non-Congested,Non-Congested,0
cluster_2461880136_4910664147_50607912_8131882097,0,3,0,0,r,G,3.0,Non-Congested,Non-Congested,0
132200274,0,4,0,4,G,r,0.0,Non-Congested,Congested,1
47217361,0,1,0,0,r,r,2.0,Non-Congested,Non-Congested,0
cluster_2455590523_389713_47212064,1,1,0,1,r,r,1.0,Non-Congested,Congested,1
cluster_2461783448_38980632_5243070374,9,7,9,6,G,r,1.0,Congested,Non-Congested,2
cluster_2461880040_2461880142_8131892137,4,4,0,0,r,G,1.0,Non-Congested,Non-Congested,0
cluster_2461880136_4910664147_50607912_8131882097,0,4,0,0,r,G,2.0,Non-Congested,Non-Congested,0
132200274,0,4,0,4,y,r,2.0,Non-Congested,Congested,1
47217361,0,1,0,0,r,r,1.0,Non-Congested,Non-Congested,0
cluster_2455590523_389713_47212064,1,1,0,1,r,r,0.0,Non-Congested,Congested,1
cluster_2461783448_38980632_5243070374,9,7,9,6,G,r,0.0,Congested,Non-Congested,2
cluster_2461880040_2461880142_8131892137,3,4,0,0,r,G,0.0,Non-Congested,Non-Congested,0
cluster_2461880136_4910664147_50607912_8131882097,0,4,0,0,r,G,1.0,Non-Congested,Non-Congested,0
132200274,0,4,0,4,y,r,1.0,Non-Congested,Congested,1
47217361,0,1,0,0,r,r,0.0,Non-Congested,Non-Congested,0
cluster_2455590523_389713_47212064,1,1,0,1,r,r,1.0,Non-Congested,Congested,1
cluster_2461783448_38980632_5243070374,9,7,9,6,y,r,4.0,Congested,Non-Congested,1
cluster_2461880040_2461880142_8131892137,4,4,0,0,r,G,1.0,Non-Congested,Non-Congested,0
cluster_2461880136_4910664147_50607912_8131882097,0,6,0,0,r,G,0.0,Non-Congested,Non-Congested,0
132200274,0,4,0,4,y,r,0.0,Non-Congested,Congested,1
47217361,0,1,0,0,r,r,2.0,Non-Congested,Non-Congested,0
cluster_2455590523_389713_47212064,1,1,0,1,r,r,0.0,Non-Congested,Congested,1
cluster_2461783448_38980632_5243070374,9,7,9,6,y,r,3.0,Congested,Non-Congested,1
cluster_2461880040_2461880142_8131892137,3,4,0,0,r,G,0.0,Non-Congested,Non-Congested,0
cluster_2461880136_4910664147_50607912_8131882097,0,6,0,0,r,G,0.0,Non-Congested,Non-Congested,0
cluster_59665162_8742497506,1,0,0,0,G,r,0.0,Congested,Non-Congested,2
132200274,0,4,0,4,r,G,4.0,Non-Congested,Congested,2
47217361,0,1,0,0,r,r,1.0,Non-Congested,Non-Congested,0
cluster_2455590523_389713_47212064,1,1,1,1,r,r,0.0,Non-Congested,Congested,1
cluster_2461783448_38980632_5243070374,9,7,9,6,y,r,2.0,Congested,Non-Congested,1
cluster_2461880040_2461880142_8131892137,4,4,0,0,r,G,1.0,Non-Congested,Non-Congested,0
cluster_2461880136_4910664147_50607912_8131882097,0,7,0,0,r,G,1.0,Non-Congested,Non-Congested,0
132200274,0,4,0,4,r,G,3.0,Non-Congested,Congested,2
47217361,0,1,0,0,r,r,0.0,Non-Congested,Non-Congested,0
cluster_2455590523_389713_47212064,2,1,1,1,r,r,0.0,Congested,Congested,3
cluster_2461783448_38980632_5243070374,9,7,9,7,y,r,1.0,Congested,Non-Congested,1
cluster_2461880040_2461880142_8131892137,3,4,0,0,r,G,0.0,Non-Congested,Non-Congested,0
cluster_2461880136_4910664147_50607912_8131882097,0,7,0,0,r,G,0.0,Non-Congested,Non-Congested,0
132200274,0,4,0,4,r,G,2.0,Non-Congested,Congested,2
47217361,0,1,0,0,r,G,4.0,Non-Congested,Non-Congested,0
cluster_2455590523_389713_47212064,1,1,1,1,r,r,3.0,Non-Congested,Congested,1
cluster_2461783448_38980632_5243070374,9,7,9,7,y,r,0.0,Congested,Non-Congested,1
cluster_2461880040_2461880142_8131892137,4,4,0,0,r,G,1.0,Non-Congested,Non-Congested,0
cluster_2461880136_4910664147_50607912_8131882097,0,8,0,0,r,G,1.0,Non-Congested,Non-Congested,0
132200274,0,4,0,4,r,G,1.0,Non-Congested,Congested,2
47217361,0,1,0,0,r,G,3.0,Non-Congested,Non-Congested,0
cluster_2455590523_389713_47212064,1,1,1,1,r,r,2.0,Non-Congested,Congested,1
cluster_2461783448_38980632_5243070374,9,7,9,7,r,G,4.0,Congested,Non-Congested,1
cluster_2461880040_2461880142_8131892137,3,3,0,0,r,G,0.0,Non-Congested,Non-Congested,0
cluster_2461880136_4910664147_50607912_8131882097,0,8,0,0,r,G,0.0,Non-Congested,Non-Congested,0
132200274,0,4,0,4,r,G,0.0,Non-Congested,Congested,2
47217361,0,1,0,0,r,G,2.0,Non-Congested,Non-Congested,0
cluster_2455590523_389713_47212064,1,1,1,1,r,r,1.0,Non-Congested,Congested,1
cluster_2461783448_38980632_5243070374,9,7,9,7,r,G,3.0,Congested,Non-Congested,1
cluster_2461880040_2461880142_8131892137,4,5,0,0,r,G,0.0,Non-Congested,Congested,2
cluster_2461880136_4910664147_50607912_8131882097,0,8,0,0,r,G,1.0,Non-Congested,Non-Congested,0
132200274,0,4,0,4,r,y,2.0,Non-Congested,Congested,1
181747232,1,0,0,0,G,r,4.0,Non-Congested,Non-Congested,0
cluster_2455590523_389713_47212064,1,1,1,1,r,r,0.0,Non-Congested,Congested,1
cluster_2461783448_38980632_5243070374,9,7,9,7,r,G,2.0,Congested,Non-Congested,1
cluster_2461880040_2461880142_8131892137,3,3,0,0,r,G,0.0,Non-Congested,Non-Congested,0
cluster_2461880136_4910664147_50607912_8131882097,0,9,0,0,r,G,0.0,Non-Congested,Non-Congested,0
132200274,0,4,0,4,r,y,1.0,Non-Congested,Congested,1
181747232,1,0,0,0,G,r,3.0,Non-Congested,Non-Congested,0
cluster_2455590523_389713_47212064,2,0,1,0,r,G,4.0,Non-Congested,Congested,2
cluster_2461783448_38980632_5243070374,9,7,9,7,r,G,1.0,Congested,Non-Congested,1
cluster_2461880040_2461880142_8131892137,4,5,0,0,r,y,4.0,Non-Congested,Non-Congested,0
cluster_2461880136_4910664147_50607912_8131882097,0,8,0,0,r,G,1.0,Non-Congested,Non-Congested,0
132200274,0,4,0,4,r,y,0.0,Non-Congested,Congested,1
181747232,1,0,0,0,G,r,2.0,Non-Congested,Non-Congested,0
47217361,0,1,0,0,r,y,2.0,Non-Congested,Non-Congested,0
cluster_2455590523_389713_47212064,1,0,1,0,r,G,3.0,Congested,Non-Congested,1
cluster_2461783448_38980632_5243070374,9,7,9,7,r,G,0.0,Congested,Non-Congested,1
cluster_2461880040_2461880142_8131892137,3,4,0,0,r,y,3.0,Non-Congested,Non-Congested,0
cluster_2461880136_4910664147_50607912_8131882097,0,9,0,0,r,G,0.0,Non-Congested,Non-Congested,0
132200274,0,4,0,4,G,r,4.0,Non-Congested,Congested,1
181747232,1,0,0,0,G,r,1.0,Non-Congested,Non-Congested,0
47217361,0,1,0,0,r,y,1.0,Non-Congested,Non-Congested,0
cluster_2455590523_389713_47212064,1,0,1,0,r,G,2.0,Non-Congested,Non-Congested,0
cluster_2461783448_38980632_5243070374,9,7,8,7,r,y,4.0,Congested,Non-Congested,1
cluster_2461880040_2461880142_8131892137,3,4,0,0,r,y,2.0,Non-Congested,Non-Congested,0
cluster_2461880136_4910664147_50607912_8131882097,0,9,0,0,r,G,1.0,Non-Congested,Non-Congested,0
132200274,0,4,0,4,G,r,3.0,Non-Congested,Congested,1
181747232,1,0,0,0,G,r,0.0,Non-Congested,Non-Congested,0
47217361,0,1,0,0,r,y,0.0,Non-Congested,Non-Congested,0
cluster_2455590523_389713_47212064,2,0,1,0,r,G,1.0,Non-Congested,Non-Congested,0
cluster_2461783448_38980632_5243070374,8,7,7,7,r,y,3.0,Congested,Non-Congested,1
cluster_2461880040_2461880142_8131892137,2,4,0,0,r,y,1.0,Non-Congested,Congested,1
cluster_2461880136_4910664147_50607912_8131882097,0,10,0,0,r,G,0.0,Non-Congested,Non-Congested,0
132200274,0,4,0,4,G,r,2.0,Non-Congested,Congested,1
181747232,1,0,0,0,y,r,3.0,Non-Congested,Non-Congested,0
47217361,0,1,0,0,G,r,4.0,Non-Congested,Non-Congested,0
cluster_2455590523_389713_47212064,2,0,1,0,r,G,0.0,Non-Congested,Non-Congested,0
cluster_2461783448_38980632_5243070374,8,7,6,7,r,y,2.0,Congested,Non-Congested,1
cluster_2461880040_2461880142_8131892137,2,4,0,0,r,y,0.0,Non-Congested,Congested,1
cluster_2461880136_4910664147_50607912_8131882097,0,10,0,0,r,G,1.0,Non-Congested,Non-Congested,0
132200274,0,4,0,4,G,r,1.0,Non-Congested,Congested,1
181747232,1,0,0,0,y,r,2.0,Non-Congested,Non-Congested,0
47217361,0,1,0,0,G,r,3.0,Non-Congested,Non-Congested,0
cluster_2455590523_389713_47212064,2,1,1,0,r,G,1.0,Non-Congested,Non-Congested,0
cluster_2461783448_38980632_5243070374,8,7,5,7,r,y,1.0,Congested,Non-Congested,1
cluster_2461880040_2461880142_8131892137,1,3,0,1,r,r,4.0,Non-Congested,Congested,1
cluster_2461880136_4910664147_50607912_8131882097,0,11,0,0,r,G,0.0,Non-Congested,Non-Congested,0
132200274,0,4,0,4,G,r,0.0,Non-Congested,Congested,1
181747232,1,0,0,0,y,r,1.0,Non-Congested,Non-Congested,0
47217361,0,1,0,0,G,r,2.0,Non-Congested,Non-Congested,0
cluster_2455590523_389713_47212064,2,1,1,0,r,G,0.0,Non-Congested,Non-Congested,0
cluster_2461783448_38980632_5243070374,8,7,5,7,r,y,0.0,Congested,Non-Congested,1
cluster_2461880040_2461880142_8131892137,1,3,0,1,r,r,3.0,Non-Congested,Congested,1
cluster_2461880136_4910664147_50607912_8131882097,0,9,0,0,r,G,0.0,Non-Congested,Non-Congested,0
132200274,0,4,0,4,y,r,2.0,Non-Congested,Congested,1
181747232,1,0,0,0,y,r,0.0,Non-Congested,Non-Congested,0
47217361,0,1,0,0,G,r,1.0,Non-Congested,Non-Congested,0
cluster_2455590523_389713_47212064,2,1,1,0,r,G,0.0,Non-Congested,Non-Congested,0
cluster_2461783448_38980632_5243070374,8,7,4,7,G,r,4.0,Congested,Non-Congested,2
cluster_2461880040_2461880142_8131892137,0,2,0,2,r,r,2.0,Non-Congested,Congested,1
cluster_2461880136_4910664147_50607912_8131882097,0,11,0,0,r,G,1.0,Non-Congested,Non-Congested,0
132200274,0,4,0,4,y,r,1.0,Non-Congested,Congested,1
181747232,1,0,0,0,r,G,6.0,Non-Congested,Non-Congested,0
47217361,0,1,0,0,G,r,0.0,Non-Congested,Non-Congested,0
cluster_2455590523_389713_47212064,2,1,1,0,r,y,3.0,Non-Congested,Non-Congested,0
cluster_2461783448_38980632_5243070374,6,7,3,7,G,r,3.0,Congested,Non-Congested,2
cluster_2461880040_2461880142_8131892137,0,2,0,2,r,r,1.0,Non-Congested,Congested,1
cluster_2461880136_4910664147_50607912_8131882097,0,9,0,0,r,G,0.0,Non-Congested,Non-Congested,0
132200274,0,4,0,4,y,r,0.0,Non-Congested,Congested,1
181747232,1,0,0,0,r,G,5.0,Non-Congested,Non-Congested,0
47217361,0,1,0,0,y,r,2.0,Non-Congested,Non-Congested,0
cluster_2455590523_389713_47212064,2,1,2,0,r,y,2.0,Non-Congested,Non-Congested,0
cluster_2461783448_38980632_5243070374,6,7,2,7,G,r,2.0,Congested,Non-Congested,2
cluster_2461880040_2461880142_8131892137,0,2,0,2,r,r,0.0,Non-Congested,Congested,1
cluster_2461880136_4910664147_50607912_8131882097,0,11,0,0,r,G,1.0,Non-Congested,Non-Congested,0
132200274,0,4,0,4,r,G,4.0,Non-Congested,Congested,2
181747232,1,0,0,0,r,G,4.0,Non-Congested,Non-Congested,0
47217361,0,1,0,0,y,r,1.0,Non-Congested,Non-Congested,0
cluster_2455590523_389713_47212064,2,0,2,0,r,y,1.0,Non-Congested,Non-Congested,0
cluster_2461783448_38980632_5243070374,7,8,1,7,G,r,1.0,Non-Congested,Non-Congested,4
cluster_2461880040_2461880142_8131892137,0,2,0,2,r,r,1.0,Non-Congested,Congested,1
cluster_2461880136_4910664147_50607912_8131882097,0,9,0,0,r,G,0.0,Non-Congested,Non-Congested,0
132200274,0,4,0,4,r,G,3.0,Non-Congested,Congested,2
181747232,1,0,0,0,r,G,3.0,Non-Congested,Non-Congested,0
47217361,0,1,0,0,y,r,0.0,Non-Congested,Non-Congested,0
cluster_2455590523_389713_47212064,2,1,2,0,r,y,0.0,Non-Congested,Non-Congested,0
cluster_2461783448_38980632_5243070374,6,8,1,7,G,r,0.0,Non-Congested,Non-Congested,4
cluster_2461880040_2461880142_8131892137,0,2,0,2,r,r,0.0,Non-Congested,Congested,1
cluster_2461880136_4910664147_50607912_8131882097,0,11,0,0,r,G,1.0,Non-Congested,Non-Congested,0
132200274,0,4,0,4,r,G,2.0,Non-Congested,Congested,2
181747232,1,0,0,0,r,G,2.0,Non-Congested,Non-Congested,0
47217361,0,1,0,0,r,r,4.0,Non-Congested,Non-Congested,0
cluster_2455590523_389713_47212064,1,1,1,0,G,r,4.0,Non-Congested,Congested,1
cluster_2461783448_38980632_5243070374,6,8,1,7,G,r,0.0,Non-Congested,Non-Congested,4
cluster_2461880040_2461880142_8131892137,0,2,0,2,r,r,1.0,Non-Congested,Congested,1
cluster_2461880136_4910664147_50607912_8131882097,0,9,0,0,r,G,0.0,Non-Congested,Non-Congested,0
132200274,0,4,0,4,r,G,1.0,Non-Congested,Congested,2
181747232,1,0,0,0,r,G,1.0,Non-Congested,Non-Congested,0
47217361,0,1,0,0,r,r,3.0,Non-Congested,Non-Congested,0
cluster_2455590523_389713_47212064,1,0,0,0,G,r,3.0,Non-Congested,Non-Congested,0
cluster_2461783448_38980632_5243070374,5,9,1,7,G,r,1.0,Non-Congested,Non-Congested,4
cluster_2461880040_2461880142_8131892137,0,2,0,2,r,r,0.0,Non-Congested,Congested,1
cluster_2461880136_4910664147_50607912_8131882097,0,11,0,0,r,G,1.0,Non-Congested,Non-Congested,0
132200274,0,4,0,4,r,G,0.0,Non-Congested,Congested,2
181747232,1,0,0,0,r,G,0.0,Non-Congested,Non-Congested,0
47217361,0,1,0,0,r,r,2.0,Non-Congested,Non-Congested,0
cluster_2455590523_389713_47212064,1,1,0,0,G,r,2.0,Non-Congested,Non-Congested,0
cluster_2461783448_38980632_5243070374,4,10,1,7,G,r,0.0,Non-Congested,Non-Congested,4
cluster_2461880040_2461880142_8131892137,0,2,0,2,r,r,1.0,Non-Congested,Congested,1
cluster_2461880136_4910664147_50607912_8131882097,0,10,0,0,r,G,0.0,Non-Congested,Non-Congested,0
132200274,0,4,0,4,r,y,2.0,Non-Congested,Congested,1
181747232,1,0,0,0,r,y,3.0,Non-Congested,Non-Congested,0
47217361,0,1,0,0,r,r,1.0,Non-Congested,Non-Congested,0
cluster_2455590523_389713_47212064,1,1,0,0,G,r,1.0,Non-Congested,Non-Congested,0
cluster_2461783448_38980632_5243070374,6,10,1,7,G,r,1.0,Non-Congested,Non-Congested,4
cluster_2461880040_2461880142_8131892137,0,2,0,2,r,r,0.0,Non-Congested,Congested,1
cluster_2461880136_4910664147_50607912_8131882097,0,11,0,0,r,G,1.0,Non-Congested,Non-Congested,0
132200274,0,4,0,4,r,y,1.0,Non-Congested,Congested,1
181747232,1,0,0,0,r,y,2.0,Non-Congested,Non-Congested,0
47217361,0,1,0,0,r,r,0.0,Non-Congested,Non-Congested,0
cluster_2455590523_389713_47212064,0,1,0,0,G,r,0.0,Non-Congested,Non-Congested,0
cluster_2461783448_38980632_5243070374,6,10,1,8,G,r,0.0,Non-Congested,Non-Congested,4
cluster_2461880040_2461880142_8131892137,0,2,0,2,r,r,1.0,Non-Congested,Congested,1
cluster_2461880136_4910664147_50607912_8131882097,0,11,0,0,r,G,0.0,Non-Congested,Non-Congested,0
132200274,0,4,0,4,r,y,0.0,Non-Congested,Congested,1
181747232,1,0,0,0,r,y,1.0,Non-Congested,Non-Congested,0
47217361,0,1,0,0,r,r,2.0,Non-Congested,Non-Congested,0
cluster_2455590523_389713_47212064,1,2,0,1,G,r,0.0,Non-Congested,Non-Congested,0
cluster_2461783448_38980632_5243070374,5,9,1,8,G,r,1.0,Non-Congested,Non-Congested,4
cluster_2461880040_2461880142_8131892137,0,2,0,2,r,r,0.0,Non-Congested,Congested,1
cluster_2461880136_4910664147_50607912_8131882097,0,11,0,0,r,G,1.0,Non-Congested,Non-Congested,0
132200274,0,4,0,4,G,r,4.0,Non-Congested,Congested,1
181747232,1,0,0,0,r,y,0.0,Non-Congested,Non-Congested,0
47217361,0,1,0,0,r,r,1.0,Non-Congested,Non-Congested,0
cluster_2455590523_389713_47212064,0,2,0,1,y,r,3.0,Non-Congested,Non-Congested,0
cluster_2461783448_38980632_5243070374,7,9,1,8,G,r,0.0,Non-Congested,Non-Congested,4
cluster_2461880040_2461880142_8131892137,0,2,0,2,r,r,1.0,Non-Congested,Congested,1
cluster_2461880136_4910664147_50607912_8131882097,0,12,0,0,r,G,0.0,Non-Congested,Non-Congested,0
132200274,0,4,0,4,G,r,3.0,Non-Congested,Congested,1
181747232,1,0,0,0,G,r,6.0,Non-Congested,Non-Congested,0
47217361,0,1,0,0,r,r,0.0,Non-Congested,Non-Congested,0
cluster_2455590523_389713_47212064,0,2,0,1,y,r,2.0,Non-Congested,Non-Congested,0
cluster_2461783448_38980632_5243070374,6,9,1,9,G,r,1.0,Non-Congested,Non-Congested,4
cluster_2461880040_2461880142_8131892137,0,2,0,2,r,r,0.0,Non-Congested,Congested,1
cluster_2461880136_4910664147_50607912_8131882097,0,12,0,0,r,G,1.0,Non-Congested,Non-Congested,0
132200274,0,4,0,4,G,r,2.0,Non-Congested,Congested,1
181747232,1,0,0,0,G,r,5.0,Non-Congested,Non-Congested,0
cluster_2455590523_389713_47212064,0,1,0,1,y,r,1.0,Non-Congested,Non-Congested,0
cluster_2461783448_38980632_5243070374,7,9,2,9,G,r,0.0,Congested,Non-Congested,4
cluster_2461880040_2461880142_8131892137,0,2,0,2,r,r,1.0,Non-Congested,Congested,1
cluster_2461880136_4910664147_50607912_8131882097,0,11,0,0,r,G,0.0,Non-Congested,Non-Congested,0
132200274,0,4,0,4,G,r,1.0,Non-Congested,Congested,1
181747232,1,0,0,0,G,r,4.0,Non-Congested,Non-Congested,0
cluster_2455590523_389713_47212064,1,1,0,1,y,r,0.0,Congested,Non-Congested,1
cluster_2461783448_38980632_5243070374,8,9,3,9,G,r,0.0,Congested,Non-Congested,4
cluster_2461880040_2461880142_8131892137,0,2,0,2,r,r,0.0,Non-Congested,Congested,1
cluster_2461880136_4910664147_50607912_8131882097,0,12,0,0,r,G,1.0,Non-Congested,Non-Congested,0
132200274,0,4,0,4,G,r,0.0,Non-Congested,Congested,1
181747232,1,0,0,0,G,r,3.0,Non-Congested,Non-Congested,0
47217361,0,1,0,0,r,G,2.0,Non-Congested,Non-Congested,0
cluster_2455590523_389713_47212064,0,1,0,1,r,r,6.0,Non-Congested,Congested,1
cluster_2461783448_38980632_5243070374,8,9,3,9,G,r,1.0,Congested,Non-Congested,4
cluster_2461880040_2461880142_8131892137,0,2,0,2,r,r,1.0,Non-Congested,Congested,1
cluster_2461880136_4910664147_50607912_8131882097,0,11,0,0,r,G,0.0,Non-Congested,Non-Congested,0
132200274,0,4,0,4,y,r,2.0,Non-Congested,Congested,1
181747232,1,0,0,0,G,r,2.0,Non-Congested,Non-Congested,0
47217361,1,1,0,0,r,G,1.0,Non-Congested,Non-Congested,0
cluster_2455590523_389713_47212064,0,1,0,1,r,r,5.0,Non-Congested,Congested,1
cluster_2461783448_38980632_5243070374,9,9,4,9,G,r,0.0,Congested,Non-Congested,2
cluster_2461880040_2461880142_8131892137,0,2,0,2,r,r,0.0,Non-Congested,Congested,1
cluster_2461880136_4910664147_50607912_8131882097,0,11,0,0,r,G,1.0,Non-Congested,Non-Congested,0
132200274,0,4,0,4,y,r,1.0,Non-Congested,Congested,1
181747232,1,0,0,0,G,r,1.0,Non-Congested,Non-Congested,0
47217361,1,1,0,0,r,G,0.0,Non-Congested,Non-Congested,0
cluster_1420096799_47154676,1,0,0,0,r,r,5.0,Non-Congested,Non-Congested,0
cluster_2455590523_389713_47212064,0,1,0,1,r,r,4.0,Non-Congested,Congested,1
cluster_2461783448_38980632_5243070374,9,9,5,9,G,r,0.0,Congested,Non-Congested,2
cluster_2461880040_2461880142_8131892137,0,2,0,2,r,r,1.0,Non-Congested,Congested,1
cluster_2461880136_4910664147_50607912_8131882097,0,9,0,0,r,G,0.0,Non-Congested,Non-Congested,0
132200274,0,4,0,4,y,r,0.0,Non-Congested,Congested,1
181747232,1,0,0,0,G,r,0.0,Non-Congested,Non-Congested,0
47217361,1,1,0,0,r,y,2.0,Non-Congested,Non-Congested,0
cluster_1420096799_47154676,1,0,0,0,r,r,4.0,Non-Congested,Non-Congested,0
cluster_2455590523_389713_47212064,0,1,0,1,r,r,3.0,Non-Congested,Non-Congested,0
cluster_2461783448_38980632_5243070374,9,9,6,9,G,r,0.0,Congested,Non-Congested,2
cluster_2461880040_2461880142_8131892137,0,2,0,2,r,r,0.0,Non-Congested,Congested,1
cluster_2461880136_4910664147_50607912_8131882097,0,9,0,0,r,G,1.0,Non-Congested,Non-Congested,0
132200274,0,4,0,4,r,G,4.0,Non-Congested,Congested,2
47217361,1,1,0,0,r,y,1.0,Non-Congested,Non-Congested,0
cluster_1420096799_47154676,1,0,0,0,r,r,3.0,Non-Congested,Non-Congested,0
cluster_2455590523_389713_47212064,0,1,0,1,r,r,2.0,Non-Congested,Non-Congested,0
cluster_2461783448_38980632_5243070374,9,9,8,9,G,r,4.0,Congested,Non-Congested,2
cluster_2461880040_2461880142_8131892137,0,2,0,2,r,r,1.0,Non-Congested,Congested,1
cluster_2461880136_4910664147_50607912_8131882097,0,9,0,0,r,G,0.0,Non-Congested,Non-Congested,0
132200274,0,4,0,4,r,G,3.0,Non-Congested,Congested,2
181747232,1,1,0,0,G,r,0.0,Non-Congested,Non-Congested,0
47217361,1,2,0,0,r,y,0.0,Non-Congested,Non-Congested,0
cluster_1420096799_47154676,1,0,0,0,r,r,2.0,Non-Congested,Non-Congested,0
cluster_2455590523_389713_47212064,0,1,0,1,r,r,1.0,Non-Congested,Non-Congested,0
cluster_2461783448_38980632_5243070374,9,9,8,9,G,r,3.0,Congested,Non-Congested,2
cluster_2461880040_2461880142_8131892137,0,2,0,2,r,r,0.0,Non-Congested,Congested,1
cluster_2461880136_4910664147_50607912_8131882097,0,8,0,0,r,G,1.0,Non-Congested,Non-Congested,0
132200274,0,4,0,4,r,G,2.0,Non-Congested,Congested,2
181747232,1,1,0,0,y,r,3.0,Non-Congested,Non-Congested,0
47217361,1,2,0,0,G,r,4.0,Non-Congested,Non-Congested,0
cluster_1420096799_47154676,1,0,0,0,r,r,1.0,Non-Congested,Non-Congested,0
cluster_2455590523_389713_47212064,0,3,0,1,r,r,0.0,Non-Congested,Non-Congested,0
cluster_2461783448_38980632_5243070374,9,9,8,9,G,r,2.0,Congested,Non-Congested,2
cluster_2461880040_2461880142_8131892137,0,2,0,2,r,r,1.0,Non-Congested,Congested,1
cluster_2461880136_4910664147_50607912_8131882097,0,6,0,0,r,G,0.0,Non-Congested,Non-Congested,0
132200274,0,4,0,4,r,G,1.0,Non-Congested,Congested,2
181747232,1,1,0,0,y,r,2.0,Non-Congested,Non-Congested,0
47217361,1,2,0,0,G,r,3.0,Non-Congested,Non-Congested,0
cluster_1420096799_47154676,1,0,0,0,r,r,0.0,Non-Congested,Non-Congested,0
cluster_2455590523_389713_47212064,0,3,0,1,r,r,3.0,Non-Congested,Non-Congested,0
cluster_2461783448_38980632_5243070374,9,9,9,9,G,r,1.0,Congested,Non-Congested,2
cluster_2461880040_2461880142_8131892137,0,2,0,2,r,r,0.0,Non-Congested,Congested,1
cluster_2461880136_4910664147_50607912_8131882097,0,6,0,0,r,G,1.0,Non-Congested,Non-Congested,0
132200274,0,4,0,4,r,G,0.0,Non-Congested,Congested,2
181747232,1,1,0,0,y,r,1.0,Non-Congested,Non-Congested,0
47217361,0,2,0,0,G,r,2.0,Non-Congested,Non-Congested,0
cluster_1420096799_47154676,1,0,0,0,r,r,3.0,Non-Congested,Non-Congested,0
cluster_2455590523_389713_47212064,0,1,0,1,r,r,2.0,Non-Congested,Non-Congested,0
cluster_2461783448_38980632_5243070374,9,9,9,9,G,r,0.0,Congested,Non-Congested,2
cluster_2461880040_2461880142_8131892137,0,2,0,2,r,r,1.0,Non-Congested,Congested,1
cluster_2461880136_4910664147_50607912_8131882097,0,6,0,0,r,G,0.0,Non-Congested,Non-Congested,0
132200274,0,4,0,4,r,y,2.0,Non-Congested,Congested,1
181747232,1,1,0,0,y,r,0.0,Non-Congested,Non-Congested,0
47217361,0,2,0,0,G,r,1.0,Non-Congested,Non-Congested,0
cluster_1420096799_47154676,1,0,0,0,r,r,2.0,Non-Congested,Non-Congested,0
cluster_2455590523_389713_47212064,1,1,0,1,r,r,1.0,Non-Congested,Non-Congested,0
cluster_2461783448_38980632_5243070374,9,9,9,9,G,r,9.0,Congested,Non-Congested,2
cluster_2461880040_2461880142_8131892137,0,2,0,2,r,r,0.0,Non-Congested,Congested,1
cluster_2461880136_4910664147_50607912_8131882097,0,4,0,0,r,G,1.0,Non-Congested,Non-Congested,0
132200274,0,4,0,4,r,y,1.0,Non-Congested,Congested,1
181747232,1,1,0,0,r,G,6.0,Non-Congested,Non-Congested,0
47217361,0,2,0,0,G,r,0.0,Non-Congested,Non-Congested,0
cluster_1420096799_47154676,1,0,0,0,r,r,1.0,Non-Congested,Non-Congested,0
cluster_2455590523_389713_47212064,0,1,0,1,r,r,0.0,Non-Congested,Non-Congested,0
cluster_2461783448_38980632_5243070374,9,9,9,9,G,r,8.0,Congested,Non-Congested,2
cluster_2461880040_2461880142_8131892137,0,2,0,2,r,r,1.0,Non-Congested,Congested,1
cluster_2461880136_4910664147_50607912_8131882097,0,4,0,0,r,G,0.0,Non-Congested,Non-Congested,0
132200274,0,4,0,4,r,y,0.0,Non-Congested,Congested,1
181747232,1,1,0,0,r,G,5.0,Non-Congested,Non-Congested,0
47217361,0,2,0,0,y,r,2.0,Non-Congested,Non-Congested,0
cluster_1420096799_47154676,1,0,1,0,r,r,0.0,Non-Congested,Non-Congested,0
cluster_2461783448_38980632_5243070374,9,9,9,9,G,r,7.0,Congested,Non-Congested,2
cluster_2461880040_2461880142_8131892137,0,2,0,2,r,r,0.0,Non-Congested,Congested,1
cluster_2461880136_4910664147_50607912_8131882097,0,4,0,0,r,G,0.0,Non-Congested,Non-Congested,0
132200274,0,4,0,4,G,r,4.0,Non-Congested,Congested,1
181747232,1,1,0,0,r,G,4.0,Non-Congested,Non-Congested,0
47217361,0,2,0,0,y,r,1.0,Non-Congested,Non-Congested,0
cluster_1420096799_47154676,1,0,1,0,r,G,6.0,Non-Congested,Non-Congested,0
cluster_2461783448_38980632_5243070374,9,9,9,9,G,r,6.0,Congested,Non-Congested,2
cluster_2461880040_2461880142_8131892137,0,2,0,2,r,r,4.0,Non-Congested,Congested,1
cluster_2461880136_4910664147_50607912_8131882097,0,4,0,0,r,y,2.0,Non-Congested,Non-Congested,0
132200274,0,5,0,4,G,r,3.0,Non-Congested,Congested,1
181747232,1,1,0,0,r,G,3.0,Non-Congested,Non-Congested,0
47217361,0,2,0,0,y,r,0.0,Non-Congested,Non-Congested,0
cluster_1420096799_47154676,1,0,1,0,r,G,5.0,Non-Congested,Non-Congested,0
cluster_2461783448_38980632_5243070374,9,9,9,9,G,r,5.0,Congested,Non-Congested,2
cluster_2461880040_2461880142_8131892137,0,2,0,2,r,r,3.0,Non-Congested,Congested,1
cluster_2461880136_4910664147_50607912_8131882097,0,4,0,0,r,y,1.0,Non-Congested,Non-Congested,0
132200274,0,5,0,4,G,r,2.0,Non-Congested,Congested,1
181747232,1,1,0,0,r,G,2.0,Non-Congested,Non-Congested,0
47217361,0,2,0,0,r,r,4.0,Non-Congested,Non-Congested,0
cluster_1420096799_47154676,1,0,1,0,r,G,4.0,Non-Congested,Non-Congested,0
cluster_2461783448_38980632_5243070374,9,9,8,9,G,r,4.0,Congested,Non-Congested,2
cluster_2461880040_2461880142_8131892137,0,2,0,2,r,r,2.0,Non-Congested,Congested,1
cluster_2461880136_4910664147_50607912_8131882097,0,3,0,0,r,y,0.0,Non-Congested,Non-Congested,0
132200274,0,5,0,4,G,r,1.0,Non-Congested,Congested,1
181747232,1,1,0,0,r,G,1.0,Non-Congested,Non-Congested,0
47217361,0,2,0,0,r,r,3.0,Non-Congested,Non-Congested,0
cluster_1420096799_47154676,1,0,1,0,r,G,3.0,Non-Congested,Non-Congested,0
cluster_2461783448_38980632_5243070374,8,9,7,9,G,r,3.0,Congested,Non-Congested,2
cluster_2461880040_2461880142_8131892137,0,2,0,2,r,r,1.0,Non-Congested,Congested,1
cluster_2461880136_4910664147_50607912_8131882097,0,2,0,0,r,r,0.0,Non-Congested,Non-Congested,0
132200274,0,6,0,4,G,r,0.0,Non-Congested,Congested,1
181747232,1,1,1,1,r,G,0.0,Non-Congested,Non-Congested,0
47217361,0,2,0,0,r,r,2.0,Non-Congested,Non-Congested,0
cluster_1420096799_47154676,1,0,1,0,r,G,2.0,Non-Congested,Non-Congested,0
cluster_2455590523_389713_47212064,0,1,0,0,r,G,1.0,Non-Congested,Non-Congested,0
cluster_2461783448_38980632_5243070374,8,9,6,9,G,r,2.0,Non-Congested,Non-Congested,0
cluster_2461880040_2461880142_8131892137,0,2,0,2,r,r,0.0,Non-Congested,Congested,1
cluster_2461880136_4910664147_50607912_8131882097,0,2,0,0,G,r,4.0,Non-Congested,Non-Congested,0
132200274,0,6,0,4,y,r,2.0,Non-Congested,Congested,1
181747232,1,1,1,1,r,y,3.0,Non-Congested,Non-Congested,0
47217361,0,2,0,1,r,r,1.0,Non-Congested,Non-Congested,0
cluster_1420096799_47154676,1,0,1,0,r,G,1.0,Non-Congested,Non-Congested,0
cluster_2455590523_389713_47212064,0,2,0,0,r,G,0.0,Non-Congested,Non-Congested,0
cluster_2461783448_38980632_5243070374,8,9,5,9,G,r,1.0,Non-Congested,Non-Congested,0
cluster_2461880040_2461880142_8131892137,0,2,0,2,G,r,4.0,Non-Congested,Congested,1
cluster_2461880136_4910664147_50607912_8131882097,0,2,0,0,G,r,3.0,Non-Congested,Non-Congested,0
132200274,0,6,0,5,y,r,1.0,Non-Congested,Congested,1
181747232,1,1,1,1,r,y,2.0,Non-Congested,Non-Congested,0
47217361,0,2,0,1,r,r,0.0,Non-Congested,Non-Congested,0
cluster_1420096799_47154676,1,0,1,0,r,G,0.0,Non-Congested,Non-Congested,0
cluster_2455590523_389713_47212064,0,1,0,0,r,G,1.0,Non-Congested,Non-Congested,0
cluster_2461783448_38980632_5243070374,8,9,4,9,G,r,0.0,Non-Congested,Non-Congested,0
cluster_2461880040_2461880142_8131892137,0,2,0,2,G,r,3.0,Non-Congested,Congested,1
cluster_2461880136_4910664147_50607912_8131882097,0,2,0,0,G,r,2.0,Non-Congested,Non-Congested,0
132200274,0,6,0,5,y,r,0.0,Non-Congested,Congested,1
181747232,1,1,1,1,r,y,1.0,Non-Congested,Non-Congested,0
47217361,0,3,0,1,r,r,2.0,Non-Congested,Non-Congested,0
cluster_1420096799_47154676,1,0,1,0,r,G,1.0,Non-Congested,Non-Congested,0
cluster_2455590523_389713_47212064,0,1,0,0,r,G,0.0,Non-Congested,Non-Congested,0
cluster_2461783448_38980632_5243070374,7,9,3,9,G,r,1.0,Non-Congested,Non-Congested,4
cluster_2461880040_2461880142_8131892137,0,2,0,2,G,r,2.0,Non-Congested,Congested,1
cluster_2461880136_4910664147_50607912_8131882097,0,2,0,0,G,r,1.0,Non-Congested,Non-Congested,0
132200274,0,5,0,4,r,G,4.0,Non-Congested,Congested,2
181747232,1,1,1,1,r,y,0.0,Non-Congested,Non-Congested,0
47217361,0,3,0,1,r,r,1.0,Non-Congested,Non-Congested,0
cluster_1420096799_47154676,1,0,1,0,r,G,0.0,Non-Congested,Non-Congested,0
cluster_2455590523_389713_47212064,1,1,1,0,r,G,0.0,Congested,Non-Congested,1
cluster_2461783448_38980632_5243070374,7,9,2,9,G,r,0.0,Non-Congested,Non-Congested,4
cluster_2461880040_2461880142_8131892137,0,2,0,2,G,r,1.0,Non-Congested,Congested,1
cluster_2461880136_4910664147_50607912_8131882097,0,1,0,0,G,r,0.0,Non-Congested,Non-Congested,0
132200274,0,5,0,4,r,G,3.0,Non-Congested,Congested,2
181747232,1,1,1,1,G,r,6.0,Non-Congested,Non-Congested,0
47217361,0,3,0,1,r,r,0.0,Non-Congested,Non-Congested,0
cluster_1420096799_47154676,1,0,1,0,r,G,0.0,Non-Congested,Non-Congested,0
cluster_2461783448_38980632_5243070374,6,9,2,9,G,r,1.0,Non-Congested,Non-Congested,4
cluster_2461880040_2461880142_8131892137,0,2,0,2,G,r,0.0,Non-Congested,Congested,1
cluster_2461880136_4910664147_50607912_8131882097,0,1,0,0,y,r,2.0,Non-Congested,Non-Congested,0
132200274,0,5,0,4,r,G,2.0,Non-Congested,Congested,2
181747232,2,1,1,1,G,r,5.0,Non-Congested,Non-Congested,0
47217361,0,2,0,1,r,G,4.0,Non-Congested,Non-Congested,0
cluster_1420096799_47154676,1,0,1,0,r,y,3.0,Non-Congested,Non-Congested,0
cluster_2455590523_389713_47212064,0,1,0,0,r,y,3.0,Congested,Non-Congested,1
cluster_2461783448_38980632_5243070374,7,9,2,9,G,r,0.0,Non-Congested,Non-Congested,4
cluster_2461880040_2461880142_8131892137,0,2,0,2,y,r,4.0,Non-Congested,Congested,1
cluster_2461880136_4910664147_50607912_8131882097,0,1,0,0,y,r,1.0,Non-Congested,Non-Congested,0
132200274,0,6,0,4,r,G,1.0,Non-Congested,Congested,2
181747232,2,1,1,1,G,r,4.0,Non-Congested,Non-Congested,0
47217361,0,2,0,0,r,G,3.0,Non-Congested,Non-Congested,0
cluster_1420096799_47154676,1,0,1,0,r,y,2.0,Non-Congested,Non-Congested,0
cluster_2455590523_389713_47212064,0,1,0,0,r,y,2.0,Congested,Non-Congested,1
cluster_2461783448_38980632_5243070374,7,9,2,9,G,r,1.0,Non-Congested,Non-Congested,4
cluster_2461880040_2461880142_8131892137,0,2,0,2,y,r,3.0,Non-Congested,Congested,1
132200274,0,5,0,4,r,G,0.0,Non-Congested,Congested,2
181747232,2,1,1,1,G,r,3.0,Non-Congested,Non-Congested,0
47217361,0,2,0,0,r,G,2.0,Non-Congested,Non-Congested,0
cluster_1420096799_47154676,1,0,1,0,r,y,1.0,Non-Congested,Non-Congested,0
cluster_2461783448_38980632_5243070374,5,9,2,9,G,r,0.0,Non-Congested,Non-Congested,4
cluster_2461880040_2461880142_8131892137,0,2,0,2,y,r,2.0,Non-Congested,Congested,1
132200274,0,5,0,4,r,y,2.0,Non-Congested,Congested,1
181747232,2,1,1,1,G,r,2.0,Non-Congested,Non-Congested,0
47217361,0,3,0,0,r,G,1.0,Non-Congested,Non-Congested,0
cluster_1420096799_47154676,1,0,1,0,r,y,0.0,Non-Congested,Non-Congested,0
cluster_2455590523_389713_47212064,0,1,0,0,r,y,0.0,Non-Congested,Non-Congested,0
cluster_2461783448_38980632_5243070374,6,9,2,9,G,r,0.0,Non-Congested,Non-Congested,4
cluster_2461880040_2461880142_8131892137,0,2,0,2,y,r,1.0,Non-Congested,Congested,1
132200274,0,5,0,5,r,y,1.0,Non-Congested,Congested,1
181747232,2,1,1,1,G,r,1.0,Non-Congested,Non-Congested,0
47217361,0,2,0,0,r,G,0.0,Non-Congested,Non-Congested,0
cluster_2455590523_389713_47212064,0,1,0,0,G,r,4.0,Non-Congested,Congested,1
cluster_2461783448_38980632_5243070374,6,9,2,9,y,r,4.0,Non-Congested,Non-Congested,4
cluster_2461880040_2461880142_8131892137,0,2,0,2,y,r,0.0,Non-Congested,Congested,1
132200274,0,6,0,5,r,y,0.0,Non-Congested,Congested,1
181747232,2,1,1,1,G,r,0.0,Non-Congested,Non-Congested,0
47217361,0,1,0,0,r,y,2.0,Non-Congested,Non-Congested,0
cluster_2461783448_38980632_5243070374,5,9,2,9,y,r,3.0,Non-Congested,Non-Congested,4
cluster_2461880040_2461880142_8131892137,0,1,0,1,r,G,9.0,Non-Congested,Congested,2
132200274,0,6,0,5,G,r,4.0,Non-Congested,Congested,1
181747232,2,1,1,1,y,r,3.0,Non-Congested,Non-Congested,0
47217361,0,1,0,0,r,y,1.0,Non-Congested,Non-Congested,0
cluster_1420096799_47154676,0,1,0,0,G,r,4.0,Non-Congested,Non-Congested,0
cluster_2461783448_38980632_5243070374,5,9,2,9,y,r,2.0,Non-Congested,Non-Congested,4
cluster_2461880040_2461880142_8131892137,0,1,0,0,r,G,8.0,Non-Congested,Congested,2
132200274,0,6,0,5,G,r,3.0,Non-Congested,Congested,1
181747232,2,1,1,1,y,r,2.0,Non-Congested,Non-Congested,0
47217361,0,2,0,0,r,y,0.0,Non-Congested,Non-Congested,0
cluster_1420096799_47154676,1,1,0,0,G,r,3.0,Non-Congested,Non-Congested,0
cluster_2461783448_38980632_5243070374,4,9,3,9,y,r,1.0,Non-Congested,Non-Congested,4
cluster_2461880040_2461880142_8131892137,0,1,0,0,r,G,7.0,Non-Congested,Non-Congested,0
132200274,0,6,0,6,G,r,2.0,Non-Congested,Congested,5
181747232,2,1,1,1,y,r,1.0,Non-Congested,Non-Congested,0
47217361,0,2,0,0,G,r,4.0,Non-Congested,Non-Congested,0
cluster_1420096799_47154676,1,1,0,0,G,r,2.0,Non-Congested,Non-Congested,0
cluster_2461783448_38980632_5243070374,4,9,3,9,y,r,0.0,Non-Congested,Non-Congested,4
cluster_2461880040_2461880142_8131892137,0,1,0,0,r,G,6.0,Non-Congested,Non-Congested,0
132200274,0,6,0,6,G,r,1.0,Non-Congested,Congested,5
181747232,2,1,1,1,y,r,0.0,Non-Congested,Non-Congested,0
47217361,0,1,0,0,G,r,3.0,Non-Congested,Non-Congested,0
cluster_1420096799_47154676,2,1,0,0,G,r,1.0,Non-Congested,Non-Congested,0
cluster_2461783448_38980632_5243070374,3,8,2,8,r,G,4.0,Non-Congested,Non-Congested,4
cluster_2461880040_2461880142_8131892137,0,2,0,0,r,G,5.0,Non-Congested,Non-Congested,0
132200274,0,6,0,6,G,r,0.0,Non-Congested,Congested,5
181747232,2,1,1,1,r,G,6.0,Non-Congested,Non-Congested,0
47217361,0,1,0,0,G,r,2.0,Non-Congested,Non-Congested,0
cluster_1420096799_47154676,1,1,0,0,G,r,0.0,Congested,Non-Congested,2
cluster_2461783448_38980632_5243070374,2,8,1,7,r,G,3.0,Non-Congested,Non-Congested,4
cluster_2461880040_2461880142_8131892137,0,1,0,0,r,G,4.0,Non-Congested,Non-Congested,0
132200274,0,5,0,5,y,r,2.0,Non-Congested,Congested,1
181747232,2,1,1,1,r,G,5.0,Non-Congested,Non-Congested,0
47217361,0,1,0,0,G,r,1.0,Non-Congested,Non-Congested,0
cluster_1420096799_47154676,2,1,0,0,G,r,1.0,Congested,Non-Congested,2
cluster_2455590523_389713_47212064,0,2,0,0,y,r,3.0,Non-Congested,Non-Congested,0
cluster_2461783448_38980632_5243070374,2,8,1,6,r,G,2.0,Non-Congested,Non-Congested,0
cluster_2461880040_2461880142_8131892137,1,2,0,0,r,G,3.0,Non-Congested,Non-Congested,0
cluster_59665162_8742497506,1,0,0,0,r,G,0.0,Non-Congested,Non-Congested,0
132200274,0,5,0,4,y,r,1.0,Non-Congested,Congested,1
181747232,2,1,1,1,r,G,4.0,Non-Congested,Non-Congested,0
47217361,0,1,0,0,G,r,0.0,Non-Congested,Non-Congested,0
cluster_1420096799_47154676,0,1,0,0,G,r,0.0,Congested,Non-Congested,2
cluster_2455590523_389713_47212064,0,2,0,0,y,r,2.0,Non-Congested,Congested,1
cluster_2461783448_38980632_5243070374,2,8,1,5,r,G,1.0,Non-Congested,Non-Congested,0
cluster_2461880040_2461880142_8131892137,1,2,0,0,r,G,2.0,Non-Congested,Non-Congested,0
cluster_59665162_8742497506,1,0,1,0,r,y,2.0,Non-Congested,Non-Congested,0
132200274,0,5,0,4,y,r,0.0,Non-Congested,Congested,1
181747232,2,1,1,1,r,G,3.0,Non-Congested,Non-Congested,0
47217361,0,1,0,0,y,r,2.0,Non-Congested,Non-Congested,0
cluster_1420096799_47154676,0,1,0,0,G,r,0.0,Non-Congested,Non-Congested,0
cluster_2455590523_389713_47212064,0,2,0,1,y,r,1.0,Non-Congested,Congested,1
cluster_2461783448_38980632_5243070374,2,8,1,5,r,G,0.0,Non-Congested,Non-Congested,0
cluster_2461880040_2461880142_8131892137,1,1,0,0,r,G,1.0,Non-Congested,Non-Congested,0
cluster_59665162_8742497506,1,0,1,0,r,y,1.0,Non-Congested,Non-Congested,0
132200274,0,5,0,4,r,G,4.0,Non-Congested,Congested,2
181747232,2,1,1,1,r,G,2.0,Non-Congested,Non-Congested,0
cluster_1420096799_47154676,0,2,0,0,G,r,0.0,Non-Congested,Non-Congested,0
cluster_2455590523_389713_47212064,0,1,0,1,y,r,0.0,Non-Congested,Congested,1
cluster_2461783448_38980632_5243070374,1,8,1,4,r,G,1.0,Non-Congested,Non-Congested,0
cluster_2461880040_2461880142_8131892137,2,2,0,0,r,G,0.0,Non-Congested,Non-Congested,0
cluster_59665162_8742497506,1,0,1,0,r,y,0.0,Non-Congested,Non-Congested,0
132200274,0,4,0,4,r,G,3.0,Non-Congested,Congested,2
181747232,2,1,1,1,r,G,1.0,Non-Congested,Non-Congested,0
cluster_1420096799_47154676,0,2,0,0,y,r,3.0,Non-Congested,Non-Congested,0
cluster_2455590523_389713_47212064,0,1,0,1,r,r,6.0,Non-Congested,Congested,1
cluster_2461783448_38980632_5243070374,2,8,1,4,r,G,0.0,Non-Congested,Non-Congested,0
cluster_2461880040_2461880142_8131892137,2,3,0,0,r,y,4.0,Non-Congested,Non-Congested,0
cluster_59665162_8742497506,1,0,0,0,G,r,4.0,Congested,Non-Congested,2
132200274,0,4,0,4,r,G,2.0,Non-Congested,Congested,2
181747232,2,1,1,1,r,G,0.0,Non-Congested,Non-Congested,0
cluster_1420096799_47154676,0,2,0,0,y,r,2.0,Non-Congested,Non-Congested,0
cluster_2455590523_389713_47212064,0,1,0,1,r,r,5.0,Non-Congested,Congested,1
cluster_2461783448_38980632_5243070374,3,8,1,5,r,G,1.0,Non-Congested,Non-Congested,0
cluster_2461880040_2461880142_8131892137,3,4,0,0,r,y,3.0,Non-Congested,Non-Congested,0
132200274,0,4,0,4,r,G,1.0,Non-Congested,Congested,2
181747232,2,1,1,1,r,y,3.0,Non-Congested,Non-Congested,0
cluster_1420096799_47154676,0,2,0,0,y,r,1.0,Non-Congested,Non-Congested,0
cluster_2455590523_389713_47212064,0,1,0,1,r,r,4.0,Non-Congested,Congested,1
cluster_2461783448_38980632_5243070374,3,8,1,5,r,G,0.0,Non-Congested,Non-Congested,0
cluster_2461880040_2461880142_8131892137,3,4,0,0,r,y,2.0,Non-Congested,Non-Congested,0
132200274,0,4,0,4,r,G,0.0,Non-Congested,Congested,2
181747232,2,1,1,1,r,y,2.0,Non-Congested,Non-Congested,0
cluster_1420096799_47154676,0,2,0,0,y,r,0.0,Non-Congested,Non-Congested,0
cluster_2455590523_389713_47212064,0,1,0,1,r,r,3.0,Non-Congested,Congested,1
cluster_2461783448_38980632_5243070374,5,8,1,5,r,G,1.0,Non-Congested,Non-Congested,0
cluster_2461880040_2461880142_8131892137,3,4,0,0,r,y,1.0,Non-Congested,Non-Congested,0
132200274,0,4,0,4,r,y,2.0,Non-Congested,Congested,1
181747232,2,1,1,1,r,y,1.0,Non-Congested,Non-Congested,0
cluster_1420096799_47154676,0,2,0,0,r,r,6.0,Non-Congested,Non-Congested,0
cluster_2455590523_389713_47212064,0,2,0,1,r,r,2.0,Non-Congested,Congested,1
cluster_2461783448_38980632_5243070374,5,8,1,6,r,G,0.0,Non-Congested,Non-Congested,0
cluster_2461880040_2461880142_8131892137,2,3,0,0,r,y,0.0,Non-Congested,Non-Congested,0
cluster_59665162_8742497506,1,0,0,0,G,r,0.0,Congested,Non-Congested,2
132200274,0,4,0,4,r,y,1.0,Non-Congested,Congested,1
181747232,2,1,1,1,r,y,0.0,Non-Congested,Non-Congested,0
cluster_1420096799_47154676,0,2,0,1,r,r,5.0,Non-Congested,Non-Congested,0
cluster_2455590523_389713_47212064,0,2,0,1,r,r,1.0,Non-Congested,Congested,1
cluster_2461783448_38980632_5243070374,4,8,1,5,r,G,1.0,Non-Congested,Non-Congested,0
cluster_2461880040_2461880142_8131892137,2,4,0,0,r,r,4.0,Non-Congested,Non-Congested,0
132200274,0,4,0,4,r,y,0.0,Non-Congested,Congested,1
181747232,2,1,1,1,G,r,6.0,Non-Congested,Non-Congested,0
47217361,0,1,0,0,r,r,2.0,Non-Congested,Non-Congested,0
cluster_1420096799_47154676,0,2,0,1,r,r,4.0,Non-Congested,Non-Congested,0
cluster_2455590523_389713_47212064,0,1,0,1,r,r,0.0,Non-Congested,Congested,1
cluster_2461783448_38980632_5243070374,4,8,1,7,r,G,0.0,Non-Congested,Non-Congested,4
cluster_2461880040_2461880142_8131892137,2,4,0,1,r,r,3.0,Non-Congested,Congested,1
132200274,0,4,0,4,G,r,4.0,Non-Congested,Congested,1
181747232,2,1,1,1,G,r,5.0,Non-Congested,Non-Congested,0
47217361,0,1,0,0,r,r,1.0,Non-Congested,Non-Congested,0
cluster_1420096799_47154676,0,2,0,1,r,r,3.0,Non-Congested,Non-Congested,0
cluster_2455590523_389713_47212064,0,1,0,1,r,r,3.0,Non-Congested,Congested,1
cluster_2461783448_38980632_5243070374,5,8,1,7,r,G,1.0,Non-Congested,Non-Congested,4
cluster_2461880040_2461880142_8131892137,1,3,0,1,r,r,2.0,Non-Congested,Congested,1
132200274,0,4,0,4,G,r,3.0,Non-Congested,Congested,1
181747232,2,1,1,1,G,r,4.0,Non-Congested,Non-Congested,0
47217361,0,1,0,0,r,r,0.0,Non-Congested,Non-Congested,0
cluster_1420096799_47154676,0,2,0,1,r,r,2.0,Non-Congested,Non-Congested,0
cluster_2455590523_389713_47212064,0,1,0,1,r,r,2.0,Non-Congested,Congested,1
cluster_2461783448_38980632_5243070374,5,8,1,7,r,G,0.0,Non-Congested,Non-Congested,4
cluster_2461880040_2461880142_8131892137,0,2,0,1,r,r,1.0,Non-Congested,Congested,1
132200274,0,4,0,4,G,r,2.0,Non-Congested,Congested,1
181747232,2,1,1,1,G,r,3.0,Non-Congested,Non-Congested,0
47217361,0,2,0,0,r,G,4.0,Non-Congested,Non-Congested,0
cluster_1420096799_47154676,0,2,0,1,r,r,1.0,Non-Congested,Non-Congested,0
cluster_2455590523_389713_47212064,1,1,0,1,r,r,1.0,Non-Congested,Congested,1
cluster_2461783448_38980632_5243070374,5,8,2,8,r,G,1.0,Non-Congested,Non-Congested,4
cluster_2461880040_2461880142_8131892137,0,2,0,2,r,r,0.0,Non-Congested,Congested,1
132200274,0,4,0,4,G,r,1.0,Non-Congested,Congested,1
181747232,2,1,1,1,G,r,2.0,Non-Congested,Non-Congested,0
47217361,0,2,0,0,r,G,3.0,Non-Congested,Non-Congested,0
cluster_1420096799_47154676,0,1,0,1,r,r,0.0,Non-Congested,Non-Congested,0
cluster_2455590523_389713_47212064,0,1,0,1,r,r,0.0,Congested,Congested,3
cluster_2461783448_38980632_5243070374,5,8,2,8,r,G,0.0,Non-Congested,Non-Congested,4
cluster_2461880040_2461880142_8131892137,0,2,0,2,r,r,1.0,Non-Congested,Congested,1
cluster_59665162_8742497506,1,0,0,0,G,r,1.0,Non-Congested,Non-Congested,0
132200274,0,4,0,4,G,r,0.0,Non-Congested,Congested,1
181747232,1,1,1,1,G,r,1.0,Non-Congested,Non-Congested,0
47217361,0,2,0,0,r,G,2.0,Non-Congested,Non-Congested,0
cluster_1420096799_47154676,0,1,0,1,r,r,3.0,Non-Congested,Non-Congested,0
cluster_2455590523_389713_47212064,0,1,0,0,r,G,4.0,Non-Congested,Congested,2
cluster_2461783448_38980632_5243070374,6,8,2,8,r,G,1.0,Non-Congested,Non-Congested,4
cluster_2461880040_2461880142_8131892137,0,2,0,2,r,r,0.0,Non-Congested,Congested,1
132200274,0,4,0,4,y,r,2.0,Non-Congested,Congested,1
181747232,2,2,1,1,G,r,0.0,Non-Congested,Non-Congested,0
47217361,0,2,0,0,r,G,1.0,Non-Congested,Non-Congested,0
cluster_1420096799_47154676,0,1,0,1,r,r,2.0,Non-Congested,Non-Congested,0
cluster_2455590523_389713_47212064,0,1,0,1,r,G,3.0,Non-Congested,Congested,2
cluster_2461783448_38980632_5243070374,5,8,3,8,r,G,0.0,Non-Congested,Non-Congested,0
cluster_2461880040_2461880142_8131892137,0,2,0,2,r,r,1.0,Non-Congested,Congested,1
132200274,0,4,0,4,y,r,1.0,Non-Congested,Congested,1
181747232,2,2,1,1,y,r,3.0,Non-Congested,Non-Congested,0
47217361,0,2,0,0,r,G,0.0,Non-Congested,Non-Congested,0
cluster_1420096799_47154676,0,1,0,1,r,r,1.0,Non-Congested,Non-Congested,0
cluster_2455590523_389713_47212064,0,1,0,1,r,G,2.0,Non-Congested,Congested,2
cluster_2461783448_38980632_5243070374,6,8,3,8,r,G,1.0,Non-Congested,Non-Congested,0
cluster_2461880040_2461880142_8131892137,0,2,0,2,r,r,0.0,Non-Congested,Congested,1
132200274,0,4,0,4,y,r,0.0,Non-Congested,Congested,1
181747232,2,2,1,1,y,r,2.0,Non-Congested,Non-Congested,0
47217361,0,1,0,0,r,y,2.0,Non-Congested,Non-Congested,0
cluster_1420096799_47154676,0,1,0,1,r,r,0.0,Non-Congested,Non-Congested,0
cluster_2455590523_389713_47212064,0,1,0,1,r,G,1.0,Non-Congested,Congested,2
cluster_2461783448_38980632_5243070374,5,8,4,8,r,G,0.0,Non-Congested,Non-Congested,0
cluster_2461880040_2461880142_8131892137,0,2,0,2,r,r,1.0,Non-Congested,Congested,1
132200274,0,4,0,4,r,G,4.0,Non-Congested,Congested,2
181747232,2,2,1,1,y,r,1.0,Non-Congested,Non-Congested,0
47217361,0,1,0,0,r,y,1.0,Non-Congested,Non-Congested,0
cluster_1420096799_47154676,0,1,0,1,r,G,6.0,Non-Congested,Non-Congested,0
cluster_2455590523_389713_47212064,0,1,0,1,r,G,0.0,Non-Congested,Congested,2
cluster_2461783448_38980632_5243070374,6,8,4,8,r,G,1.0,Non-Congested,Non-Congested,0
cluster_2461880040_2461880142_8131892137,0,2,0,2,r,r,0.0,Non-Congested,Congested,1
132200274,0,4,0,4,r,G,3.0,Non-Congested,Congested,2
181747232,2,2,0,0,y,r,0.0,Non-Congested,Non-Congested,0
47217361,0,1,0,0,r,y,0.0,Non-Congested,Non-Congested,0
cluster_1420096799_47154676,0,1,0,0,r,G,5.0,Non-Congested,Non-Congested,0
cluster_2455590523_389713_47212064,0,1,0,1,r,y,3.0,Non-Congested,Congested,1
cluster_2461783448_38980632_5243070374,6,8,4,8,r,G,0.0,Non-Congested,Non-Congested,0
cluster_2461880040_2461880142_8131892137,0,2,0,2,r,r,1.0,Non-Congested,Congested,1
132200274,0,5,0,5,r,G,2.0,Non-Congested,Congested,2
181747232,1,1,0,0,r,G,6.0,Non-Congested,Non-Congested,0
47217361,0,1,0,0,G,r,4.0,Non-Congested,Non-Congested,0
cluster_2455590523_389713_47212064,0,1,0,1,r,y,2.0,Non-Congested,Congested,1
cluster_2461783448_38980632_5243070374,7,8,4,8,r,G,1.0,Non-Congested,Non-Congested,0
cluster_2461880040_2461880142_8131892137,0,2,0,2,r,r,0.0,Non-Congested,Congested,1
132200274,0,5,0,4,r,G,1.0,Non-Congested,Congested,2
181747232,1,1,0,0,r,G,5.0,Non-Congested,Non-Congested,0
47217361,0,1,0,0,G,r,3.0,Non-Congested,Non-Congested,0
cluster_2455590523_389713_47212064,1,1,0,1,r,y,1.0,Non-Congested,Congested,1
cluster_2461783448_38980632_5243070374,8,8,4,7,r,G,0.0,Congested,Non-Congested,1
cluster_2461880040_2461880142_8131892137,0,2,0,2,r,r,1.0,Non-Congested,Congested,1
cluster_2461880136_4910664147_50607912_8131882097,0,1,0,0,y,r,2.0,Non-Congested,Non-Congested,0
132200274,0,5,0,4,r,G,0.0,Non-Congested,Congested,2
47217361,0,1,0,0,G,r,2.0,Non-Congested,Non-Congested,0
cluster_2455590523_389713_47212064,1,1,0,1,r,y,0.0,Non-Congested,Congested,1
cluster_2461783448_38980632_5243070374,7,8,5,6,r,G,1.0,Congested,Non-Congested,1
cluster_2461880040_2461880142_8131892137,0,2,0,2,r,r,0.0,Non-Congested,Congested,1
cluster_2461880136_4910664147_50607912_8131882097,0,1,0,0,y,r,1.0,Non-Congested,Non-Congested,0
132200274,0,5,0,4,r,G,1.0,Non-Congested,Congested,2
47217361,0,2,0,0,G,r,1.0,Non-Congested,Non-Congested,0
cluster_1420096799_47154676,1,0,0,0,r,G,1.0,Non-Congested,Non-Congested,0
cluster_2455590523_389713_47212064,1,1,0,1,G,r,4.0,Non-Congested,Congested,1
cluster_2461783448_38980632_5243070374,7,8,5,5,r,G,0.0,Congested,Non-Congested,1
cluster_2461880040_2461880142_8131892137,0,2,0,2,r,r,1.0,Non-Congested,Congested,1
cluster_2461880136_4910664147_50607912_8131882097,0,2,0,0,y,r,0.0,Non-Congested,Non-Congested,0
132200274,0,5,0,4,r,G,0.0,Non-Congested,Congested,2
47217361,0,2,0,0,G,r,0.0,Non-Congested,Non-Congested,0
cluster_1420096799_47154676,1,0,0,0,r,G,0.0,Non-Congested,Non-Congested,0
cluster_2455590523_389713_47212064,1,1,0,1,G,r,3.0,Non-Congested,Congested,1
cluster_2461783448_38980632_5243070374,7,7,6,4,r,G,1.0,Congested,Non-Congested,1
cluster_2461880040_2461880142_8131892137,0,2,0,2,r,r,0.0,Non-Congested,Congested,1
cluster_2461880136_4910664147_50607912_8131882097,0,2,0,0,r,G,4.0,Non-Congested,Non-Congested,0
132200274,0,5,0,4,r,G,0.0,Non-Congested,Congested,2
47217361,0,2,0,0,y,r,2.0,Non-Congested,Non-Congested,0
cluster_1420096799_47154676,1,0,0,0,r,y,3.0,Non-Congested,Non-Congested,0
cluster_2455590523_389713_47212064,0,1,0,1,G,r,2.0,Non-Congested,Congested,1
cluster_2461783448_38980632_5243070374,6,7,6,3,r,G,0.0,Congested,Non-Congested,1
cluster_2461880040_2461880142_8131892137,0,2,0,2,r,r,1.0,Non-Congested,Congested,1
cluster_2461880136_4910664147_50607912_8131882097,0,3,0,0,r,G,3.0,Non-Congested,Non-Congested,0
132200274,0,5,0,4,r,G,0.0,Non-Congested,Congested,2
47217361,0,2,0,0,y,r,1.0,Non-Congested,Non-Congested,0
cluster_1420096799_47154676,1,0,0,0,r,y,2.0,Non-Congested,Non-Congested,0
cluster_2455590523_389713_47212064,0,1,0,1,G,r,1.0,Non-Congested,Congested,1
cluster_2461783448_38980632_5243070374,6,7,6,2,r,G,1.0,Congested,Non-Congested,1
cluster_2461880040_2461880142_8131892137,0,2,0,2,r,r,0.0,Non-Congested,Congested,1
cluster_2461880136_4910664147_50607912_8131882097,0,3,0,0,r,G,2.0,Non-Congested,Non-Congested,0
132200274,0,5,0,4,r,y,2.0,Non-Congested,Congested,1
47217361,0,2,0,0,y,r,0.0,Non-Congested,Non-Congested,0
cluster_1420096799_47154676,1,0,0,0,r,y,1.0,Non-Congested,Non-Congested,0
cluster_2455590523_389713_47212064,0,1,0,1,G,r,0.0,Non-Congested,Congested,1
cluster_2461783448_38980632_5243070374,7,7,6,2,r,G,0.0,Congested,Non-Congested,1
cluster_2461880040_2461880142_8131892137,0,2,0,2,r,r,1.0,Non-Congested,Congested,1
cluster_2461880136_4910664147_50607912_8131882097,0,3,0,0,r,G,1.0,Non-Congested,Non-Congested,0
132200274,0,5,0,5,r,y,1.0,Non-Congested,Congested,1
47217361,0,2,0,0,r,r,4.0,Non-Congested,Non-Congested,0
cluster_1420096799_47154676,0,1,0,1,r,y,0.0,Non-Congested,Non-Congested,0
cluster_2455590523_389713_47212064,0,1,0,1,y,r,3.0,Non-Congested,Congested,1
cluster_2461783448_38980632_5243070374,7,7,6,1,r,G,1.0,Congested,Non-Congested,1
cluster_2461880040_2461880142_8131892137,0,2,0,2,r,r,0.0,Non-Congested,Congested,1
cluster_2461880136_4910664147_50607912_8131882097,0,2,0,0,r,G,0.0,Non-Congested,Non-Congested,0
132200274,0,5,0,5,r,y,0.0,Non-Congested,Congested,1
47217361,0,2,0,1,r,r,3.0,Non-Congested,Non-Congested,0
cluster_1420096799_47154676,0,1,0,0,G,r,6.0,Non-Congested,Non-Congested,0
cluster_2455590523_389713_47212064,0,1,0,1,y,r,2.0,Non-Congested,Congested,1
cluster_2461783448_38980632_5243070374,7,7,6,1,r,G,0.0,Congested,Non-Congested,1
cluster_2461880040_2461880142_8131892137,0,2,0,2,r,r,1.0,Non-Congested,Congested,1
cluster_2461880136_4910664147_50607912_8131882097,0,2,0,0,r,G,0.0,Non-Congested,Non-Congested,0
132200274,0,5,0,5,G,r,4.0,Non-Congested,Congested,1
47217361,0,2,0,1,r,r,2.0,Non-Congested,Non-Congested,0
cluster_1420096799_47154676,0,1,0,0,G,r,5.0,Non-Congested,Non-Congested,0
cluster_2455590523_389713_47212064,0,1,0,1,y,r,1.0,Non-Congested,Congested,1
cluster_2461783448_38980632_5243070374,7,7,6,1,r,G,1.0,Congested,Non-Congested,1
cluster_2461880040_2461880142_8131892137,0,2,0,2,r,r,0.0,Non-Congested,Congested,1
cluster_2461880136_4910664147_50607912_8131882097,0,2,0,0,r,G,1.0,Non-Congested,Non-Congested,0
132200274,0,5,0,5,G,r,3.0,Non-Congested,Congested,1
47217361,0,2,0,1,r,r,1.0,Non-Congested,Non-Congested,0
cluster_1420096799_47154676,0,1,0,0,G,r,4.0,Non-Congested,Non-Congested,0
cluster_2455590523_389713_47212064,0,2,0,1,y,r,0.0,Non-Congested,Congested,1
cluster_2461783448_38980632_5243070374,7,7,6,2,r,G,0.0,Congested,Non-Congested,1
cluster_2461880040_2461880142_8131892137,0,2,0,2,r,r,1.0,Non-Congested,Congested,1
cluster_2461880136_4910664147_50607912_8131882097,0,2,0,0,r,G,0.0,Non-Congested,Non-Congested,0
cluster_59665162_8742497506,1,0,0,0,G,r,1.0,Congested,Non-Congested,2
132200274,0,5,0,5,G,r,2.0,Non-Congested,Congested,1
47217361,0,2,0,1,r,r,0.0,Non-Congested,Non-Congested,0
cluster_1420096799_47154676,0,1,0,0,G,r,3.0,Non-Congested,Non-Congested,0
cluster_2455590523_389713_47212064,0,2,0,1,r,r,6.0,Non-Congested,Congested,1
cluster_2461783448_38980632_5243070374,6,7,6,3,r,G,1.0,Congested,Non-Congested,1
cluster_2461880040_2461880142_8131892137,0,2,0,2,r,r,0.0,Non-Congested,Congested,1
cluster_2461880136_4910664147_50607912_8131882097,1,3,0,0,r,G,1.0,Non-Congested,Non-Congested,0
132200274,0,5,0,5,G,r,1.0,Non-Congested,Congested,1
47217361,0,2,0,1,r,r,2.0,Non-Congested,Non-Congested,0
cluster_1420096799_47154676,1,1,1,0,G,r,2.0,Congested,Non-Congested,2
cluster_2455590523_389713_47212064,0,1,0,1,r,r,5.0,Non-Congested,Congested,1
cluster_2461783448_38980632_5243070374,6,7,6,4,r,G,0.0,Congested,Non-Congested,1
cluster_2461880040_2461880142_8131892137,0,2,0,2,r,r,1.0,Non-Congested,Congested,1
cluster_2461880136_4910664147_50607912_8131882097,2,3,0,0,r,G,0.0,Congested,Non-Congested,1
132200274,0,5,0,5,G,r,0.0,Non-Congested,Congested,1
47217361,0,2,0,1,r,r,1.0,Non-Congested,Non-Congested,0
cluster_1420096799_47154676,1,1,0,0,G,r,1.0,Congested,Non-Congested,2
cluster_2455590523_389713_47212064,0,1,0,1,r,r,4.0,Non-Congested,Congested,1
cluster_2461783448_38980632_5243070374,6,7,6,5,r,G,1.0,Congested,Non-Congested,1
cluster_2461880040_2461880142_8131892137,0,2,0,2,r,r,0.0,Non-Congested,Congested,1
cluster_2461880136_4910664147_50607912_8131882097,2,2,0,0,r,G,0.0,Congested,Non-Congested,1
132200274,0,5,0,5,y,r,2.0,Non-Congested,Congested,1
47217361,0,3,0,1,r,r,0.0,Non-Congested,Non-Congested,0
cluster_1420096799_47154676,1,1,0,0,G,r,0.0,Non-Congested,Non-Congested,0
cluster_2455590523_389713_47212064,0,2,0,1,r,r,3.0,Non-Congested,Congested,1
cluster_2461783448_38980632_5243070374,6,7,6,5,r,G,0.0,Congested,Non-Congested,1
cluster_2461880040_2461880142_8131892137,0,2,0,2,r,r,1.0,Non-Congested,Congested,1
cluster_2461880136_4910664147_50607912_8131882097,2,2,1,0,r,y,2.0,Congested,Non-Congested,1
132200274,0,5,0,5,y,r,1.0,Non-Congested,Congested,1
47217361,0,2,0,0,r,G,4.0,Non-Congested,Non-Congested,0
cluster_1420096799_47154676,1,1,0,0,y,r,3.0,Non-Congested,Non-Congested,0
cluster_2455590523_389713_47212064,0,2,0,1,r,r,2.0,Non-Congested,Congested,1
cluster_2461783448_38980632_5243070374,6,8,6,5,r,G,1.0,Congested,Non-Congested,1
cluster_2461880040_2461880142_8131892137,0,2,0,2,r,r,0.0,Non-Congested,Congested,1
cluster_2461880136_4910664147_50607912_8131882097,2,2,2,0,r,y,1.0,Congested,Non-Congested,1
132200274,0,4,0,4,y,r,0.0,Non-Congested,Congested,1
47217361,0,2,0,0,r,G,3.0,Non-Congested,Non-Congested,0
cluster_1420096799_47154676,1,1,0,0,y,r,2.0,Non-Congested,Non-Congested,0
cluster_2455590523_389713_47212064,0,1,0,1,r,r,1.0,Non-Congested,Congested,1
cluster_2461783448_38980632_5243070374,6,8,6,4,r,G,0.0,Congested,Non-Congested,1
cluster_2461880040_2461880142_8131892137,0,2,0,2,r,r,1.0,Non-Congested,Congested,1
cluster_2461880136_4910664147_50607912_8131882097,2,3,2,0,r,y,0.0,Congested,Non-Congested,1
132200274,0,4,0,2,r,G,4.0,Non-Congested,Non-Congested,0
47217361,0,2,0,0,r,G,2.0,Non-Congested,Non-Congested,0
cluster_1420096799_47154676,1,1,0,0,y,r,1.0,Non-Congested,Non-Congested,0
cluster_2455590523_389713_47212064,0,1,0,1,r,r,0.0,Non-Congested,Congested,1
cluster_2461783448_38980632_5243070374,6,8,6,4,r,G,1.0,Congested,Non-Congested,1
cluster_2461880040_2461880142_8131892137,0,2,0,2,r,r,0.0,Non-Congested,Congested,1
cluster_2461880136_4910664147_50607912_8131882097,2,3,2,0,r,r,0.0,Congested,Non-Congested,1
132200274,0,4,0,1,r,G,3.0,Non-Congested,Non-Congested,0
47217361,0,2,0,0,r,G,1.0,Non-Congested,Non-Congested,0
cluster_1420096799_47154676,0,2,0,0,y,r,0.0,Non-Congested,Non-Congested,0
cluster_2455590523_389713_47212064,1,1,0,1,r,r,0.0,Non-Congested,Congested,1
cluster_2461783448_38980632_5243070374,6,8,6,3,r,G,0.0,Congested,Non-Congested,1
cluster_2461880040_2461880142_8131892137,0,2,0,2,r,r,4.0,Non-Congested,Congested,1
cluster_2461880136_4910664147_50607912_8131882097,1,3,1,0,G,r,4.0,Congested,Non-Congested,2
132200274,0,4,0,2,r,G,2.0,Non-Congested,Non-Congested,0
47217361,0,2,0,0,r,G,0.0,Non-Congested,Non-Congested,0
cluster_1420096799_47154676,0,2,0,0,r,r,6.0,Non-Congested,Non-Congested,0
cluster_2455590523_389713_47212064,0,1,0,1,r,r,0.0,Non-Congested,Congested,1
cluster_2461783448_38980632_5243070374,6,8,6,2,r,G,1.0,Congested,Non-Congested,1
cluster_2461880040_2461880142_8131892137,0,2,0,2,r,r,3.0,Non-Congested,Congested,1
cluster_2461880136_4910664147_50607912_8131882097,0,3,0,0,G,r,3.0,Non-Congested,Non-Congested,0
132200274,0,2,0,0,r,G,1.0,Non-Congested,Non-Congested,0
47217361,0,4,0,0,r,y,2.0,Non-Congested,Non-Congested,0
cluster_1420096799_47154676,0,2,0,0,r,r,5.0,Non-Congested,Non-Congested,0
cluster_2455590523_389713_47212064,0,1,0,1,r,r,3.0,Non-Congested,Congested,1
cluster_2461783448_38980632_5243070374,6,7,6,2,r,G,0.0,Congested,Non-Congested,1
cluster_2461880040_2461880142_8131892137,0,2,0,2,r,r,2.0,Non-Congested,Congested,1
cluster_2461880136_4910664147_50607912_8131882097,0,2,0,0,G,r,2.0,Non-Congested,Non-Congested,0
132200274,0,1,0,0,r,G,0.0,Non-Congested,Non-Congested,0
47217361,0,5,0,1,r,y,1.0,Non-Congested,Non-Congested,0
cluster_1420096799_47154676,0,1,0,0,r,r,4.0,Non-Congested,Non-Congested,0
cluster_2455590523_389713_47212064,0,1,0,1,r,r,2.0,Non-Congested,Congested,1
cluster_2461783448_38980632_5243070374,7,8,6,1,r,G,1.0,Congested,Non-Congested,1
cluster_2461880040_2461880142_8131892137,0,2,0,2,r,r,1.0,Non-Congested,Congested,1
cluster_2461880136_4910664147_50607912_8131882097,1,2,0,0,G,r,1.0,Non-Congested,Non-Congested,0
132200274,0,1,0,0,r,y,2.0,Non-Congested,Non-Congested,0
47217361,0,5,0,1,r,y,0.0,Non-Congested,Non-Congested,0
cluster_1420096799_47154676,0,1,0,0,r,r,3.0,Non-Congested,Non-Congested,0
cluster_2455590523_389713_47212064,1,1,0,1,r,r,1.0,Non-Congested,Congested,1
cluster_2461783448_38980632_5243070374,7,8,6,1,r,G,0.0,Congested,Non-Congested,1
cluster_2461880040_2461880142_8131892137,0,2,0,2,r,r,0.0,Non-Congested,Congested,1
cluster_2461880136_4910664147_50607912_8131882097,1,2,0,0,G,r,0.0,Non-Congested,Non-Congested,0
132200274,0,1,0,0,r,y,1.0,Non-Congested,Non-Congested,0
47217361,0,5,0,1,G,r,4.0,Non-Congested,Non-Congested,0
cluster_1420096799_47154676,0,1,0,0,r,r,2.0,Non-Congested,Non-Congested,0
cluster_2455590523_389713_47212064,0,1,0,1,r,r,0.0,Non-Congested,Congested,1
cluster_2461783448_38980632_5243070374,7,7,6,0,r,G,1.0,Congested,Non-Congested,5
cluster_2461880040_2461880142_8131892137,0,2,0,2,G,r,4.0,Non-Congested,Congested,1
cluster_2461880136_4910664147_50607912_8131882097,0,3,0,1,G,r,1.0,Non-Congested,Non-Congested,0
47217361,0,5,0,1,G,r,3.0,Non-Congested,Non-Congested,0
cluster_1420096799_47154676,0,1,0,0,r,r,1.0,Non-Congested,Non-Congested,0
cluster_2461783448_38980632_5243070374,7,8,6,0,r,G,0.0,Congested,Non-Congested,5
cluster_2461880040_2461880142_8131892137,0,2,0,2,G,r,3.0,Non-Congested,Congested,1
cluster_2461880136_4910664147_50607912_8131882097,0,3,0,1,G,r,0.0,Non-Congested,Non-Congested,0
132200274,0,2,0,0,G,r,4.0,Non-Congested,Non-Congested,0
47217361,0,5,0,1,G,r,2.0,Non-Congested,Non-Congested,0
cluster_1420096799_47154676,0,1,0,0,r,r,0.0,Non-Congested,Non-Congested,0
cluster_2461783448_38980632_5243070374,7,6,6,0,r,G,0.0,Congested,Non-Congested,5
cluster_2461880040_2461880142_8131892137,0,2,0,2,G,r,2.0,Non-Congested,Congested,1
cluster_2461880136_4910664147_50607912_8131882097,0,3,0,1,G,r,0.0,Non-Congested,Non-Congested,0
132200274,0,2,0,0,G,r,3.0,Non-Congested,Non-Congested,0
47217361,0,5,0,1,G,r,1.0,Non-Congested,Non-Congested,0
cluster_1420096799_47154676,0,1,0,0,r,r,3.0,Non-Congested,Non-Congested,0
cluster_2461783448_38980632_5243070374,7,6,6,0,r,y,4.0,Congested,Non-Congested,5
cluster_2461880040_2461880142_8131892137,0,2,0,2,G,r,1.0,Non-Congested,Congested,1
cluster_2461880136_4910664147_50607912_8131882097,0,3,0,1,G,r,0.0,Non-Congested,Non-Congested,0
132200274,0,2,0,0,G,r,2.0,Non-Congested,Non-Congested,0
47217361,0,4,0,1,G,r,0.0,Non-Congested,Non-Congested,0
cluster_2461783448_38980632_5243070374,6,5,6,0,r,y,3.0,Congested,Non-Congested,5
cluster_2461880040_2461880142_8131892137,0,2,0,2,G,r,0.0,Non-Congested,Congested,1
cluster_2461880136_4910664147_50607912_8131882097,0,3,0,1,y,r,2.0,Non-Congested,Non-Congested,0
132200274,0,3,0,0,G,r,1.0,Non-Congested,Non-Congested,0
47217361,0,4,0,1,G,r,1.0,Non-Congested,Non-Congested,0
cluster_2455590523_389713_47212064,0,1,0,0,r,G,0.0,Non-Congested,Non-Congested,0
cluster_2461783448_38980632_5243070374,6,5,6,0,r,y,2.0,Congested,Non-Congested,5
cluster_2461880040_2461880142_8131892137,0,2,0,2,y,r,4.0,Non-Congested,Congested,1
cluster_2461880136_4910664147_50607912_8131882097,0,3,0,1,y,r,1.0,Non-Congested,Non-Congested,0
132200274,0,3,0,0,G,r,0.0,Non-Congested,Non-Congested,0
47217361,0,4,0,1,G,r,0.0,Non-Congested,Non-Congested,0
cluster_2455590523_389713_47212064,0,1,0,0,r,y,3.0,Non-Congested,Non-Congested,0
cluster_2461783448_38980632_5243070374,6,6,6,0,r,y,1.0,Congested,Non-Congested,5
cluster_2461880040_2461880142_8131892137,0,2,0,2,y,r,3.0,Non-Congested,Congested,1
cluster_2461880136_4910664147_50607912_8131882097,0,3,0,1,y,r,0.0,Non-Congested,Non-Congested,0
132200274,0,4,0,1,y,r,2.0,Non-Congested,Non-Congested,0
47217361,0,4,0,2,G,r,0.0,Non-Congested,Non-Congested,0
cluster_2455590523_389713_47212064,0,1,0,0,r,y,2.0,Non-Congested,Non-Congested,0
cluster_2461783448_38980632_5243070374,7,6,6,0,r,y,0.0,Congested,Non-Congested,5
cluster_2461880040_2461880142_8131892137,0,2,0,2,y,r,2.0,Non-Congested,Congested,1
cluster_2461880136_4910664147_50607912_8131882097,0,2,0,0,r,G,4.0,Non-Congested,Non-Congested,0
132200274,0,4,0,1,y,r,1.0,Non-Congested,Congested,1
47217361,0,4,0,2,y,r,2.0,Non-Congested,Non-Congested,0
cluster_2455590523_389713_47212064,0,1,0,0,r,y,1.0,Non-Congested,Non-Congested,0
cluster_2461783448_38980632_5243070374,6,6,5,1,G,r,4.0,Congested,Non-Congested,2
cluster_2461880040_2461880142_8131892137,0,2,0,2,y,r,1.0,Non-Congested,Congested,1
cluster_2461880136_4910664147_50607912_8131882097,0,2,0,0,r,G,3.0,Non-Congested,Non-Congested,0
132200274,0,4,0,2,y,r,0.0,Non-Congested,Congested,1
47217361,0,4,0,2,y,r,1.0,Non-Congested,Non-Congested,0
cluster_2455590523_389713_47212064,0,2,0,0,r,y,0.0,Non-Congested,Non-Congested,0
cluster_2461783448_38980632_5243070374,6,6,4,2,G,r,3.0,Non-Congested,Non-Congested,0
cluster_2461880040_2461880142_8131892137,0,2,0,2,y,r,0.0,Non-Congested,Congested,1
cluster_2461880136_4910664147_50607912_8131882097,0,2,0,0,r,G,2.0,Non-Congested,Non-Congested,0
132200274,0,2,0,1,r,G,4.0,Non-Congested,Congested,2
47217361,0,4,0,2,y,r,0.0,Non-Congested,Non-Congested,0
cluster_2455590523_389713_47212064,0,3,0,0,G,r,4.0,Non-Congested,Non-Congested,0
cluster_2461783448_38980632_5243070374,7,6,3,3,G,r,2.0,Non-Congested,Non-Congested,0
cluster_2461880040_2461880142_8131892137,0,1,0,1,r,G,9.0,Non-Congested,Congested,2
cluster_2461880136_4910664147_50607912_8131882097,0,1,0,0,r,G,1.0,Non-Congested,Non-Congested,0
132200274,0,2,0,0,r,G,3.0,Non-Congested,Non-Congested,0
47217361,0,4,0,2,r,r,4.0,Non-Congested,Non-Congested,0
cluster_2455590523_389713_47212064,0,2,0,0,G,r,3.0,Non-Congested,Non-Congested,0
cluster_2461783448_38980632_5243070374,6,6,2,3,G,r,1.0,Non-Congested,Non-Congested,0
cluster_2461880040_2461880142_8131892137,0,1,0,0,r,G,8.0,Non-Congested,Congested,2
cluster_2461880136_4910664147_50607912_8131882097,0,1,0,0,r,G,0.0,Non-Congested,Non-Congested,0
132200274,0,2,0,1,r,G,2.0,Non-Congested,Non-Congested,0
47217361,0,5,0,2,r,r,3.0,Non-Congested,Non-Congested,0
cluster_2455590523_389713_47212064,0,2,0,0,G,r,2.0,Non-Congested,Non-Congested,0
cluster_2461783448_38980632_5243070374,6,6,1,4,G,r,0.0,Non-Congested,Non-Congested,0
cluster_2461880040_2461880142_8131892137,0,1,0,0,r,G,7.0,Non-Congested,Non-Congested,0
cluster_2461880136_4910664147_50607912_8131882097,0,2,0,0,r,G,0.0,Non-Congested,Non-Congested,0
132200274,0,3,0,1,r,G,1.0,Non-Congested,Non-Congested,0
47217361,0,6,0,3,r,r,2.0,Non-Congested,Non-Congested,0
cluster_2455590523_389713_47212064,0,2,0,1,G,r,1.0,Non-Congested,Non-Congested,0
cluster_2461783448_38980632_5243070374,6,7,0,5,G,r,1.0,Non-Congested,Non-Congested,0
cluster_2461880040_2461880142_8131892137,0,1,0,0,r,G,6.0,Non-Congested,Non-Congested,0
cluster_2461880136_4910664147_50607912_8131882097,0,1,0,0,r,y,2.0,Non-Congested,Non-Congested,0
132200274,0,3,0,1,r,G,0.0,Non-Congested,Non-Congested,0
47217361,0,6,0,3,r,r,1.0,Non-Congested,Non-Congested,0
cluster_2455590523_389713_47212064,0,2,0,1,G,r,0.0,Non-Congested,Non-Congested,0
cluster_2461783448_38980632_5243070374,6,7,0,6,G,r,0.0,Non-Congested,Non-Congested,4
cluster_2461880040_2461880142_8131892137,0,1,0,0,r,G,5.0,Non-Congested,Non-Congested,0
cluster_2461880136_4910664147_50607912_8131882097,0,1,0,0,r,y,1.0,Non-Congested,Non-Congested,0
132200274,0,2,0,1,r,G,0.0,Non-Congested,Non-Congested,0
47217361,0,6,0,3,r,r,0.0,Non-Congested,Non-Congested,0
cluster_2455590523_389713_47212064,0,2,0,2,y,r,3.0,Non-Congested,Non-Congested,0
cluster_2461783448_38980632_5243070374,5,6,0,6,G,r,0.0,Non-Congested,Non-Congested,4
cluster_2461880040_2461880142_8131892137,1,1,0,0,r,G,4.0,Non-Congested,Non-Congested,0
cluster_2461880136_4910664147_50607912_8131882097,0,1,0,0,r,y,0.0,Non-Congested,Non-Congested,0
132200274,0,2,0,1,r,y,2.0,Non-Congested,Non-Congested,0
47217361,0,6,0,4,r,r,2.0,Non-Congested,Non-Congested,0
cluster_2455590523_389713_47212064,0,2,0,2,y,r,2.0,Non-Congested,Non-Congested,0
cluster_2461783448_38980632_5243070374,4,6,0,6,G,r,1.0,Non-Congested,Non-Congested,4
cluster_2461880040_2461880142_8131892137,1,1,0,0,r,G,3.0,Non-Congested,Non-Congested,0
cluster_2461880136_4910664147_50607912_8131882097,0,1,0,0,r,r,0.0,Non-Congested,Non-Congested,0
132200274,0,3,0,1,r,y,1.0,Non-Congested,Non-Congested,0
47217361,0,6,0,4,r,r,1.0,Non-Congested,Non-Congested,0
cluster_2455590523_389713_47212064,0,2,0,2,y,r,1.0,Non-Congested,Non-Congested,0
cluster_2461783448_38980632_5243070374,4,7,0,6,G,r,0.0,Non-Congested,Non-Congested,4
cluster_2461880040_2461880142_8131892137,1,2,0,0,r,G,2.0,Non-Congested,Non-Congested,0
cluster_2461880136_4910664147_50607912_8131882097,0,1,0,0,G,r,4.0,Non-Congested,Non-Congested,0
132200274,0,3,0,1,r,y,0.0,Non-Congested,Congested,1
47217361,0,5,0,4,r,r,0.0,Non-Congested,Non-Congested,0
cluster_2455590523_389713_47212064,0,2,0,2,y,r,0.0,Non-Congested,Non-Congested,0
cluster_2461783448_38980632_5243070374,5,7,0,6,G,r,1.0,Non-Congested,Non-Congested,4
cluster_2461880040_2461880142_8131892137,1,2,0,0,r,G,1.0,Non-Congested,Non-Congested,0
cluster_2461880136_4910664147_50607912_8131882097,0,1,0,0,G,r,3.0,Non-Congested,Non-Congested,0
132200274,0,3,0,2,G,r,4.0,Non-Congested,Congested,1
47217361,0,4,0,3,r,G,4.0,Non-Congested,Non-Congested,0
cluster_2455590523_389713_47212064,0,3,0,2,r,r,6.0,Non-Congested,Non-Congested,0
cluster_2461783448_38980632_5243070374,3,7,0,6,G,r,0.0,Non-Congested,Non-Congested,4
cluster_2461880040_2461880142_8131892137,2,2,0,0,r,G,0.0,Non-Congested,Non-Congested,0
132200274,0,3,0,2,G,r,3.0,Non-Congested,Congested,1
47217361,0,4,0,2,r,G,3.0,Non-Congested,Non-Congested,0
cluster_2455590523_389713_47212064,0,2,0,2,r,r,5.0,Non-Congested,Congested,1
cluster_2461783448_38980632_5243070374,3,6,0,6,G,r,0.0,Non-Congested,Non-Congested,4
cluster_2461880040_2461880142_8131892137,2,2,0,0,r,G,0.0,Non-Congested,Non-Congested,0
132200274,0,3,0,3,G,r,2.0,Non-Congested,Congested,1
47217361,0,4,0,1,r,G,2.0,Non-Congested,Non-Congested,0
cluster_2455590523_389713_47212064,0,2,0,2,r,r,4.0,Non-Congested,Congested,1
cluster_2461783448_38980632_5243070374,4,6,0,6,G,r,0.0,Non-Congested,Non-Congested,4
cluster_2461880040_2461880142_8131892137,3,3,0,0,r,G,0.0,Non-Congested,Non-Congested,0
132200274,0,3,0,3,G,r,1.0,Non-Congested,Congested,1
47217361,0,4,0,0,r,G,1.0,Non-Congested,Non-Congested,0
cluster_2455590523_389713_47212064,0,2,0,2,r,r,3.0,Non-Congested,Congested,1
cluster_2461783448_38980632_5243070374,3,6,0,6,G,r,1.0,Non-Congested,Non-Congested,4
cluster_2461880040_2461880142_8131892137,3,3,0,0,r,y,4.0,Non-Congested,Non-Congested,0
132200274,0,3,0,3,G,r,0.0,Non-Congested,Congested,1
47217361,0,3,0,0,r,G,0.0,Non-Congested,Non-Congested,0
cluster_2455590523_389713_47212064,0,2,0,2,r,r,2.0,Non-Congested,Congested,1
cluster_2461783448_38980632_5243070374,4,6,0,6,G,r,0.0,Non-Congested,Non-Congested,4
cluster_2461880040_2461880142_8131892137,3,4,0,0,r,y,3.0,Non-Congested,Non-Congested,0
132200274,0,3,0,3,y,r,2.0,Non-Congested,Congested,1
47217361,0,4,0,0,r,G,1.0,Non-Congested,Non-Congested,0
cluster_1420096799_47154676,0,1,0,0,G,r,0.0,Non-Congested,Non-Congested,0
cluster_2455590523_389713_47212064,0,2,0,2,r,r,1.0,Non-Congested,Non-Congested,0
cluster_2461783448_38980632_5243070374,2,6,0,6,G,r,0.0,Non-Congested,Non-Congested,4
cluster_2461880040_2461880142_8131892137,2,3,0,0,r,y,2.0,Non-Congested,Non-Congested,0
132200274,0,4,0,3,y,r,1.0,Non-Congested,Congested,1
47217361,1,5,0,0,r,G,0.0,Non-Congested,Non-Congested,0
cluster_1420096799_47154676,0,1,0,0,y,r,3.0,Non-Congested,Non-Congested,0
cluster_2455590523_389713_47212064,0,2,0,2,r,r,0.0,Non-Congested,Non-Congested,0
cluster_2461783448_38980632_5243070374,4,6,0,6,G,r,1.0,Non-Congested,Non-Congested,4
cluster_2461880040_2461880142_8131892137,2,3,0,0,r,y,1.0,Non-Congested,Non-Congested,0
132200274,0,4,0,3,y,r,0.0,Non-Congested,Congested,1
47217361,1,4,0,0,r,G,1.0,Non-Congested,Non-Congested,0
cluster_1420096799_47154676,0,1,0,0,y,r,2.0,Non-Congested,Non-Congested,0
cluster_2455590523_389713_47212064,0,2,0,2,r,r,1.0,Non-Congested,Non-Congested,0
cluster_2461783448_38980632_5243070374,4,6,0,6,G,r,0.0,Non-Congested,Non-Congested,4
cluster_2461880040_2461880142_8131892137,2,4,0,0,r,y,0.0,Non-Congested,Non-Congested,0
132200274,0,4,0,3,r,G,4.0,Non-Congested,Congested,2
47217361,1,4,0,0,r,G,0.0,Non-Congested,Non-Congested,0
cluster_1420096799_47154676,0,1,0,1,y,r,1.0,Non-Congested,Non-Congested,0
cluster_2455590523_389713_47212064,0,2,0,2,r,r,0.0,Non-Congested,Non-Congested,0
cluster_2461783448_38980632_5243070374,4,6,0,6,G,r,1.0,Non-Congested,Non-Congested,4
cluster_2461880040_2461880142_8131892137,1,3,0,0,r,r,4.0,Non-Congested,Congested,1
132200274,0,4,0,3,r,G,3.0,Non-Congested,Congested,2
47217361,2,3,0,0,r,G,1.0,Non-Congested,Non-Congested,0
cluster_1420096799_47154676,0,1,0,1,y,r,0.0,Non-Congested,Non-Congested,0
cluster_2455590523_389713_47212064,0,2,0,2,r,r,0.0,Non-Congested,Non-Congested,0
cluster_2461783448_38980632_5243070374,4,6,0,6,G,r,0.0,Non-Congested,Non-Congested,4
cluster_2461880040_2461880142_8131892137,1,3,0,1,r,r,3.0,Non-Congested,Congested,1
132200274,0,5,0,4,r,G,2.0,Non-Congested,Congested,2
47217361,2,3,0,0,r,G,0.0,Non-Congested,Non-Congested,0
cluster_1420096799_47154676,0,1,0,1,r,r,6.0,Non-Congested,Non-Congested,0
cluster_2455590523_389713_47212064,0,2,0,2,r,r,0.0,Non-Congested,Non-Congested,0
cluster_2461783448_38980632_5243070374,4,7,0,6,G,r,0.0,Non-Congested,Non-Congested,4
cluster_2461880040_2461880142_8131892137,0,2,0,1,r,r,2.0,Non-Congested,Congested,1
132200274,0,5,0,4,r,G,1.0,Non-Congested,Congested,2
47217361,3,3,0,0,r,G,0.0,Non-Congested,Non-Congested,0
cluster_1420096799_47154676,0,1,0,1,r,r,5.0,Non-Congested,Non-Congested,0
cluster_2455590523_389713_47212064,1,2,0,2,r,r,3.0,Congested,Non-Congested,1
cluster_2461783448_38980632_5243070374,4,7,0,6,G,r,4.0,Non-Congested,Non-Congested,4
cluster_2461880040_2461880142_8131892137,0,2,0,2,r,r,1.0,Non-Congested,Congested,1
132200274,0,5,0,4,r,G,0.0,Non-Congested,Congested,2
47217361,3,1,0,0,r,G,0.0,Non-Congested,Non-Congested,0
cluster_1420096799_47154676,0,1,0,1,r,r,4.0,Non-Congested,Non-Congested,0
cluster_2455590523_389713_47212064,0,2,0,2,r,r,2.0,Congested,Non-Congested,1
cluster_2461783448_38980632_5243070374,4,6,1,6,G,r,3.0,Non-Congested,Non-Congested,0
cluster_2461880040_2461880142_8131892137,0,2,0,2,r,r,0.0,Non-Congested,Congested,1
132200274,0,6,0,6,r,G,1.0,Non-Congested,Congested,6
47217361,3,1,0,0,r,y,2.0,Non-Congested,Non-Congested,0
cluster_1420096799_47154676,0,1,0,1,r,r,3.0,Non-Congested,Non-Congested,0
cluster_2455590523_389713_47212064,0,2,0,2,r,r,1.0,Non-Congested,Non-Congested,0
cluster_2461783448_38980632_5243070374,4,6,1,6,G,r,2.0,Non-Congested,Non-Congested,0
cluster_2461880040_2461880142_8131892137,0,2,0,2,r,r,4.0,Non-Congested,Congested,1
132200274,0,6,0,5,r,G,0.0,Non-Congested,Congested,2
47217361,3,1,0,0,r,y,1.0,Non-Congested,Non-Congested,0
cluster_1420096799_47154676,0,1,0,1,r,r,2.0,Non-Congested,Non-Congested,0
cluster_2455590523_389713_47212064,0,2,0,2,r,r,0.0,Non-Congested,Non-Congested,0
cluster_2461783448_38980632_5243070374,3,6,1,6,G,r,1.0,Non-Congested,Non-Congested,0
cluster_2461880040_2461880142_8131892137,0,2,0,2,r,r,3.0,Non-Congested,Congested,1
132200274,0,6,0,5,r,G,1.0,Non-Congested,Congested,2
47217361,3,1,0,0,r,y,0.0,Non-Congested,Non-Congested,0
cluster_1420096799_47154676,0,1,0,1,r,r,1.0,Non-Congested,Non-Congested,0
cluster_2455590523_389713_47212064,0,1,0,1,r,G,4.0,Non-Congested,Non-Congested,0
cluster_2461783448_38980632_5243070374,5,6,1,6,G,r,0.0,Non-Congested,Non-Congested,0
cluster_2461880040_2461880142_8131892137,0,2,0,2,r,r,2.0,Non-Congested,Congested,1
132200274,0,6,0,5,r,G,0.0,Non-Congested,Congested,2
47217361,2,1,0,0,G,r,4.0,Non-Congested,Non-Congested,0
cluster_1420096799_47154676,0,1,0,1,r,r,0.0,Non-Congested,Non-Congested,0
cluster_2455590523_389713_47212064,0,1,0,0,r,G,3.0,Non-Congested,Non-Congested,0
cluster_2461783448_38980632_5243070374,4,6,1,6,G,r,9.0,Non-Congested,Non-Congested,0
cluster_2461880040_2461880142_8131892137,0,2,0,2,r,r,1.0,Non-Congested,Congested,1
132200274,0,6,0,5,r,G,1.0,Non-Congested,Congested,2
47217361,2,1,0,0,G,r,3.0,Non-Congested,Non-Congested,0
cluster_1420096799_47154676,0,1,0,1,r,r,3.0,Non-Congested,Non-Congested,0
cluster_2455590523_389713_47212064,0,1,0,0,r,G,2.0,Non-Congested,Non-Congested,0
cluster_2461783448_38980632_5243070374,6,6,1,6,G,r,8.0,Non-Congested,Non-Congested,0
cluster_2461880040_2461880142_8131892137,0,2,0,2,r,r,0.0,Non-Congested,Congested,1
cluster_2461880136_4910664147_50607912_8131882097,0,1,0,0,G,r,2.0,Non-Congested,Non-Congested,0
132200274,0,6,0,5,r,G,0.0,Non-Congested,Congested,2
47217361,1,1,0,0,G,r,2.0,Non-Congested,Non-Congested,0
cluster_1420096799_47154676,0,1,0,1,r,r,2.0,Non-Congested,Non-Congested,0
cluster_2455590523_389713_47212064,0,1,0,0,r,G,1.0,Non-Congested,Non-Congested,0
cluster_2461783448_38980632_5243070374,6,6,1,6,G,r,7.0,Non-Congested,Non-Congested,0
cluster_2461880040_2461880142_8131892137,0,2,0,2,G,r,4.0,Non-Congested,Congested,1
cluster_2461880136_4910664147_50607912_8131882097,0,1,0,0,G,r,1.0,Non-Congested,Non-Congested,0
132200274,0,6,0,5,r,G,1.0,Non-Congested,Congested,2
47217361,1,1,0,0,G,r,1.0,Non-Congested,Non-Congested,0
cluster_1420096799_47154676,0,1,0,1,r,r,1.0,Non-Congested,Non-Congested,0
cluster_2455590523_389713_47212064,0,2,0,0,r,G,0.0,Non-Congested,Non-Congested,0
cluster_2461783448_38980632_5243070374,6,6,2,6,G,r,6.0,Non-Congested,Non-Congested,0
cluster_2461880040_2461880142_8131892137,0,2,0,2,G,r,3.0,Non-Congested,Congested,1
cluster_2461880136_4910664147_50607912_8131882097,0,1,0,0,G,r,0.0,Non-Congested,Non-Congested,0
132200274,0,6,0,5,r,G,0.0,Non-Congested,Congested,2
47217361,1,1,0,0,G,r,0.0,Non-Congested,Non-Congested,0
cluster_1420096799_47154676,0,1,0,1,r,r,0.0,Non-Congested,Non-Congested,0
cluster_2455590523_389713_47212064,0,2,0,0,r,y,3.0,Non-Congested,Non-Congested,0
cluster_2461783448_38980632_5243070374,5,6,3,6,G,r,5.0,Non-Congested,Non-Congested,0
cluster_2461880040_2461880142_8131892137,0,2,0,2,G,r,2.0,Non-Congested,Congested,1
cluster_2461880136_4910664147_50607912_8131882097,0,1,0,0,y,r,2.0,Non-Congested,Non-Congested,0
132200274,0,6,0,6,r,G,1.0,Non-Congested,Congested,6
47217361,0,1,0,0,G,r,1.0,Non-Congested,Non-Congested,0
cluster_2455590523_389713_47212064,0,2,0,0,r,y,2.0,Non-Congested,Non-Congested,0
cluster_2461783448_38980632_5243070374,6,6,4,6,G,r,4.0,Non-Congested,Non-Congested,0
cluster_2461880040_2461880142_8131892137,0,2,0,2,G,r,1.0,Non-Congested,Congested,1
cluster_2461880136_4910664147_50607912_8131882097,0,1,0,0,y,r,1.0,Non-Congested,Non-Congested,0
132200274,0,6,0,6,r,G,0.0,Non-Congested,Congested,6
47217361,0,1,0,0,G,r,0.0,Non-Congested,Non-Congested,0
cluster_2455590523_389713_47212064,0,1,0,0,r,y,1.0,Non-Congested,Non-Congested,0
cluster_2461783448_38980632_5243070374,7,6,4,6,G,r,3.0,Non-Congested,Non-Congested,0
cluster_2461880040_2461880142_8131892137,0,2,0,2,G,r,0.0,Non-Congested,Congested,1
cluster_2461880136_4910664147_50607912_8131882097,0,2,0,0,y,r,0.0,Non-Congested,Non-Congested,0
132200274,0,6,0,6,r,G,1.0,Non-Congested,Congested,6
47217361,0,1,0,1,G,r,0.0,Non-Congested,Non-Congested,0
cluster_2455590523_389713_47212064,0,2,0,1,r,y,0.0,Non-Congested,Non-Congested,0
cluster_2461783448_38980632_5243070374,8,6,4,6,G,r,2.0,Non-Congested,Non-Congested,0
cluster_2461880040_2461880142_8131892137,0,2,0,2,y,r,4.0,Non-Congested,Congested,1
cluster_2461880136_4910664147_50607912_8131882097,0,2,0,0,r,G,4.0,Non-Congested,Non-Congested,0
132200274,0,6,0,6,r,G,0.0,Non-Congested,Congested,6
47217361,0,1,0,1,y,r,2.0,Non-Congested,Non-Congested,0
cluster_2455590523_389713_47212064,0,2,0,1,G,r,4.0,Non-Congested,Non-Congested,0
cluster_2461783448_38980632_5243070374,8,6,5,6,G,r,1.0,Non-Congested,Non-Congested,0
cluster_2461880040_2461880142_8131892137,0,2,0,2,y,r,3.0,Non-Congested,Congested,1
cluster_2461880136_4910664147_50607912_8131882097,0,1,0,0,r,G,3.0,Non-Congested,Non-Congested,0
132200274,0,6,0,6,r,G,1.0,Non-Congested,Congested,6
47217361,0,1,0,1,y,r,1.0,Non-Congested,Non-Congested,0
cluster_2455590523_389713_47212064,0,2,0,1,G,r,3.0,Non-Congested,Non-Congested,0
cluster_2461783448_38980632_5243070374,9,6,5,6,G,r,0.0,Non-Congested,Non-Congested,0
cluster_2461880040_2461880142_8131892137,0,2,0,2,y,r,2.0,Non-Congested,Congested,1
cluster_2461880136_4910664147_50607912_8131882097,0,2,0,0,r,G,2.0,Non-Congested,Non-Congested,0
132200274,0,6,0,6,r,G,0.0,Non-Congested,Congested,6
47217361,0,1,0,1,y,r,0.0,Non-Congested,Non-Congested,0
cluster_1420096799_47154676,1,0,0,0,r,G,1.0,Non-Congested,Non-Congested,0
cluster_2455590523_389713_47212064,0,2,0,1,G,r,2.0,Non-Congested,Non-Congested,0
cluster_2461783448_38980632_5243070374,9,6,5,6,G,r,1.0,Non-Congested,Non-Congested,0
cluster_2461880040_2461880142_8131892137,0,2,0,2,y,r,1.0,Non-Congested,Congested,1
cluster_2461880136_4910664147_50607912_8131882097,0,2,0,0,r,G,1.0,Non-Congested,Non-Congested,0
132200274,0,6,0,6,r,G,1.0,Non-Congested,Congested,6
47217361,0,1,0,1,r,r,4.0,Non-Congested,Non-Congested,0
cluster_1420096799_47154676,1,0,0,0,r,G,0.0,Non-Congested,Non-Congested,0
cluster_2455590523_389713_47212064,0,2,0,2,G,r,1.0,Non-Congested,Non-Congested,0
cluster_2461783448_38980632_5243070374,10,6,5,6,G,r,0.0,Congested,Non-Congested,2
cluster_2461880040_2461880142_8131892137,0,2,0,2,y,r,0.0,Non-Congested,Congested,1
cluster_2461880136_4910664147_50607912_8131882097,0,3,0,0,r,G,0.0,Non-Congested,Non-Congested,0
132200274,0,6,0,6,r,G,0.0,Non-Congested,Congested,6
47217361,0,1,0,1,r,r,3.0,Non-Congested,Non-Congested,0
cluster_1420096799_47154676,1,0,0,0,r,y,3.0,Non-Congested,Non-Congested,0
cluster_2455590523_389713_47212064,0,2,0,2,G,r,0.0,Non-Congested,Non-Congested,0
cluster_2461783448_38980632_5243070374,10,6,7,6,G,r,0.0,Congested,Non-Congested,2
cluster_2461880040_2461880142_8131892137,0,1,0,1,r,G,9.0,Non-Congested,Congested,2
cluster_2461880136_4910664147_50607912_8131882097,0,3,0,0,r,y,2.0,Non-Congested,Non-Congested,0
132200274,0,6,0,6,r,G,1.0,Non-Congested,Congested,6
47217361,0,1,0,1,r,r,2.0,Non-Congested,Non-Congested,0
cluster_1420096799_47154676,1,0,0,0,r,y,2.0,Non-Congested,Non-Congested,0
cluster_2455590523_389713_47212064,0,2,0,2,y,r,3.0,Non-Congested,Non-Congested,0
cluster_2461783448_38980632_5243070374,11,6,7,6,G,r,1.0,Congested,Non-Congested,2
cluster_2461880040_2461880142_8131892137,0,1,0,0,r,G,8.0,Non-Congested,Non-Congested,0
cluster_2461880136_4910664147_50607912_8131882097,0,3,0,0,r,y,1.0,Non-Congested,Non-Congested,0
132200274,0,6,0,6,r,G,0.0,Non-Congested,Congested,6
47217361,0,1,0,1,r,r,1.0,Non-Congested,Non-Congested,0
cluster_1420096799_47154676,1,0,0,0,r,y,1.0,Non-Congested,Non-Congested,0
cluster_2455590523_389713_47212064,0,2,0,2,y,r,2.0,Non-Congested,Non-Congested,0
cluster_2461783448_38980632_5243070374,10,6,8,6,G,r,0.0,Congested,Non-Congested,2
cluster_2461880040_2461880142_8131892137,0,1,0,0,r,G,7.0,Non-Congested,Non-Congested,0
cluster_2461880136_4910664147_50607912_8131882097,0,3,0,0,r,y,0.0,Non-Congested,Non-Congested,0
132200274,0,6,0,6,r,G,1.0,Non-Congested,Congested,6
181747232,1,0,0,0,r,y,2.0,Non-Congested,Non-Congested,0
47217361,0,1,0,1,r,r,0.0,Non-Congested,Non-Congested,0
cluster_1420096799_47154676,1,0,0,0,r,y,0.0,Non-Congested,Non-Congested,0
cluster_2455590523_389713_47212064,0,2,0,2,y,r,1.0,Non-Congested,Non-Congested,0
cluster_2461783448_38980632_5243070374,10,6,8,6,G,r,0.0,Congested,Non-Congested,2
cluster_2461880040_2461880142_8131892137,0,1,0,0,r,G,6.0,Non-Congested,Non-Congested,0
cluster_2461880136_4910664147_50607912_8131882097,0,3,0,0,r,r,0.0,Non-Congested,Non-Congested,0
132200274,0,6,0,6,r,G,0.0,Non-Congested,Congested,6
181747232,1,0,0,0,r,y,1.0,Non-Congested,Non-Congested,0
47217361,0,1,0,1,r,r,1.0,Non-Congested,Non-Congested,0
cluster_2455590523_389713_47212064,0,2,0,2,y,r,0.0,Non-Congested,Non-Congested,0
cluster_2461783448_38980632_5243070374,10,6,9,6,G,r,0.0,Congested,Non-Congested,2
cluster_2461880040_2461880142_8131892137,0,1,0,0,r,G,5.0,Non-Congested,Non-Congested,0
cluster_2461880136_4910664147_50607912_8131882097,0,3,0,0,G,r,4.0,Non-Congested,Non-Congested,0
132200274,0,6,0,6,r,G,1.0,Non-Congested,Congested,6
181747232,1,0,0,0,r,y,0.0,Non-Congested,Non-Congested,0
47217361,0,1,0,1,r,r,0.0,Non-Congested,Non-Congested,0
cluster_2455590523_389713_47212064,0,2,0,2,r,r,6.0,Non-Congested,Congested,1
cluster_2461783448_38980632_5243070374,10,6,10,6,y,r,4.0,Congested,Non-Congested,1
cluster_2461880136_4910664147_50607912_8131882097,0,3,0,0,G,r,3.0,Non-Congested,Non-Congested,0
132200274,0,6,0,6,r,G,0.0,Non-Congested,Congested,6
181747232,1,0,0,0,G,r,6.0,Non-Congested,Non-Congested,0
47217361,0,2,0,1,r,r,0.0,Non-Congested,Non-Congested,0
cluster_2455590523_389713_47212064,0,2,0,2,r,r,5.0,Non-Congested,Congested,1
cluster_2461783448_38980632_5243070374,10,7,10,6,y,r,3.0,Congested,Non-Congested,1
cluster_2461880040_2461880142_8131892137,1,1,0,0,r,G,3.0,Non-Congested,Non-Congested,0
cluster_2461880136_4910664147_50607912_8131882097,0,3,0,1,G,r,2.0,Non-Congested,Non-Congested,0
132200274,0,6,0,6,r,G,1.0,Non-Congested,Congested,6
181747232,1,0,0,0,G,r,5.0,Non-Congested,Non-Congested,0
47217361,0,2,0,1,r,r,2.0,Non-Congested,Non-Congested,0
cluster_2455590523_389713_47212064,0,2,0,2,r,r,4.0,Non-Congested,Congested,1
cluster_2461783448_38980632_5243070374,10,7,10,6,y,r,2.0,Congested,Non-Congested,1
cluster_2461880040_2461880142_8131892137,1,1,0,0,r,G,2.0,Non-Congested,Non-Congested,0
cluster_2461880136_4910664147_50607912_8131882097,0,3,0,1,G,r,1.0,Non-Congested,Non-Congested,0
132200274,0,6,0,6,r,G,0.0,Non-Congested,Congested,6
181747232,1,0,0,0,G,r,4.0,Non-Congested,Non-Congested,0
47217361,0,2,0,1,r,r,1.0,Non-Congested,Non-Congested,0
cluster_2455590523_389713_47212064,0,2,0,2,r,r,3.0,Non-Congested,Non-Congested,0
cluster_2461783448_38980632_5243070374,10,7,10,6,y,r,1.0,Congested,Non-Congested,1
cluster_2461880040_2461880142_8131892137,2,2,0,0,r,G,1.0,Non-Congested,Non-Congested,0
cluster_2461880136_4910664147_50607912_8131882097,0,2,0,1,G,r,0.0,Non-Congested,Non-Congested,0
132200274,0,6,0,6,r,G,1.0,Non-Congested,Congested,6
181747232,1,0,0,0,G,r,3.0,Non-Congested,Non-Congested,0
47217361,0,2,0,1,r,r,0.0,Non-Congested,Non-Congested,0
cluster_2455590523_389713_47212064,0,2,0,2,r,r,2.0,Non-Congested,Non-Congested,0
cluster_2461783448_38980632_5243070374,10,7,10,6,y,r,0.0,Congested,Non-Congested,1
cluster_2461880040_2461880142_8131892137,2,2,0,0,r,G,0.0,Non-Congested,Non-Congested,0
cluster_2461880136_4910664147_50607912_8131882097,0,2,0,2,y,r,2.0,Non-Congested,Non-Congested,0
132200274,0,6,0,6,r,G,0.0,Non-Congested,Congested,6
181747232,1,0,0,0,G,r,2.0,Non-Congested,Non-Congested,0
47217361,0,1,0,0,r,G,4.0,Non-Congested,Non-Congested,0
cluster_2455590523_389713_47212064,0,2,0,2,r,r,1.0,Non-Congested,Non-Congested,0
cluster_2461783448_38980632_5243070374,9,7,9,5,r,G,4.0,Congested,Non-Congested,1
cluster_2461880040_2461880142_8131892137,2,2,0,0,r,y,4.0,Non-Congested,Non-Congested,0
cluster_2461880136_4910664147_50607912_8131882097,0,2,0,2,y,r,1.0,Non-Congested,Non-Congested,0
132200274,0,6,0,6,r,G,1.0,Non-Congested,Congested,6
181747232,1,0,0,0,G,r,1.0,Non-Congested,Non-Congested,0
cluster_2455590523_389713_47212064,0,2,0,2,r,r,0.0,Non-Congested,Non-Congested,0
cluster_2461783448_38980632_5243070374,9,7,8,4,r,G,3.0,Congested,Non-Congested,1
cluster_2461880040_2461880142_8131892137,2,3,0,0,r,y,3.0,Non-Congested,Non-Congested,0
cluster_2461880136_4910664147_50607912_8131882097,0,2,0,2,y,r,0.0,Non-Congested,Non-Congested,0
132200274,0,6,0,6,r,G,0.0,Non-Congested,Congested,6
181747232,2,0,0,0,G,r,0.0,Non-Congested,Non-Congested,0
cluster_2455590523_389713_47212064,0,3,0,2,r,r,0.0,Non-Congested,Non-Congested,0
cluster_2461783448_38980632_5243070374,10,7,7,4,r,G,2.0,Congested,Non-Congested,1
cluster_2461880040_2461880142_8131892137,2,3,0,0,r,y,2.0,Non-Congested,Non-Congested,0
cluster_2461880136_4910664147_50607912_8131882097,0,1,0,1,r,G,4.0,Non-Congested,Non-Congested,0
132200274,0,6,0,6,r,y,2.0,Non-Congested,Congested,5
181747232,2,0,0,0,y,r,3.0,Non-Congested,Non-Congested,0
47217361,0,1,0,0,r,G,1.0,Non-Congested,Non-Congested,0
cluster_2455590523_389713_47212064,1,3,0,2,r,r,0.0,Non-Congested,Non-Congested,0
cluster_2461783448_38980632_5243070374,10,7,6,4,r,G,1.0,Congested,Non-Congested,1
cluster_2461880040_2461880142_8131892137,2,3,0,0,r,y,1.0,Non-Congested,Non-Congested,0
cluster_2461880136_4910664147_50607912_8131882097,0,1,0,0,r,G,3.0,Non-Congested,Non-Congested,0
132200274,0,6,0,6,r,y,1.0,Non-Congested,Congested,5
181747232,2,0,0,0,y,r,2.0,Non-Congested,Non-Congested,0
47217361,0,1,0,0,r,G,0.0,Non-Congested,Non-Congested,0
cluster_2455590523_389713_47212064,0,2,0,2,r,r,3.0,Non-Congested,Non-Congested,0
cluster_2461783448_38980632_5243070374,10,7,6,4,r,G,0.0,Congested,Non-Congested,1
cluster_2461880040_2461880142_8131892137,1,3,0,0,r,y,0.0,Non-Congested,Non-Congested,0
cluster_2461880136_4910664147_50607912_8131882097,0,1,0,0,r,G,2.0,Non-Congested,Non-Congested,0
132200274,0,6,0,6,r,y,0.0,Non-Congested,Congested,5
181747232,2,0,0,0,y,r,1.0,Non-Congested,Non-Congested,0
47217361,0,2,0,0,r,y,2.0,Non-Congested,Non-Congested,0
cluster_2455590523_389713_47212064,1,2,0,2,r,r,2.0,Non-Congested,Non-Congested,0
cluster_2461783448_38980632_5243070374,10,7,7,5,r,y,4.0,Congested,Non-Congested,1
cluster_2461880040_2461880142_8131892137,1,3,0,0,r,r,4.0,Non-Congested,Congested,1
cluster_2461880136_4910664147_50607912_8131882097,0,1,0,0,r,G,1.0,Non-Congested,Non-Congested,0
132200274,0,6,0,6,G,r,4.0,Non-Congested,Congested,5
181747232,2,0,0,0,y,r,0.0,Non-Congested,Non-Congested,0
47217361,0,2,0,0,r,y,1.0,Non-Congested,Non-Congested,0
cluster_2455590523_389713_47212064,1,2,0,2,r,r,1.0,Non-Congested,Non-Congested,0
cluster_2461783448_38980632_5243070374,11,7,7,6,r,y,3.0,Congested,Non-Congested,1
cluster_2461880040_2461880142_8131892137,0,2,0,1,r,r,3.0,Non-Congested,Congested,1
cluster_2461880136_4910664147_50607912_8131882097,0,1,0,0,r,G,0.0,Non-Congested,Non-Congested,0
132200274,0,6,0,6,G,r,3.0,Non-Congested,Congested,5
181747232,2,1,0,0,r,G,6.0,Non-Congested,Congested,2
47217361,0,2,0,0,r,y,0.0,Non-Congested,Non-Congested,0
cluster_2455590523_389713_47212064,1,2,0,2,r,r,0.0,Non-Congested,Non-Congested,0
cluster_2461783448_38980632_5243070374,11,7,7,4,r,y,2.0,Congested,Non-Congested,1
cluster_2461880040_2461880142_8131892137,0,2,0,1,r,r,2.0,Non-Congested,Congested,1
cluster_2461880136_4910664147_50607912_8131882097,0,1,0,1,r,y,2.0,Non-Congested,Non-Congested,0
132200274,0,6,0,6,G,r,2.0,Non-Congested,Congested,5
181747232,2,0,0,0,r,G,5.0,Non-Congested,Congested,2
47217361,0,2,0,0,G,r,4.0,Non-Congested,Non-Congested,0
cluster_2455590523_389713_47212064,1,1,0,1,r,G,4.0,Non-Congested,Non-Congested,0
cluster_2461783448_38980632_5243070374,11,7,8,5,r,y,1.0,Congested,Non-Congested,1
cluster_2461880040_2461880142_8131892137,0,2,0,2,r,r,1.0,Non-Congested,Congested,1
cluster_2461880136_4910664147_50607912_8131882097,0,1,0,1,r,y,1.0,Non-Congested,Non-Congested,0
132200274,0,6,0,6,G,r,1.0,Non-Congested,Congested,5
181747232,2,0,0,0,r,G,4.0,Non-Congested,Congested,2
47217361,0,1,0,0,G,r,3.0,Non-Congested,Non-Congested,0
cluster_2455590523_389713_47212064,1,1,0,0,r,G,3.0,Non-Congested,Non-Congested,0
cluster_2461783448_38980632_5243070374,11,7,9,6,r,y,0.0,Congested,Non-Congested,1
cluster_2461880040_2461880142_8131892137,0,2,0,2,r,r,0.0,Non-Congested,Congested,1
cluster_2461880136_4910664147_50607912_8131882097,0,2,0,1,r,y,0.0,Non-Congested,Non-Congested,0
132200274,0,7,0,6,G,r,0.0,Non-Congested,Congested,5
181747232,2,0,0,0,r,G,3.0,Non-Congested,Congested,2
47217361,0,1,0,0,G,r,2.0,Non-Congested,Non-Congested,0
cluster_2455590523_389713_47212064,1,2,1,0,r,G,2.0,Non-Congested,Non-Congested,0
cluster_2461783448_38980632_5243070374,11,7,9,6,G,r,4.0,Congested,Non-Congested,2
cluster_2461880040_2461880142_8131892137,0,2,0,2,r,r,1.0,Non-Congested,Congested,1
cluster_2461880136_4910664147_50607912_8131882097,0,2,0,1,r,r,0.0,Non-Congested,Non-Congested,0
132200274,0,7,0,6,y,r,2.0,Non-Congested,Congested,5
181747232,2,0,0,0,r,G,2.0,Non-Congested,Non-Congested,0
47217361,0,1,0,0,G,r,1.0,Non-Congested,Non-Congested,0
cluster_2455590523_389713_47212064,1,1,1,0,r,G,1.0,Non-Congested,Non-Congested,0
cluster_2461783448_38980632_5243070374,10,7,10,7,G,r,3.0,Congested,Non-Congested,2
cluster_2461880040_2461880142_8131892137,0,2,0,2,r,r,0.0,Non-Congested,Congested,1
cluster_2461880136_4910664147_50607912_8131882097,0,2,0,1,G,r,4.0,Non-Congested,Non-Congested,0
132200274,0,7,0,6,y,r,1.0,Non-Congested,Congested,5
181747232,3,1,0,0,r,G,1.0,Non-Congested,Non-Congested,0
47217361,0,1,0,0,G,r,0.0,Non-Congested,Non-Congested,0
cluster_2455590523_389713_47212064,1,1,1,0,r,G,0.0,Non-Congested,Non-Congested,0
cluster_2461783448_38980632_5243070374,10,7,10,7,G,r,2.0,Congested,Non-Congested,2
cluster_2461880040_2461880142_8131892137,0,2,0,2,r,r,1.0,Non-Congested,Congested,1
cluster_2461880136_4910664147_50607912_8131882097,0,2,0,1,G,r,3.0,Non-Congested,Non-Congested,0
132200274,0,7,0,6,y,r,0.0,Non-Congested,Congested,5
181747232,3,1,0,0,r,G,0.0,Non-Congested,Congested,2
47217361,0,1,0,0,y,r,2.0,Non-Congested,Non-Congested,0
cluster_2455590523_389713_47212064,1,1,1,0,r,y,3.0,Non-Congested,Non-Congested,0
cluster_2461783448_38980632_5243070374,10,7,10,7,G,r,1.0,Congested,Non-Congested,2
cluster_2461880040_2461880142_8131892137,0,2,0,2,r,r,0.0,Non-Congested,Congested,1
cluster_2461880136_4910664147_50607912_8131882097,0,2,0,1,G,r,2.0,Non-Congested,Non-Congested,0
132200274,0,5,0,5,r,G,4.0,Non-Congested,Congested,2
181747232,3,1,0,0,r,G,0.0,Non-Congested,Non-Congested,0
47217361,0,1,0,0,y,r,1.0,Non-Congested,Non-Congested,0
cluster_2455590523_389713_47212064,1,1,1,0,r,y,2.0,Non-Congested,Non-Congested,0
cluster_2461783448_38980632_5243070374,10,7,10,7,G,r,0.0,Congested,Non-Congested,2
cluster_2461880040_2461880142_8131892137,0,2,0,2,r,r,1.0,Non-Congested,Congested,1
cluster_2461880136_4910664147_50607912_8131882097,0,2,0,1,G,r,1.0,Non-Congested,Non-Congested,0
132200274,0,5,0,4,r,G,3.0,Non-Congested,Congested,2
181747232,4,2,0,0,r,G,0.0,Non-Congested,Non-Congested,0
47217361,0,1,0,0,y,r,0.0,Non-Congested,Non-Congested,0
cluster_2455590523_389713_47212064,1,0,1,0,r,y,1.0,Non-Congested,Non-Congested,0
cluster_2461783448_38980632_5243070374,10,7,10,7,G,r,4.0,Congested,Non-Congested,2
cluster_2461880040_2461880142_8131892137,0,2,0,2,r,r,0.0,Non-Congested,Congested,1
cluster_2461880136_4910664147_50607912_8131882097,0,2,0,1,G,r,0.0,Non-Congested,Non-Congested,0
132200274,0,6,0,3,r,G,2.0,Non-Congested,Congested,2
181747232,4,2,0,0,r,y,3.0,Non-Congested,Non-Congested,0
47217361,0,1,0,0,r,r,4.0,Non-Congested,Non-Congested,0
cluster_2455590523_389713_47212064,1,0,1,0,r,y,0.0,Non-Congested,Non-Congested,0
cluster_2461783448_38980632_5243070374,10,7,10,7,G,r,3.0,Congested,Non-Congested,2
cluster_2461880040_2461880142_8131892137,0,2,0,2,r,r,1.0,Non-Congested,Congested,1
cluster_2461880136_4910664147_50607912_8131882097,0,2,0,1,y,r,2.0,Non-Congested,Non-Congested,0
132200274,0,4,0,1,r,G,1.0,Non-Congested,Congested,2
181747232,4,2,0,0,r,y,2.0,Non-Congested,Non-Congested,0
47217361,0,1,0,0,r,r,3.0,Non-Congested,Non-Congested,0
cluster_2461783448_38980632_5243070374,10,7,10,7,G,r,2.0,Congested,Non-Congested,2
cluster_2461880040_2461880142_8131892137,0,2,0,2,r,r,0.0,Non-Congested,Congested,1
cluster_2461880136_4910664147_50607912_8131882097,0,3,0,1,y,r,1.0,Non-Congested,Non-Congested,0
132200274,0,4,0,0,r,G,0.0,Non-Congested,Non-Congested,0
181747232,4,2,0,0,r,y,1.0,Non-Congested,Non-Congested,0
47217361,0,1,0,0,r,r,2.0,Non-Congested,Non-Congested,0
cluster_2461783448_38980632_5243070374,10,7,10,7,G,r,1.0,Congested,Non-Congested,2
cluster_2461880040_2461880142_8131892137,0,2,0,2,r,r,1.0,Non-Congested,Congested,1
cluster_2461880136_4910664147_50607912_8131882097,0,3,0,1,y,r,0.0,Non-Congested,Non-Congested,0
132200274,0,3,0,0,r,y,2.0,Non-Congested,Non-Congested,0
181747232,4,2,0,0,r,y,0.0,Non-Congested,Non-Congested,0
47217361,0,1,0,0,r,r,1.0,Non-Congested,Non-Congested,0
cluster_2461783448_38980632_5243070374,10,7,10,7,G,r,0.0,Congested,Non-Congested,2
cluster_2461880040_2461880142_8131892137,0,2,0,2,r,r,0.0,Non-Congested,Congested,1
cluster_2461880136_4910664147_50607912_8131882097,0,2,0,0,r,G,4.0,Non-Congested,Non-Congested,0
132200274,0,4,0,1,r,y,1.0,Non-Congested,Non-Congested,0
181747232,4,2,0,0,G,r,6.0,Non-Congested,Non-Congested,0
47217361,0,1,0,0,r,r,0.0,Non-Congested,Non-Congested,0
cluster_2455590523_389713_47212064,1,0,0,0,G,r,1.0,Non-Congested,Non-Congested,0
cluster_2461783448_38980632_5243070374,10,7,10,7,G,r,9.0,Congested,Non-Congested,2
cluster_2461880040_2461880142_8131892137,0,2,0,2,r,r,1.0,Non-Congested,Congested,1
cluster_2461880136_4910664147_50607912_8131882097,0,1,0,0,r,G,3.0,Non-Congested,Non-Congested,0
132200274,0,5,0,1,r,y,0.0,Non-Congested,Non-Congested,0
181747232,4,2,0,0,G,r,5.0,Non-Congested,Non-Congested,0
47217361,0,1,0,1,r,r,2.0,Non-Congested,Non-Congested,0
cluster_2455590523_389713_47212064,1,0,0,0,G,r,0.0,Non-Congested,Non-Congested,0
cluster_2461783448_38980632_5243070374,10,7,10,7,G,r,8.0,Congested,Non-Congested,2
cluster_2461880040_2461880142_8131892137,0,2,0,2,r,r,0.0,Non-Congested,Congested,1
cluster_2461880136_4910664147_50607912_8131882097,0,1,0,0,r,G,2.0,Non-Congested,Non-Congested,0
132200274,0,6,0,1,G,r,4.0,Non-Congested,Congested,1
181747232,4,2,0,0,G,r,4.0,Non-Congested,Non-Congested,0
47217361,0,1,0,1,r,r,1.0,Non-Congested,Non-Congested,0
cluster_2455590523_389713_47212064,1,0,0,0,G,r,1.0,Non-Congested,Non-Congested,0
cluster_2461783448_38980632_5243070374,10,7,10,7,G,r,7.0,Congested,Non-Congested,2
cluster_2461880040_2461880142_8131892137,0,2,0,2,r,r,1.0,Non-Congested,Congested,1
cluster_2461880136_4910664147_50607912_8131882097,0,2,0,0,r,G,1.0,Non-Congested,Non-Congested,0
132200274,0,6,0,2,G,r,3.0,Non-Congested,Congested,1
181747232,4,2,0,0,G,r,3.0,Non-Congested,Non-Congested,0
47217361,0,1,0,1,r,r,0.0,Non-Congested,Non-Congested,0
cluster_2455590523_389713_47212064,0,1,0,0,G,r,0.0,Non-Congested,Non-Congested,0
cluster_2461783448_38980632_5243070374,10,7,10,7,G,r,6.0,Congested,Non-Congested,2
cluster_2461880040_2461880142_8131892137,0,2,0,2,r,r,0.0,Non-Congested,Congested,1
cluster_2461880136_4910664147_50607912_8131882097,0,2,0,0,r,G,0.0,Non-Congested,Non-Congested,0
132200274,0,6,0,3,G,r,2.0,Non-Congested,Congested,1
181747232,3,2,0,0,G,r,2.0,Non-Congested,Non-Congested,0
cluster_2455590523_389713_47212064,0,1,0,0,G,r,0.0,Non-Congested,Non-Congested,0
cluster_2461783448_38980632_5243070374,10,7,10,7,G,r,5.0,Congested,Non-Congested,2
cluster_2461880040_2461880142_8131892137,0,2,0,2,r,r,1.0,Non-Congested,Congested,1
cluster_2461880136_4910664147_50607912_8131882097,0,3,0,0,r,G,1.0,Non-Congested,Non-Congested,0
132200274,0,6,0,4,G,r,1.0,Non-Congested,Congested,1
181747232,4,3,0,0,G,r,1.0,Non-Congested,Non-Congested,0
cluster_2455590523_389713_47212064,0,1,0,0,y,r,3.0,Non-Congested,Non-Congested,0
cluster_2461783448_38980632_5243070374,10,7,10,7,G,r,4.0,Congested,Non-Congested,2
cluster_2461880040_2461880142_8131892137,0,2,0,2,r,r,0.0,Non-Congested,Congested,1
cluster_2461880136_4910664147_50607912_8131882097,0,2,0,0,r,G,0.0,Non-Congested,Non-Congested,0
132200274,0,5,0,4,G,r,0.0,Non-Congested,Congested,1
181747232,4,3,1,1,G,r,0.0,Non-Congested,Non-Congested,0
cluster_2461783448_38980632_5243070374,10,7,10,7,G,r,3.0,Congested,Non-Congested,2
cluster_2461880040_2461880142_8131892137,0,2,0,2,r,r,1.0,Non-Congested,Congested,1
cluster_2461880136_4910664147_50607912_8131882097,0,2,0,0,r,G,0.0,Non-Congested,Non-Congested,0
132200274,0,6,0,4,G,r,1.0,Non-Congested,Congested,1
181747232,4,3,1,1,G,r,1.0,Non-Congested,Non-Congested,0
cluster_2461783448_38980632_5243070374,10,7,10,7,G,r,2.0,Congested,Non-Congested,2
cluster_2461880040_2461880142_8131892137,0,2,0,2,r,r,0.0,Non-Congested,Congested,1
cluster_2461880136_4910664147_50607912_8131882097,0,3,0,0,r,y,2.0,Non-Congested,Non-Congested,0
132200274,0,6,0,5,G,r,0.0,Non-Congested,Congested,1
181747232,3,3,1,1,G,r,0.0,Non-Congested,Non-Congested,0
cluster_2455590523_389713_47212064,0,1,0,0,y,r,0.0,Non-Congested,Non-Congested,0
cluster_2461783448_38980632_5243070374,10,7,10,7,G,r,1.0,Congested,Non-Congested,2
cluster_2461880040_2461880142_8131892137,0,2,0,2,r,r,1.0,Non-Congested,Congested,1
cluster_2461880136_4910664147_50607912_8131882097,0,3,0,0,r,y,1.0,Non-Congested,Non-Congested,0
132200274,0,6,0,5,G,r,1.0,Non-Congested,Congested,1
181747232,4,4,2,2,G,r,0.0,Non-Congested,Non-Congested,0
47217361,0,1,0,0,r,y,2.0,Non-Congested,Non-Congested,0
cluster_2455590523_389713_47212064,0,1,0,0,r,r,6.0,Non-Congested,Congested,1
cluster_2461783448_38980632_5243070374,10,7,10,7,G,r,0.0,Congested,Non-Congested,2
cluster_2461880040_2461880142_8131892137,0,2,0,2,r,r,0.0,Non-Congested,Congested,1
cluster_2461880136_4910664147_50607912_8131882097,0,3,0,0,r,y,0.0,Non-Congested,Non-Congested,0
132200274,0,5,0,4,G,r,0.0,Non-Congested,Congested,1
181747232,4,4,2,2,y,r,3.0,Non-Congested,Non-Congested,0
47217361,0,1,0,0,r,y,1.0,Non-Congested,Non-Congested,0
cluster_2461783448_38980632_5243070374,10,7,10,7,y,r,4.0,Congested,Non-Congested,1
cluster_2461880040_2461880142_8131892137,0,2,0,2,r,r,1.0,Non-Congested,Congested,1
cluster_2461880136_4910664147_50607912_8131882097,0,3,0,0,r,r,0.0,Non-Congested,Non-Congested,0
132200274,0,5,0,4,G,r,1.0,Non-Congested,Congested,1
181747232,4,4,2,2,y,r,2.0,Non-Congested,Non-Congested,0
47217361,0,1,0,0,r,y,0.0,Non-Congested,Non-Congested,0
cluster_2461783448_38980632_5243070374,10,7,10,7,y,r,3.0,Congested,Non-Congested,1
cluster_2461880040_2461880142_8131892137,0,2,0,2,r,r,0.0,Non-Congested,Congested,1
cluster_2461880136_4910664147_50607912_8131882097,0,3,0,0,G,r,4.0,Non-Congested,Non-Congested,0
132200274,0,5,0,3,G,r,0.0,Non-Congested,Congested,1
181747232,4,4,2,2,y,r,1.0,Non-Congested,Non-Congested,0
47217361,0,1,0,0,G,r,4.0,Non-Congested,Non-Congested,0
cluster_2461783448_38980632_5243070374,10,7,10,7,y,r,2.0,Congested,Non-Congested,1
cluster_2461880040_2461880142_8131892137,0,2,0,2,r,r,1.0,Non-Congested,Congested,1
cluster_2461880136_4910664147_50607912_8131882097,0,3,0,0,G,r,3.0,Non-Congested,Non-Congested,0
132200274,0,4,0,3,G,r,1.0,Non-Congested,Congested,1
181747232,4,4,1,1,y,r,0.0,Non-Congested,Non-Congested,0
47217361,0,1,0,0,G,r,3.0,Non-Congested,Non-Congested,0
cluster_2461783448_38980632_5243070374,10,7,10,7,y,r,1.0,Congested,Non-Congested,1
cluster_2461880040_2461880142_8131892137,0,2,0,2,r,r,0.0,Non-Congested,Congested,1
cluster_2461880136_4910664147_50607912_8131882097,0,3,0,0,G,r,2.0,Non-Congested,Non-Congested,0
132200274,0,4,0,3,G,r,0.0,Non-Congested,Congested,1
181747232,3,3,0,0,r,G,6.0,Non-Congested,Congested,2
47217361,0,1,0,0,G,r,2.0,Non-Congested,Non-Congested,0
cluster_2461783448_38980632_5243070374,10,7,10,7,y,r,0.0,Congested,Non-Congested,1
cluster_2461880040_2461880142_8131892137,0,2,0,2,r,r,1.0,Non-Congested,Congested,1
cluster_2461880136_4910664147_50607912_8131882097,0,3,0,1,G,r,1.0,Non-Congested,Non-Congested,0
132200274,0,3,0,3,G,r,1.0,Non-Congested,Congested,1
181747232,3,3,0,0,r,G,5.0,Non-Congested,Non-Congested,0
47217361,0,1,0,0,G,r,1.0,Non-Congested,Non-Congested,0
cluster_2461783448_38980632_5243070374,10,7,10,7,r,G,4.0,Congested,Non-Congested,1
cluster_2461880040_2461880142_8131892137,0,2,0,2,r,r,0.0,Non-Congested,Congested,1
cluster_2461880136_4910664147_50607912_8131882097,0,2,0,1,G,r,0.0,Non-Congested,Non-Congested,0
cluster_59665162_8742497506,1,0,0,0,r,G,1.0,Non-Congested,Non-Congested,0
132200274,0,3,0,3,G,r,0.0,Non-Congested,Congested,1
181747232,3,3,0,0,r,G,4.0,Non-Congested,Non-Congested,0
cluster_2461783448_38980632_5243070374,10,7,10,7,r,G,3.0,Congested,Non-Congested,1
cluster_2461880040_2461880142_8131892137,1,2,0,2,r,r,4.0,Non-Congested,Congested,1
cluster_2461880136_4910664147_50607912_8131882097,0,2,0,1,y,r,2.0,Non-Congested,Non-Congested,0
cluster_59665162_8742497506,1,0,0,0,r,G,0.0,Non-Congested,Non-Congested,0
132200274,0,3,0,3,G,r,1.0,Non-Congested,Congested,1
181747232,4,4,0,0,r,G,3.0,Non-Congested,Non-Congested,0
cluster_2461783448_38980632_5243070374,10,7,10,7,r,G,2.0,Congested,Non-Congested,1
cluster_2461880040_2461880142_8131892137,1,2,0,2,r,r,3.0,Non-Congested,Congested,1
cluster_2461880136_4910664147_50607912_8131882097,1,1,0,1,y,r,1.0,Non-Congested,Non-Congested,0
cluster_59665162_8742497506,1,0,0,0,r,y,2.0,Non-Congested,Non-Congested,0
132200274,0,3,0,3,G,r,0.0,Non-Congested,Congested,1
181747232,4,4,0,0,r,G,2.0,Non-Congested,Non-Congested,0
cluster_2455590523_389713_47212064,1,0,0,0,r,r,2.0,Non-Congested,Non-Congested,0
cluster_2461783448_38980632_5243070374,10,7,10,7,r,G,1.0,Congested,Non-Congested,1
cluster_2461880040_2461880142_8131892137,1,2,0,2,r,r,2.0,Non-Congested,Congested,1
cluster_2461880136_4910664147_50607912_8131882097,1,1,0,1,y,r,0.0,Congested,Non-Congested,1
cluster_59665162_8742497506,1,0,1,0,r,y,1.0,Non-Congested,Non-Congested,0
132200274,0,3,0,3,G,r,1.0,Non-Congested,Congested,1
181747232,3,3,0,0,r,G,1.0,Non-Congested,Non-Congested,0
cluster_2461783448_38980632_5243070374,10,7,10,7,r,G,0.0,Congested,Non-Congested,1
cluster_2461880040_2461880142_8131892137,1,2,1,2,r,r,1.0,Non-Congested,Congested,1
cluster_2461880136_4910664147_50607912_8131882097,1,0,0,0,r,G,4.0,Congested,Non-Congested,1
cluster_59665162_8742497506,1,0,1,0,r,y,0.0,Non-Congested,Non-Congested,0
132200274,0,3,0,3,G,r,0.0,Non-Congested,Congested,1
181747232,4,4,0,0,r,G,0.0,Non-Congested,Non-Congested,0
cluster_2455590523_389713_47212064,0,1,0,1,r,r,0.0,Non-Congested,Non-Congested,0
cluster_2461783448_38980632_5243070374,10,7,10,7,r,y,4.0,Congested,Non-Congested,1
cluster_2461880040_2461880142_8131892137,1,2,1,2,r,r,0.0,Non-Congested,Congested,1
cluster_2461880136_4910664147_50607912_8131882097,1,0,0,0,r,G,3.0,Congested,Non-Congested,1
cluster_59665162_8742497506,1,0,0,0,G,r,4.0,Congested,Non-Congested,2
132200274,0,3,0,3,G,r,1.0,Non-Congested,Congested,1
181747232,4,4,0,0,r,G,0.0,Non-Congested,Non-Congested,0
cluster_2455590523_389713_47212064,0,1,0,0,r,G,4.0,Non-Congested,Non-Congested,0
cluster_2461783448_38980632_5243070374,10,7,10,7,r,y,3.0,Congested,Non-Congested,1
cluster_2461880040_2461880142_8131892137,0,2,0,2,G,r,4.0,Non-Congested,Congested,1
cluster_2461880136_4910664147_50607912_8131882097,1,0,1,0,r,G,2.0,Congested,Non-Congested,1
132200274,0,3,0,3,G,r,0.0,Non-Congested,Congested,1
181747232,3,3,0,0,r,y,3.0,Non-Congested,Non-Congested,0
cluster_2455590523_389713_47212064,0,1,0,0,r,G,3.0,Non-Congested,Non-Congested,0
cluster_2461783448_38980632_5243070374,10,7,10,7,r,y,2.0,Congested,Non-Congested,1
cluster_2461880040_2461880142_8131892137,0,2,0,2,G,r,3.0,Non-Congested,Congested,1
cluster_2461880136_4910664147_50607912_8131882097,1,0,1,0,r,G,1.0,Congested,Non-Congested,1
132200274,0,3,0,3,G,r,1.0,Non-Congested,Congested,1
181747232,3,3,0,0,r,y,2.0,Non-Congested,Non-Congested,0
cluster_2455590523_389713_47212064,0,1,0,0,r,G,2.0,Non-Congested,Non-Congested,0
cluster_2461783448_38980632_5243070374,10,7,10,7,r,y,1.0,Congested,Non-Congested,1
cluster_2461880040_2461880142_8131892137,0,2,0,2,G,r,2.0,Non-Congested,Congested,1
cluster_2461880136_4910664147_50607912_8131882097,1,0,1,0,r,G,0.0,Congested,Non-Congested,1
132200274,0,3,0,3,G,r,0.0,Non-Congested,Congested,1
181747232,3,3,0,0,r,y,1.0,Non-Congested,Non-Congested,0
cluster_2455590523_389713_47212064,0,1,0,0,r,G,1.0,Non-Congested,Non-Congested,0
cluster_2461783448_38980632_5243070374,10,7,10,7,r,y,0.0,Congested,Non-Congested,1
cluster_2461880040_2461880142_8131892137,0,2,0,2,G,r,1.0,Non-Congested,Congested,1
cluster_2461880136_4910664147_50607912_8131882097,1,1,1,0,r,y,2.0,Congested,Non-Congested,1
132200274,0,3,0,3,G,r,1.0,Non-Congested,Congested,1
181747232,2,2,0,0,r,y,0.0,Non-Congested,Non-Congested,0
cluster_2461783448_38980632_5243070374,10,7,10,7,G,r,4.0,Congested,Non-Congested,2
cluster_2461880040_2461880142_8131892137,1,3,0,2,G,r,0.0,Non-Congested,Congested,1
cluster_2461880136_4910664147_50607912_8131882097,1,1,1,0,r,y,1.0,Congested,Non-Congested,1
132200274,0,3,0,3,G,r,0.0,Non-Congested,Congested,1
181747232,2,2,0,0,G,r,6.0,Non-Congested,Non-Congested,0
cluster_2461783448_38980632_5243070374,10,7,10,7,G,r,3.0,Congested,Non-Congested,2
cluster_2461880040_2461880142_8131892137,1,3,0,2,y,r,4.0,Non-Congested,Congested,1
cluster_2461880136_4910664147_50607912_8131882097,1,1,1,0,r,y,0.0,Congested,Non-Congested,1
132200274,0,3,0,3,G,r,1.0,Non-Congested,Congested,1
181747232,2,2,0,0,G,r,5.0,Non-Congested,Non-Congested,0
cluster_2461783448_38980632_5243070374,10,7,10,7,G,r,2.0,Congested,Non-Congested,2
cluster_2461880040_2461880142_8131892137,1,3,0,2,y,r,3.0,Non-Congested,Congested,1
cluster_2461880136_4910664147_50607912_8131882097,1,1,1,0,r,r,0.0,Congested,Non-Congested,1
132200274,0,3,0,3,G,r,0.0,Non-Congested,Congested,1
181747232,2,2,0,0,G,r,4.0,Non-Congested,Non-Congested,0
cluster_2461783448_38980632_5243070374,10,7,10,7,G,r,1.0,Congested,Non-Congested,2
cluster_2461880040_2461880142_8131892137,1,3,0,2,y,r,2.0,Non-Congested,Congested,1
cluster_2461880136_4910664147_50607912_8131882097,0,1,0,0,G,r,4.0,Congested,Non-Congested,2
132200274,0,3,0,3,G,r,1.0,Non-Congested,Congested,1
181747232,1,1,0,0,G,r,3.0,Non-Congested,Non-Congested,0
cluster_2455590523_389713_47212064,1,0,0,0,r,y,0.0,Non-Congested,Non-Congested,0
cluster_2461783448_38980632_5243070374,10,7,10,7,G,r,0.0,Congested,Non-Congested,2
cluster_2461880040_2461880142_8131892137,1,3,0,2,y,r,1.0,Non-Congested,Congested,1
cluster_2461880136_4910664147_50607912_8131882097,0,1,0,0,G,r,3.0,Congested,Non-Congested,2
132200274,0,3,0,3,G,r,0.0,Non-Congested,Congested,1
181747232,1,1,0,0,G,r,2.0,Non-Congested,Non-Congested,0
cluster_2455590523_389713_47212064,1,0,0,0,G,r,4.0,Non-Congested,Non-Congested,0
cluster_2461783448_38980632_5243070374,10,7,10,7,G,r,4.0,Congested,Non-Congested,2
cluster_2461880040_2461880142_8131892137,1,3,0,2,y,r,0.0,Non-Congested,Congested,1
cluster_2461880136_4910664147_50607912_8131882097,0,1,0,0,G,r,2.0,Non-Congested,Non-Congested,0
132200274,0,3,0,3,G,r,1.0,Non-Congested,Congested,1
181747232,1,1,0,0,G,r,1.0,Non-Congested,Non-Congested,0
cluster_2455590523_389713_47212064,1,0,0,0,G,r,3.0,Non-Congested,Non-Congested,0
cluster_2461783448_38980632_5243070374,10,8,10,8,G,r,3.0,Congested,Non-Congested,2
cluster_2461880040_2461880142_8131892137,1,3,0,1,r,G,9.0,Non-Congested,Congested,2
cluster_2461880136_4910664147_50607912_8131882097,0,1,0,0,G,r,1.0,Non-Congested,Non-Congested,0
132200274,0,3,0,3,G,r,0.0,Non-Congested,Congested,1
181747232,1,1,0,0,G,r,0.0,Non-Congested,Non-Congested,0
cluster_2461783448_38980632_5243070374,10,8,10,7,G,r,2.0,Congested,Non-Congested,2
cluster_2461880040_2461880142_8131892137,0,1,0,0,r,G,8.0,Non-Congested,Congested,2
cluster_2461880136_4910664147_50607912_8131882097,0,1,0,0,G,r,0.0,Non-Congested,Non-Congested,0
132200274,0,3,0,3,y,r,2.0,Non-Congested,Congested,1
181747232,1,1,1,1,y,r,3.0,Non-Congested,Non-Congested,0
cluster_2461783448_38980632_5243070374,10,8,10,7,G,r,1.0,Congested,Non-Congested,2
cluster_2461880040_2461880142_8131892137,0,1,0,0,r,G,7.0,Non-Congested,Non-Congested,0
cluster_2461880136_4910664147_50607912_8131882097,0,1,0,0,y,r,2.0,Non-Congested,Non-Congested,0
cluster_59665162_8742497506,1,0,0,0,r,G,1.0,Non-Congested,Non-Congested,0
132200274,0,3,0,3,y,r,1.0,Non-Congested,Congested,1
181747232,1,1,1,1,y,r,2.0,Non-Congested,Non-Congested,0
cluster_2461783448_38980632_5243070374,10,8,10,7,G,r,0.0,Congested,Non-Congested,2
cluster_2461880040_2461880142_8131892137,0,1,0,0,r,G,6.0,Non-Congested,Non-Congested,0
cluster_2461880136_4910664147_50607912_8131882097,0,1,0,0,y,r,1.0,Non-Congested,Non-Congested,0
cluster_59665162_8742497506,1,0,0,0,r,G,0.0,Non-Congested,Non-Congested,0
132200274,0,3,0,3,y,r,0.0,Non-Congested,Congested,1
181747232,1,1,1,1,y,r,1.0,Non-Congested,Non-Congested,0
cluster_1420096799_47154676,1,0,0,0,r,G,0.0,Non-Congested,Non-Congested,0
cluster_181310323_5380872437,1,0,0,0,r,y,0.0,Non-Congested,Non-Congested,0
cluster_2461783448_38980632_5243070374,10,8,10,7,G,r,9.0,Congested,Non-Congested,2
cluster_2461880040_2461880142_8131892137,0,1,0,0,r,G,5.0,Non-Congested,Non-Congested,0
cluster_2461880136_4910664147_50607912_8131882097,0,2,0,0,y,r,0.0,Non-Congested,Non-Congested,0
cluster_59665162_8742497506,1,0,1,0,r,y,2.0,Non-Congested,Non-Congested,0
132200274,0,1,0,1,r,G,4.0,Non-Congested,Congested,2
181747232,1,1,1,1,y,r,0.0,Non-Congested,Non-Congested,0
cluster_1420096799_47154676,1,0,0,0,r,y,3.0,Non-Congested,Non-Congested,0
cluster_181310323_5380872437,1,0,0,0,G,r,6.0,Non-Congested,Non-Congested,0
cluster_2461783448_38980632_5243070374,10,8,10,7,G,r,8.0,Congested,Non-Congested,2
cluster_2461880040_2461880142_8131892137,0,1,0,0,r,G,4.0,Non-Congested,Non-Congested,0
cluster_2461880136_4910664147_50607912_8131882097,0,1,0,0,r,G,4.0,Non-Congested,Non-Congested,0
cluster_59665162_8742497506,1,0,1,0,r,y,1.0,Non-Congested,Non-Congested,0
132200274,0,1,0,0,r,G,3.0,Non-Congested,Congested,2
181747232,1,1,1,1,r,G,6.0,Non-Congested,Non-Congested,0
cluster_1420096799_47154676,1,0,0,0,r,y,2.0,Non-Congested,Non-Congested,0
cluster_181310323_5380872437,1,0,0,0,G,r,5.0,Non-Congested,Non-Congested,0
cluster_2455590523_389713_47212064,0,1,0,0,y,r,1.0,Non-Congested,Non-Congested,0
cluster_2461783448_38980632_5243070374,10,8,10,7,G,r,7.0,Congested,Non-Congested,2
cluster_2461880040_2461880142_8131892137,1,1,0,0,r,G,3.0,Non-Congested,Non-Congested,0
cluster_2461880136_4910664147_50607912_8131882097,0,1,0,0,r,G,3.0,Non-Congested,Non-Congested,0
cluster_59665162_8742497506,1,0,1,0,r,y,0.0,Non-Congested,Non-Congested,0
132200274,0,1,0,0,r,G,2.0,Non-Congested,Non-Congested,0
181747232,1,1,1,1,r,G,5.0,Non-Congested,Non-Congested,0
cluster_1420096799_47154676,1,0,0,0,r,y,1.0,Non-Congested,Non-Congested,0
cluster_181310323_5380872437,1,0,0,0,G,r,4.0,Non-Congested,Non-Congested,0
cluster_2455590523_389713_47212064,0,1,0,0,y,r,0.0,Non-Congested,Non-Congested,0
cluster_2461783448_38980632_5243070374,10,8,10,7,G,r,6.0,Congested,Non-Congested,2
cluster_2461880040_2461880142_8131892137,1,1,0,0,r,G,2.0,Non-Congested,Non-Congested,0
cluster_2461880136_4910664147_50607912_8131882097,0,1,0,0,r,G,2.0,Non-Congested,Non-Congested,0
132200274,0,3,0,0,r,G,1.0,Non-Congested,Non-Congested,0
181747232,1,1,1,1,r,G,4.0,Non-Congested,Non-Congested,0
cluster_1420096799_47154676,1,0,0,0,r,y,0.0,Non-Congested,Non-Congested,0
cluster_2461783448_38980632_5243070374,10,8,10,7,G,r,5.0,Congested,Non-Congested,2
cluster_2461880040_2461880142_8131892137,1,1,0,0,r,G,1.0,Non-Congested,Non-Congested,0
cluster_2461880136_4910664147_50607912_8131882097,0,1,0,0,r,G,1.0,Non-Congested,Non-Congested,0
132200274,0,4,0,0,r,G,0.0,Non-Congested,Non-Congested,0
181747232,1,1,1,1,r,G,3.0,Non-Congested,Non-Congested,0
cluster_2461783448_38980632_5243070374,10,8,10,7,G,r,4.0,Congested,Non-Congested,2
cluster_2461880040_2461880142_8131892137,2,2,0,0,r,G,0.0,Non-Congested,Non-Congested,0
cluster_2461880136_4910664147_50607912_8131882097,0,1,0,0,r,G,0.0,Non-Congested,Non-Congested,0
132200274,0,2,0,0,r,G,1.0,Non-Congested,Non-Congested,0
181747232,2,1,1,1,r,G,2.0,Non-Congested,Non-Congested,0
cluster_181310323_5380872437,1,0,0,0,G,r,1.0,Non-Congested,Non-Congested,0
cluster_2461783448_38980632_5243070374,10,8,10,8,G,r,3.0,Congested,Non-Congested,2
cluster_2461880040_2461880142_8131892137,2,3,0,0,r,y,4.0,Non-Congested,Non-Congested,0
cluster_2461880136_4910664147_50607912_8131882097,0,1,0,0,r,y,2.0,Non-Congested,Non-Congested,0
132200274,0,3,0,0,r,G,0.0,Non-Congested,Non-Congested,0
181747232,2,1,1,1,r,G,1.0,Non-Congested,Non-Congested,0
cluster_181310323_5380872437,1,0,0,0,G,r,0.0,Non-Congested,Non-Congested,0
cluster_2461783448_38980632_5243070374,10,8,10,8,G,r,2.0,Congested,Non-Congested,2
cluster_2461880040_2461880142_8131892137,2,3,0,0,r,y,3.0,Non-Congested,Congested,1
cluster_2461880136_4910664147_50607912_8131882097,0,1,0,0,r,y,1.0,Non-Congested,Non-Congested,0
132200274,0,2,0,0,r,G,1.0,Non-Congested,Non-Congested,0
181747232,2,1,1,1,r,G,0.0,Non-Congested,Non-Congested,0
cluster_181310323_5380872437,1,0,0,0,y,r,3.0,Non-Congested,Non-Congested,0
cluster_2461783448_38980632_5243070374,10,8,10,8,G,r,1.0,Congested,Non-Congested,2
cluster_2461880040_2461880142_8131892137,2,3,0,0,r,y,2.0,Non-Congested,Congested,1
cluster_2461880136_4910664147_50607912_8131882097,0,1,0,0,r,y,0.0,Non-Congested,Non-Congested,0
132200274,0,1,0,0,r,G,0.0,Non-Congested,Non-Congested,0
181747232,2,1,1,1,r,y,3.0,Non-Congested,Non-Congested,0
cluster_181310323_5380872437,1,0,0,0,y,r,2.0,Non-Congested,Non-Congested,0
cluster_2461783448_38980632_5243070374,10,8,10,8,G,r,0.0,Congested,Non-Congested,2
cluster_2461880040_2461880142_8131892137,2,4,0,1,r,y,1.0,Non-Congested,Congested,1
cluster_2461880136_4910664147_50607912_8131882097,0,1,0,0,r,r,0.0,Non-Congested,Non-Congested,0
132200274,1,0,0,0,r,G,1.0,Non-Congested,Non-Congested,0
181747232,2,1,1,1,r,y,2.0,Non-Congested,Non-Congested,0
cluster_181310323_5380872437,1,0,0,0,y,r,1.0,Non-Congested,Non-Congested,0
cluster_2461783448_38980632_5243070374,10,8,10,8,y,r,4.0,Congested,Non-Congested,1
cluster_2461880040_2461880142_8131892137,2,4,0,1,r,y,0.0,Non-Congested,Congested,1
cluster_2461880136_4910664147_50607912_8131882097,1,1,0,0,G,r,4.0,Non-Congested,Non-Congested,0
132200274,1,1,0,0,r,G,0.0,Non-Congested,Congested,2
181747232,1,0,0,0,r,y,1.0,Non-Congested,Non-Congested,0
cluster_181310323_5380872437,1,0,0,0,y,r,0.0,Non-Congested,Non-Congested,0
cluster_2461783448_38980632_5243070374,10,8,10,8,y,r,3.0,Congested,Non-Congested,1
cluster_2461880040_2461880142_8131892137,1,3,0,1,r,r,4.0,Non-Congested,Congested,1
cluster_2461880136_4910664147_50607912_8131882097,1,1,0,0,G,r,3.0,Non-Congested,Non-Congested,0
132200274,1,1,0,0,r,G,1.0,Non-Congested,Congested,2
181747232,1,0,0,0,r,y,0.0,Non-Congested,Non-Congested,0
cluster_181310323_5380872437,1,0,0,0,r,G,4.0,Non-Congested,Non-Congested,0
cluster_2455590523_389713_47212064,0,1,0,0,r,r,0.0,Non-Congested,Non-Congested,0
cluster_2461783448_38980632_5243070374,10,8,10,8,y,r,2.0,Congested,Non-Congested,1
cluster_2461880040_2461880142_8131892137,1,3,0,1,r,r,3.0,Non-Congested,Congested,1
cluster_2461880136_4910664147_50607912_8131882097,0,1,0,0,G,r,2.0,Non-Congested,Non-Congested,0
132200274,1,1,0,0,r,G,0.0,Non-Congested,Non-Congested,0
181747232,1,0,0,0,G,r,6.0,Non-Congested,Non-Congested,0
cluster_181310323_5380872437,1,0,0,0,r,G,3.0,Non-Congested,Non-Congested,0
cluster_2455590523_389713_47212064,1,1,0,0,r,r,3.0,Non-Congested,Non-Congested,0
cluster_2461783448_38980632_5243070374,10,8,10,8,y,r,1.0,Congested,Non-Congested,1
cluster_2461880040_2461880142_8131892137,0,2,0,2,r,r,2.0,Non-Congested,Congested,1
cluster_2461880136_4910664147_50607912_8131882097,0,1,0,0,G,r,1.0,Non-Congested,Non-Congested,0
132200274,1,2,0,0,r,y,2.0,Non-Congested,Non-Congested,0
181747232,1,0,0,0,G,r,5.0,Non-Congested,Non-Congested,0
cluster_181310323_5380872437,1,0,0,0,r,G,2.0,Non-Congested,Non-Congested,0
cluster_2455590523_389713_47212064,0,1,0,0,r,r,2.0,Non-Congested,Non-Congested,0
cluster_2461783448_38980632_5243070374,10,8,10,8,y,r,0.0,Congested,Non-Congested,1
cluster_2461880040_2461880142_8131892137,0,2,0,2,r,r,1.0,Non-Congested,Congested,1
cluster_2461880136_4910664147_50607912_8131882097,0,1,0,0,G,r,0.0,Non-Congested,Non-Congested,0
132200274,0,1,0,0,r,y,1.0,Non-Congested,Non-Congested,0
181747232,1,0,0,0,G,r,4.0,Non-Congested,Non-Congested,0
47217361,0,1,0,0,r,r,1.0,Non-Congested,Non-Congested,0
cluster_181310323_5380872437,1,0,0,0,r,G,1.0,Non-Congested,Non-Congested,0
cluster_2455590523_389713_47212064,0,1,0,0,r,r,1.0,Non-Congested,Non-Congested,0
cluster_2461783448_38980632_5243070374,10,8,10,8,r,G,4.0,Congested,Non-Congested,1
cluster_2461880040_2461880142_8131892137,0,2,0,2,r,r,0.0,Non-Congested,Congested,1
cluster_2461880136_4910664147_50607912_8131882097,0,3,0,0,y,r,2.0,Non-Congested,Non-Congested,0
132200274,0,1,0,0,r,y,0.0,Non-Congested,Non-Congested,0
181747232,1,0,0,0,G,r,3.0,Non-Congested,Non-Congested,0
47217361,0,1,0,0,r,r,0.0,Non-Congested,Non-Congested,0
cluster_181310323_5380872437,1,0,0,0,r,G,0.0,Non-Congested,Non-Congested,0
cluster_2455590523_389713_47212064,0,1,0,1,r,r,0.0,Non-Congested,Non-Congested,0
cluster_2461783448_38980632_5243070374,10,8,10,8,r,G,3.0,Congested,Non-Congested,1
cluster_2461880040_2461880142_8131892137,0,2,0,2,r,r,1.0,Non-Congested,Congested,1
cluster_2461880136_4910664147_50607912_8131882097,0,3,0,0,y,r,1.0,Non-Congested,Non-Congested,0
132200274,0,1,0,0,G,r,4.0,Non-Congested,Non-Congested,0
181747232,1,0,0,0,G,r,2.0,Non-Congested,Non-Congested,0
47217361,0,1,0,0,r,G,4.0,Non-Congested,Non-Congested,0
cluster_2461783448_38980632_5243070374,10,8,10,8,r,G,2.0,Congested,Non-Congested,1
cluster_2461880040_2461880142_8131892137,0,2,0,2,r,r,0.0,Non-Congested,Congested,1
cluster_2461880136_4910664147_50607912_8131882097,0,4,0,0,y,r,0.0,Non-Congested,Non-Congested,0
132200274,0,1,0,0,G,r,3.0,Non-Congested,Non-Congested,0
181747232,1,0,0,0,G,r,1.0,Non-Congested,Non-Congested,0
47217361,0,1,0,0,r,G,3.0,Non-Congested,Non-Congested,0
cluster_2455590523_389713_47212064,0,1,0,0,r,G,3.0,Non-Congested,Non-Congested,0
cluster_2461783448_38980632_5243070374,10,8,10,8,r,G,1.0,Congested,Non-Congested,1
cluster_2461880040_2461880142_8131892137,0,2,0,2,r,r,1.0,Non-Congested,Congested,1
cluster_2461880136_4910664147_50607912_8131882097,0,4,0,0,r,G,4.0,Non-Congested,Non-Congested,0
132200274,0,2,0,0,G,r,2.0,Non-Congested,Non-Congested,0
181747232,1,0,0,0,G,r,0.0,Non-Congested,Non-Congested,0
47217361,0,1,0,0,r,G,2.0,Non-Congested,Non-Congested,0
cluster_2455590523_389713_47212064,0,1,0,0,r,G,2.0,Non-Congested,Non-Congested,0
cluster_2461783448_38980632_5243070374,10,8,10,8,r,G,0.0,Congested,Non-Congested,1
cluster_2461880040_2461880142_8131892137,0,2,0,2,r,r,0.0,Non-Congested,Congested,1
cluster_2461880136_4910664147_50607912_8131882097,0,3,0,0,r,G,3.0,Non-Congested,Non-Congested,0
132200274,0,2,0,0,G,r,1.0,Non-Congested,Non-Congested,0
181747232,1,0,0,0,y,r,3.0,Non-Congested,Non-Congested,0
47217361,0,1,0,0,r,G,1.0,Non-Congested,Non-Congested,0
cluster_2455590523_389713_47212064,0,1,0,0,r,G,1.0,Non-Congested,Non-Congested,0
cluster_2461783448_38980632_5243070374,10,8,10,8,r,y,4.0,Congested,Non-Congested,1
cluster_2461880040_2461880142_8131892137,0,2,0,2,r,r,1.0,Non-Congested,Congested,1
cluster_2461880136_4910664147_50607912_8131882097,0,3,0,0,r,G,2.0,Non-Congested,Non-Congested,0
132200274,0,2,0,1,G,r,0.0,Non-Congested,Congested,1
181747232,1,0,0,0,y,r,2.0,Non-Congested,Non-Congested,0
47217361,0,1,0,0,r,G,0.0,Non-Congested,Non-Congested,0
cluster_2455590523_389713_47212064,0,1,0,0,r,G,0.0,Non-Congested,Non-Congested,0
cluster_2461783448_38980632_5243070374,10,8,10,8,r,y,3.0,Congested,Non-Congested,1
cluster_2461880040_2461880142_8131892137,0,2,0,2,r,r,0.0,Non-Congested,Congested,1
cluster_2461880136_4910664147_50607912_8131882097,0,3,0,0,r,G,1.0,Non-Congested,Non-Congested,0
cluster_59665162_8742497506,1,0,0,0,G,r,2.0,Congested,Non-Congested,2
132200274,0,2,0,1,G,r,1.0,Non-Congested,Congested,1
181747232,1,0,0,0,y,r,1.0,Non-Congested,Non-Congested,0
47217361,0,1,0,0,r,y,2.0,Non-Congested,Non-Congested,0
cluster_2455590523_389713_47212064,0,2,0,0,r,y,3.0,Non-Congested,Non-Congested,0
cluster_2461783448_38980632_5243070374,10,8,10,8,r,y,2.0,Congested,Non-Congested,1
cluster_2461880040_2461880142_8131892137,0,2,0,2,r,r,1.0,Non-Congested,Congested,1
cluster_2461880136_4910664147_50607912_8131882097,0,4,0,0,r,G,0.0,Non-Congested,Non-Congested,0
132200274,0,2,0,2,G,r,0.0,Non-Congested,Congested,1
181747232,1,0,0,0,y,r,0.0,Non-Congested,Non-Congested,0
47217361,0,1,0,0,r,y,1.0,Non-Congested,Non-Congested,0
cluster_2455590523_389713_47212064,0,2,0,0,r,y,2.0,Non-Congested,Non-Congested,0
cluster_2461783448_38980632_5243070374,10,8,10,8,r,y,1.0,Congested,Non-Congested,1
cluster_2461880040_2461880142_8131892137,0,2,0,2,r,r,0.0,Non-Congested,Congested,1
cluster_2461880136_4910664147_50607912_8131882097,0,4,0,0,r,y,2.0,Non-Congested,Non-Congested,0
132200274,0,2,0,2,G,r,0.0,Non-Congested,Congested,1
181747232,1,0,0,0,r,G,6.0,Non-Congested,Congested,2
47217361,0,1,0,0,r,y,0.0,Non-Congested,Non-Congested,0
cluster_2455590523_389713_47212064,0,1,0,0,r,y,1.0,Non-Congested,Non-Congested,0
cluster_2461783448_38980632_5243070374,10,8,9,8,r,y,0.0,Congested,Non-Congested,1
cluster_2461880040_2461880142_8131892137,0,2,0,2,r,r,1.0,Non-Congested,Congested,1
cluster_2461880136_4910664147_50607912_8131882097,0,3,0,0,r,y,1.0,Non-Congested,Non-Congested,0
132200274,0,2,0,2,y,r,2.0,Non-Congested,Congested,1
181747232,1,0,0,0,r,G,5.0,Non-Congested,Non-Congested,0
47217361,0,1,0,0,G,r,4.0,Non-Congested,Non-Congested,0
cluster_2455590523_389713_47212064,0,1,0,0,r,y,0.0,Non-Congested,Non-Congested,0
cluster_2461783448_38980632_5243070374,9,8,8,8,G,r,4.0,Congested,Non-Congested,2
cluster_2461880040_2461880142_8131892137,0,2,0,2,r,r,0.0,Non-Congested,Congested,1
cluster_2461880136_4910664147_50607912_8131882097,0,4,0,0,r,y,0.0,Non-Congested,Non-Congested,0
132200274,0,2,0,2,y,r,1.0,Non-Congested,Congested,1
181747232,1,0,0,0,r,G,4.0,Non-Congested,Non-Congested,0
47217361,0,1,0,0,G,r,3.0,Non-Congested,Non-Congested,0
cluster_2455590523_389713_47212064,0,1,0,0,G,r,4.0,Non-Congested,Non-Congested,0
cluster_2461783448_38980632_5243070374,9,8,7,8,G,r,3.0,Congested,Non-Congested,2
cluster_2461880040_2461880142_8131892137,0,2,0,2,r,r,1.0,Non-Congested,Congested,1
cluster_2461880136_4910664147_50607912_8131882097,0,4,0,0,r,r,0.0,Non-Congested,Non-Congested,0
132200274,0,2,0,2,y,r,0.0,Non-Congested,Congested,1
181747232,2,1,0,0,r,G,3.0,Non-Congested,Non-Congested,0
47217361,0,1,0,0,G,r,2.0,Non-Congested,Non-Congested,0
cluster_2455590523_389713_47212064,0,1,0,1,G,r,3.0,Non-Congested,Non-Congested,0
cluster_2461783448_38980632_5243070374,9,8,6,8,G,r,2.0,Congested,Non-Congested,2
cluster_2461880040_2461880142_8131892137,0,2,0,2,r,r,0.0,Non-Congested,Congested,1
cluster_2461880136_4910664147_50607912_8131882097,0,5,0,1,G,r,4.0,Non-Congested,Non-Congested,0
132200274,0,2,0,1,r,G,4.0,Non-Congested,Congested,2
181747232,2,1,0,0,r,G,2.0,Non-Congested,Non-Congested,0
47217361,0,1,0,0,G,r,1.0,Non-Congested,Non-Congested,0
cluster_2455590523_389713_47212064,0,1,0,1,G,r,2.0,Non-Congested,Non-Congested,0
cluster_2461783448_38980632_5243070374,9,8,5,8,G,r,1.0,Congested,Non-Congested,2
cluster_2461880040_2461880142_8131892137,0,2,0,2,r,r,1.0,Non-Congested,Congested,1
cluster_2461880136_4910664147_50607912_8131882097,0,5,0,1,G,r,3.0,Non-Congested,Non-Congested,0
132200274,0,1,0,1,r,G,3.0,Non-Congested,Congested,2
181747232,2,1,0,0,r,G,1.0,Non-Congested,Non-Congested,0
47217361,0,1,0,0,G,r,0.0,Non-Congested,Non-Congested,0
cluster_2455590523_389713_47212064,0,1,0,1,G,r,1.0,Non-Congested,Non-Congested,0
cluster_2461783448_38980632_5243070374,7,8,4,8,G,r,0.0,Congested,Non-Congested,2
cluster_2461880040_2461880142_8131892137,0,2,0,2,r,r,0.0,Non-Congested,Congested,1
cluster_2461880136_4910664147_50607912_8131882097,0,5,0,1,G,r,2.0,Non-Congested,Non-Congested,0
132200274,0,1,0,1,r,G,2.0,Non-Congested,Non-Congested,0
181747232,2,1,0,0,r,G,0.0,Non-Congested,Non-Congested,0
47217361,0,1,0,0,G,r,0.0,Non-Congested,Non-Congested,0
cluster_2455590523_389713_47212064,0,1,0,1,G,r,0.0,Non-Congested,Non-Congested,0
cluster_2461783448_38980632_5243070374,7,8,4,8,G,r,4.0,Congested,Non-Congested,2
cluster_2461880040_2461880142_8131892137,0,2,0,2,r,r,1.0,Non-Congested,Congested,1
cluster_2461880136_4910664147_50607912_8131882097,0,5,0,2,G,r,1.0,Non-Congested,Non-Congested,0
132200274,0,1,0,1,r,G,1.0,Non-Congested,Non-Congested,0
181747232,2,1,0,0,r,y,3.0,Non-Congested,Non-Congested,0
47217361,0,1,0,1,y,r,2.0,Non-Congested,Non-Congested,0
cluster_2455590523_389713_47212064,0,1,0,1,y,r,3.0,Non-Congested,Non-Congested,0
cluster_2461783448_38980632_5243070374,6,8,4,8,G,r,3.0,Congested,Non-Congested,2
cluster_2461880040_2461880142_8131892137,0,2,0,2,r,r,0.0,Non-Congested,Congested,1
cluster_2461880136_4910664147_50607912_8131882097,0,5,0,2,G,r,0.0,Non-Congested,Non-Congested,0
132200274,0,1,0,1,r,G,0.0,Non-Congested,Non-Congested,0
181747232,2,1,0,0,r,y,2.0,Non-Congested,Non-Congested,0
47217361,0,1,0,1,y,r,1.0,Non-Congested,Non-Congested,0
cluster_2455590523_389713_47212064,0,1,0,1,y,r,2.0,Non-Congested,Non-Congested,0
cluster_2461783448_38980632_5243070374,8,8,4,8,G,r,2.0,Congested,Non-Congested,2
cluster_2461880040_2461880142_8131892137,0,2,0,2,r,r,1.0,Non-Congested,Congested,1
cluster_2461880136_4910664147_50607912_8131882097,0,5,0,2,y,r,2.0,Non-Congested,Non-Congested,0
132200274,0,2,0,1,r,y,2.0,Non-Congested,Non-Congested,0
181747232,2,1,0,0,r,y,1.0,Non-Congested,Non-Congested,0
47217361,0,1,0,1,y,r,0.0,Non-Congested,Non-Congested,0
cluster_2455590523_389713_47212064,0,1,0,1,y,r,1.0,Non-Congested,Non-Congested,0
cluster_2461783448_38980632_5243070374,8,8,4,8,G,r,1.0,Congested,Non-Congested,2
cluster_2461880040_2461880142_8131892137,0,2,0,2,r,r,0.0,Non-Congested,Congested,1
cluster_2461880136_4910664147_50607912_8131882097,0,4,0,2,y,r,1.0,Non-Congested,Non-Congested,0
cluster_59665162_8742497506,1,0,0,0,r,G,1.0,Non-Congested,Non-Congested,0
132200274,0,2,0,1,r,y,1.0,Non-Congested,Congested,1
181747232,2,1,1,0,r,y,0.0,Non-Congested,Non-Congested,0
47217361,0,1,0,1,r,r,4.0,Non-Congested,Non-Congested,0
cluster_2455590523_389713_47212064,0,1,0,1,y,r,0.0,Non-Congested,Non-Congested,0
cluster_2461783448_38980632_5243070374,7,8,4,8,G,r,0.0,Congested,Non-Congested,2
cluster_2461880040_2461880142_8131892137,0,2,0,2,r,r,1.0,Non-Congested,Congested,1
cluster_2461880136_4910664147_50607912_8131882097,0,4,0,2,y,r,0.0,Non-Congested,Non-Congested,0
cluster_59665162_8742497506,1,0,0,0,r,G,0.0,Non-Congested,Non-Congested,0
132200274,0,2,0,1,r,y,0.0,Non-Congested,Congested,1
181747232,2,1,0,0,G,r,6.0,Non-Congested,Non-Congested,0
47217361,0,1,0,1,r,r,3.0,Non-Congested,Non-Congested,0
cluster_2455590523_389713_47212064,0,1,0,0,r,r,6.0,Non-Congested,Non-Congested,0
cluster_2461783448_38980632_5243070374,7,8,4,8,G,r,9.0,Congested,Non-Congested,2
cluster_2461880040_2461880142_8131892137,0,2,0,2,r,r,0.0,Non-Congested,Congested,1
cluster_2461880136_4910664147_50607912_8131882097,0,3,0,1,r,G,4.0,Non-Congested,Non-Congested,0
cluster_59665162_8742497506,2,0,2,0,r,y,2.0,Congested,Non-Congested,1
132200274,0,2,0,1,G,r,4.0,Non-Congested,Congested,1
47217361,0,1,0,1,r,r,2.0,Non-Congested,Non-Congested,0
cluster_2461783448_38980632_5243070374,7,8,4,8,G,r,8.0,Congested,Non-Congested,2
cluster_2461880040_2461880142_8131892137,0,2,0,2,r,r,1.0,Non-Congested,Congested,1
cluster_2461880136_4910664147_50607912_8131882097,0,2,0,0,r,G,3.0,Non-Congested,Non-Congested,0
cluster_59665162_8742497506,1,0,1,0,r,y,1.0,Congested,Non-Congested,1
132200274,0,2,0,1,G,r,3.0,Non-Congested,Congested,1
47217361,0,1,0,1,r,r,1.0,Non-Congested,Non-Congested,0
cluster_1420096799_47154676,0,1,0,0,r,y,0.0,Non-Congested,Non-Congested,0
cluster_2461783448_38980632_5243070374,7,8,4,8,G,r,7.0,Congested,Non-Congested,2
cluster_2461880040_2461880142_8131892137,0,2,0,2,r,r,0.0,Non-Congested,Congested,1
cluster_2461880136_4910664147_50607912_8131882097,0,2,0,0,r,G,2.0,Non-Congested,Non-Congested,0
cluster_59665162_8742497506,1,0,1,0,r,y,0.0,Congested,Non-Congested,1
132200274,0,2,0,2,G,r,2.0,Non-Congested,Congested,1
47217361,0,1,0,1,r,r,0.0,Non-Congested,Non-Congested,0
cluster_1420096799_47154676,0,1,0,0,G,r,6.0,Non-Congested,Non-Congested,0
cluster_2461783448_38980632_5243070374,7,8,4,8,G,r,6.0,Congested,Non-Congested,2
cluster_2461880040_2461880142_8131892137,0,2,0,2,r,r,1.0,Non-Congested,Congested,1
cluster_2461880136_4910664147_50607912_8131882097,0,2,0,0,r,G,1.0,Non-Congested,Non-Congested,0
132200274,0,2,0,2,G,r,1.0,Non-Congested,Congested,1
47217361,0,1,0,1,r,r,2.0,Non-Congested,Non-Congested,0
cluster_1420096799_47154676,0,1,0,0,G,r,5.0,Non-Congested,Non-Congested,0
cluster_2455590523_389713_47212064,0,1,0,0,r,r,2.0,Non-Congested,Non-Congested,0
cluster_2461783448_38980632_5243070374,7,8,5,8,G,r,5.0,Congested,Non-Congested,2
cluster_2461880040_2461880142_8131892137,0,2,0,2,r,r,0.0,Non-Congested,Congested,1
cluster_2461880136_4910664147_50607912_8131882097,0,2,0,0,r,G,0.0,Non-Congested,Non-Congested,0
132200274,0,2,0,2,G,r,0.0,Non-Congested,Congested,1
181747232,1,1,0,0,G,r,1.0,Non-Congested,Non-Congested,0
47217361,0,1,0,1,r,r,1.0,Non-Congested,Non-Congested,0
cluster_1420096799_47154676,0,1,0,0,G,r,4.0,Non-Congested,Non-Congested,0
cluster_2455590523_389713_47212064,0,2,0,0,r,r,1.0,Non-Congested,Non-Congested,0
cluster_2461783448_38980632_5243070374,7,8,6,8,G,r,4.0,Congested,Non-Congested,2
cluster_2461880040_2461880142_8131892137,0,2,0,2,r,r,4.0,Non-Congested,Congested,1
cluster_2461880136_4910664147_50607912_8131882097,0,2,0,0,r,y,2.0,Non-Congested,Non-Congested,0
cluster_59665162_8742497506,1,0,0,0,G,r,2.0,Congested,Non-Congested,2
132200274,0,2,0,2,y,r,2.0,Non-Congested,Congested,1
181747232,1,1,0,0,G,r,0.0,Non-Congested,Non-Congested,0
47217361,0,1,0,1,r,r,0.0,Non-Congested,Non-Congested,0
cluster_1420096799_47154676,0,1,0,0,G,r,3.0,Non-Congested,Non-Congested,0
cluster_2455590523_389713_47212064,0,3,0,0,r,r,0.0,Non-Congested,Non-Congested,0
cluster_2461783448_38980632_5243070374,7,8,6,8,G,r,3.0,Congested,Non-Congested,2
cluster_2461880040_2461880142_8131892137,0,2,0,2,r,r,3.0,Non-Congested,Congested,1
cluster_2461880136_4910664147_50607912_8131882097,0,3,0,0,r,y,1.0,Non-Congested,Non-Congested,0
132200274,0,2,0,2,y,r,1.0,Non-Congested,Congested,1
181747232,1,1,0,0,y,r,3.0,Non-Congested,Non-Congested,0
47217361,0,1,0,0,r,G,4.0,Non-Congested,Non-Congested,0
cluster_1420096799_47154676,0,1,0,0,G,r,2.0,Non-Congested,Non-Congested,0
cluster_2455590523_389713_47212064,0,2,0,0,r,r,3.0,Non-Congested,Non-Congested,0
cluster_2461783448_38980632_5243070374,6,8,6,8,G,r,2.0,Congested,Non-Congested,2
cluster_2461880040_2461880142_8131892137,0,2,0,2,r,r,2.0,Non-Congested,Congested,1
cluster_2461880136_4910664147_50607912_8131882097,0,2,0,1,r,y,0.0,Non-Congested,Non-Congested,0
132200274,0,3,0,2,y,r,0.0,Non-Congested,Congested,1
181747232,1,1,0,0,y,r,2.0,Non-Congested,Non-Congested,0
cluster_1420096799_47154676,0,1,0,0,G,r,1.0,Non-Congested,Non-Congested,0
cluster_2455590523_389713_47212064,0,1,0,0,r,r,2.0,Non-Congested,Non-Congested,0
cluster_2461783448_38980632_5243070374,6,8,6,8,G,r,1.0,Congested,Non-Congested,2
cluster_2461880040_2461880142_8131892137,0,2,0,2,r,r,1.0,Non-Congested,Congested,1
cluster_2461880136_4910664147_50607912_8131882097,0,3,0,1,r,r,0.0,Non-Congested,Non-Congested,0
132200274,0,3,0,2,r,G,4.0,Non-Congested,Congested,2
181747232,1,1,0,0,y,r,1.0,Non-Congested,Non-Congested,0
cluster_1420096799_47154676,0,1,0,0,G,r,0.0,Non-Congested,Non-Congested,0
cluster_2455590523_389713_47212064,0,1,0,1,r,r,1.0,Non-Congested,Non-Congested,0
cluster_2461783448_38980632_5243070374,6,8,6,8,G,r,0.0,Congested,Non-Congested,2
cluster_2461880040_2461880142_8131892137,0,2,0,2,r,r,0.0,Non-Congested,Congested,1
cluster_2461880136_4910664147_50607912_8131882097,0,3,0,1,G,r,4.0,Non-Congested,Non-Congested,0
132200274,0,3,0,2,r,G,3.0,Non-Congested,Congested,2
181747232,1,1,0,0,y,r,0.0,Non-Congested,Non-Congested,0
cluster_1420096799_47154676,0,1,0,0,y,r,3.0,Non-Congested,Non-Congested,0
cluster_2455590523_389713_47212064,0,1,0,1,r,r,0.0,Non-Congested,Non-Congested,0
cluster_2461783448_38980632_5243070374,6,8,6,8,y,r,4.0,Congested,Non-Congested,1
cluster_2461880040_2461880142_8131892137,0,2,0,2,G,r,4.0,Non-Congested,Congested,1
cluster_2461880136_4910664147_50607912_8131882097,0,3,0,1,G,r,3.0,Non-Congested,Non-Congested,0
132200274,0,3,0,2,r,G,2.0,Non-Congested,Congested,2
181747232,1,1,0,0,r,G,6.0,Non-Congested,Congested,2
47217361,1,0,0,0,r,G,0.0,Non-Congested,Non-Congested,0
cluster_1420096799_47154676,0,1,0,0,y,r,2.0,Non-Congested,Non-Congested,0
cluster_2461783448_38980632_5243070374,6,8,6,8,y,r,3.0,Congested,Non-Congested,1
cluster_2461880040_2461880142_8131892137,0,2,0,2,G,r,3.0,Non-Congested,Congested,1
cluster_2461880136_4910664147_50607912_8131882097,0,3,0,1,G,r,2.0,Non-Congested,Non-Congested,0
132200274,0,3,0,3,r,G,1.0,Non-Congested,Congested,2
181747232,1,1,0,0,r,G,5.0,Non-Congested,Non-Congested,0
47217361,1,0,0,0,r,y,2.0,Non-Congested,Non-Congested,0
cluster_1420096799_47154676,0,1,0,1,y,r,1.0,Non-Congested,Non-Congested,0
cluster_2461783448_38980632_5243070374,6,8,6,8,y,r,2.0,Congested,Non-Congested,1
cluster_2461880040_2461880142_8131892137,0,2,0,2,G,r,2.0,Non-Congested,Congested,1
cluster_2461880136_4910664147_50607912_8131882097,0,3,0,1,G,r,1.0,Non-Congested,Non-Congested,0
132200274,0,3,0,3,r,G,0.0,Non-Congested,Congested,2
181747232,1,1,0,0,r,G,4.0,Non-Congested,Non-Congested,0
47217361,1,0,0,0,r,y,1.0,Non-Congested,Non-Congested,0
cluster_1420096799_47154676,0,1,0,1,y,r,0.0,Non-Congested,Non-Congested,0
cluster_2461783448_38980632_5243070374,6,8,6,8,y,r,1.0,Congested,Non-Congested,1
cluster_2461880040_2461880142_8131892137,0,2,0,2,G,r,1.0,Non-Congested,Congested,1
cluster_2461880136_4910664147_50607912_8131882097,0,3,0,1,G,r,0.0,Non-Congested,Non-Congested,0
132200274,0,3,0,3,r,y,2.0,Non-Congested,Congested,1
181747232,2,2,0,0,r,G,3.0,Non-Congested,Non-Congested,0
47217361,1,0,0,0,r,y,0.0,Non-Congested,Non-Congested,0
cluster_1420096799_47154676,0,1,0,1,r,r,6.0,Non-Congested,Non-Congested,0
cluster_2455590523_389713_47212064,1,0,0,0,r,G,1.0,Non-Congested,Non-Congested,0
cluster_2461783448_38980632_5243070374,6,8,6,8,y,r,0.0,Congested,Non-Congested,1
cluster_2461880040_2461880142_8131892137,0,2,0,2,G,r,0.0,Non-Congested,Congested,1
cluster_2461880136_4910664147_50607912_8131882097,0,3,0,1,y,r,2.0,Non-Congested,Non-Congested,0
cluster_59665162_8742497506,1,0,0,0,y,r,0.0,Non-Congested,Non-Congested,0
132200274,0,3,0,3,r,y,1.0,Non-Congested,Congested,1
181747232,2,2,0,0,r,G,2.0,Non-Congested,Non-Congested,0
47217361,1,1,0,0,G,r,4.0,Non-Congested,Non-Congested,0
cluster_1420096799_47154676,0,1,0,1,r,r,5.0,Non-Congested,Non-Congested,0
cluster_2455590523_389713_47212064,1,1,0,0,r,G,0.0,Non-Congested,Non-Congested,0
cluster_2461783448_38980632_5243070374,5,7,5,7,r,G,4.0,Congested,Non-Congested,1
cluster_2461880040_2461880142_8131892137,0,2,0,2,y,r,4.0,Non-Congested,Congested,1
cluster_2461880136_4910664147_50607912_8131882097,0,3,0,1,y,r,1.0,Non-Congested,Non-Congested,0
cluster_59665162_8742497506,1,0,0,0,r,G,4.0,Non-Congested,Non-Congested,0
132200274,0,3,0,3,r,y,0.0,Non-Congested,Congested,1
181747232,2,2,0,0,r,G,1.0,Non-Congested,Non-Congested,0
47217361,1,1,0,0,G,r,3.0,Non-Congested,Non-Congested,0
cluster_1420096799_47154676,0,1,0,1,r,r,4.0,Non-Congested,Non-Congested,0
cluster_2455590523_389713_47212064,1,1,0,0,r,y,3.0,Non-Congested,Non-Congested,0
cluster_2461783448_38980632_5243070374,5,7,4,6,r,G,3.0,Non-Congested,Non-Congested,0
cluster_2461880040_2461880142_8131892137,0,2,0,2,y,r,3.0,Non-Congested,Congested,1
cluster_2461880136_4910664147_50607912_8131882097,0,3,0,1,y,r,0.0,Non-Congested,Non-Congested,0
cluster_59665162_8742497506,1,0,1,0,r,G,3.0,Non-Congested,Non-Congested,0
132200274,0,3,0,3,G,r,4.0,Non-Congested,Congested,1
181747232,2,2,0,0,r,G,0.0,Non-Congested,Non-Congested,0
47217361,1,1,0,0,G,r,2.0,Non-Congested,Non-Congested,0
cluster_1420096799_47154676,0,1,0,1,r,r,3.0,Non-Congested,Non-Congested,0
cluster_2455590523_389713_47212064,1,1,0,0,r,y,2.0,Non-Congested,Non-Congested,0
cluster_2461783448_38980632_5243070374,5,7,3,5,r,G,2.0,Non-Congested,Non-Congested,0
cluster_2461880040_2461880142_8131892137,0,2,0,2,y,r,2.0,Non-Congested,Congested,1
cluster_2461880136_4910664147_50607912_8131882097,0,2,0,0,r,G,4.0,Non-Congested,Non-Congested,0
cluster_59665162_8742497506,1,0,1,0,r,G,2.0,Non-Congested,Non-Congested,0
132200274,0,3,0,3,G,r,3.0,Non-Congested,Congested,1
181747232,2,2,1,1,r,y,3.0,Non-Congested,Non-Congested,0
47217361,1,1,0,0,G,r,1.0,Non-Congested,Non-Congested,0
cluster_1420096799_47154676,0,1,0,1,r,r,2.0,Non-Congested,Non-Congested,0
cluster_2455590523_389713_47212064,1,0,0,0,r,y,1.0,Non-Congested,Non-Congested,0
cluster_2461783448_38980632_5243070374,5,7,2,4,r,G,1.0,Non-Congested,Non-Congested,0
cluster_2461880040_2461880142_8131892137,0,2,0,2,y,r,1.0,Non-Congested,Congested,1
cluster_2461880136_4910664147_50607912_8131882097,0,1,0,0,r,G,3.0,Non-Congested,Non-Congested,0
cluster_59665162_8742497506,1,0,1,0,r,G,1.0,Non-Congested,Non-Congested,0
132200274,0,3,0,3,G,r,2.0,Non-Congested,Congested,1
181747232,2,2,1,1,r,y,2.0,Non-Congested,Non-Congested,0
47217361,1,1,0,0,G,r,0.0,Non-Congested,Non-Congested,0
cluster_1420096799_47154676,0,1,0,1,r,r,1.0,Non-Congested,Non-Congested,0
cluster_2455590523_389713_47212064,1,0,0,0,r,y,0.0,Non-Congested,Non-Congested,0
cluster_2461783448_38980632_5243070374,5,7,2,4,r,G,0.0,Non-Congested,Non-Congested,0
cluster_2461880040_2461880142_8131892137,0,2,0,2,y,r,0.0,Non-Congested,Congested,1
cluster_2461880136_4910664147_50607912_8131882097,0,2,0,0,r,G,2.0,Non-Congested,Non-Congested,0
cluster_59665162_8742497506,1,0,1,0,r,G,0.0,Non-Congested,Non-Congested,0
132200274,0,3,0,3,G,r,1.0,Non-Congested,Congested,1
181747232,2,2,1,1,r,y,1.0,Non-Congested,Non-Congested,0
47217361,0,1,0,0,y,r,2.0,Non-Congested,Non-Congested,0
cluster_1420096799_47154676,0,1,0,1,r,r,0.0,Non-Congested,Non-Congested,0
cluster_2461783448_38980632_5243070374,5,7,2,3,r,y,4.0,Non-Congested,Non-Congested,0
cluster_2461880040_2461880142_8131892137,0,1,0,1,r,G,9.0,Non-Congested,Congested,2
cluster_2461880136_4910664147_50607912_8131882097,0,1,0,0,r,G,1.0,Non-Congested,Non-Congested,0
cluster_59665162_8742497506,1,0,1,0,r,y,2.0,Non-Congested,Non-Congested,0
132200274,0,3,0,3,G,r,0.0,Non-Congested,Congested,1
181747232,2,2,1,1,r,y,0.0,Non-Congested,Non-Congested,0
47217361,0,1,0,0,y,r,1.0,Non-Congested,Non-Congested,0
cluster_1420096799_47154676,0,1,0,1,r,r,3.0,Non-Congested,Non-Congested,0
cluster_2461783448_38980632_5243070374,5,7,3,4,r,y,3.0,Non-Congested,Non-Congested,0
cluster_2461880040_2461880142_8131892137,0,1,0,0,r,G,8.0,Non-Congested,Congested,2
cluster_2461880136_4910664147_50607912_8131882097,0,1,0,0,r,G,0.0,Non-Congested,Non-Congested,0
cluster_59665162_8742497506,1,0,1,0,r,y,1.0,Non-Congested,Non-Congested,0
132200274,0,3,0,3,y,r,2.0,Non-Congested,Congested,1
181747232,2,2,1,1,G,r,6.0,Non-Congested,Non-Congested,0
47217361,0,1,0,0,y,r,0.0,Non-Congested,Non-Congested,0
cluster_1420096799_47154676,0,1,0,1,r,r,2.0,Non-Congested,Non-Congested,0
cluster_2461783448_38980632_5243070374,7,7,3,2,r,y,2.0,Non-Congested,Non-Congested,0
cluster_2461880040_2461880142_8131892137,0,1,0,0,r,G,7.0,Non-Congested,Congested,2
cluster_59665162_8742497506,1,0,1,0,r,y,0.0,Non-Congested,Non-Congested,0
132200274,0,3,0,3,y,r,1.0,Non-Congested,Congested,1
181747232,1,1,0,0,G,r,5.0,Non-Congested,Non-Congested,0
47217361,0,1,0,0,r,r,4.0,Non-Congested,Non-Congested,0
cluster_1420096799_47154676,0,1,0,1,r,r,1.0,Non-Congested,Non-Congested,0
cluster_2461783448_38980632_5243070374,7,7,3,1,r,y,1.0,Non-Congested,Non-Congested,0
cluster_2461880040_2461880142_8131892137,0,1,0,0,r,G,6.0,Non-Congested,Non-Congested,0
cluster_59665162_8742497506,1,0,0,0,G,r,4.0,Congested,Non-Congested,2
132200274,0,3,0,3,y,r,0.0,Non-Congested,Congested,1
181747232,1,1,0,0,G,r,4.0,Non-Congested,Non-Congested,0
47217361,0,1,0,0,r,r,3.0,Non-Congested,Non-Congested,0
cluster_1420096799_47154676,0,1,0,1,r,r,0.0,Non-Congested,Non-Congested,0
cluster_2461783448_38980632_5243070374,7,7,3,0,r,y,0.0,Non-Congested,Non-Congested,0
cluster_2461880040_2461880142_8131892137,0,1,0,0,r,G,5.0,Non-Congested,Non-Congested,0
132200274,0,3,0,3,r,G,4.0,Non-Congested,Congested,2
181747232,1,1,0,0,G,r,3.0,Non-Congested,Non-Congested,0
47217361,0,1,0,0,r,r,2.0,Non-Congested,Non-Congested,0
cluster_2461783448_38980632_5243070374,8,7,4,1,G,r,4.0,Non-Congested,Non-Congested,0
cluster_2461880040_2461880142_8131892137,0,2,0,0,r,G,4.0,Non-Congested,Non-Congested,0
132200274,0,3,0,3,r,G,3.0,Non-Congested,Congested,2
181747232,1,1,0,0,G,r,2.0,Non-Congested,Non-Congested,0
47217361,0,1,0,0,r,r,1.0,Non-Congested,Non-Congested,0
cluster_2455590523_389713_47212064,0,1,0,0,y,r,2.0,Non-Congested,Non-Congested,0
cluster_2461783448_38980632_5243070374,8,7,5,1,G,r,3.0,Non-Congested,Non-Congested,0
cluster_2461880040_2461880142_8131892137,1,2,0,0,r,G,3.0,Non-Congested,Non-Congested,0
132200274,0,3,0,3,r,G,2.0,Non-Congested,Congested,2
181747232,1,1,0,0,G,r,1.0,Non-Congested,Non-Congested,0
47217361,0,1,0,0,r,r,0.0,Non-Congested,Non-Congested,0
cluster_2455590523_389713_47212064,0,1,0,0,y,r,1.0,Non-Congested,Non-Congested,0
cluster_2461783448_38980632_5243070374,8,7,6,2,G,r,2.0,Non-Congested,Non-Congested,0
cluster_2461880040_2461880142_8131892137,1,2,0,0,r,G,2.0,Non-Congested,Non-Congested,0
132200274,0,3,0,3,r,G,1.0,Non-Congested,Congested,2
181747232,1,1,0,0,G,r,0.0,Non-Congested,Non-Congested,0
47217361,0,1,0,0,r,r,2.0,Non-Congested,Non-Congested,0
cluster_1420096799_47154676,0,1,0,0,r,G,3.0,Non-Congested,Non-Congested,0
cluster_2455590523_389713_47212064,0,1,0,0,y,r,0.0,Non-Congested,Non-Congested,0
cluster_2461783448_38980632_5243070374,8,7,7,2,G,r,1.0,Non-Congested,Non-Congested,0
cluster_2461880040_2461880142_8131892137,1,1,0,0,r,G,1.0,Non-Congested,Non-Congested,0
132200274,0,3,0,3,r,G,0.0,Non-Congested,Congested,2
47217361,0,1,0,0,r,r,1.0,Non-Congested,Non-Congested,0
cluster_1420096799_47154676,0,1,0,0,r,G,2.0,Non-Congested,Non-Congested,0
cluster_2461783448_38980632_5243070374,8,7,7,3,G,r,0.0,Non-Congested,Non-Congested,0
cluster_2461880040_2461880142_8131892137,1,1,0,0,r,G,0.0,Non-Congested,Non-Congested,0
132200274,0,3,0,3,r,y,2.0,Non-Congested,Congested,1
47217361,0,1,0,0,r,r,0.0,Non-Congested,Non-Congested,0
cluster_1420096799_47154676,0,1,0,0,r,G,1.0,Non-Congested,Non-Congested,0
cluster_2461783448_38980632_5243070374,8,7,8,4,G,r,4.0,Non-Congested,Non-Congested,0
cluster_2461880040_2461880142_8131892137,2,2,0,0,r,G,0.0,Non-Congested,Non-Congested,0
132200274,0,3,0,3,r,y,1.0,Non-Congested,Congested,1
cluster_1420096799_47154676,0,1,0,0,r,G,0.0,Non-Congested,Non-Congested,0
cluster_2455590523_389713_47212064,0,1,0,0,r,r,4.0,Non-Congested,Non-Congested,0
cluster_2461783448_38980632_5243070374,8,7,8,4,G,r,3.0,Non-Congested,Non-Congested,0
cluster_2461880040_2461880142_8131892137,2,2,0,0,r,y,4.0,Non-Congested,Non-Congested,0
132200274,0,3,0,3,r,y,0.0,Non-Congested,Congested,1
cluster_1420096799_47154676,0,1,0,0,r,y,3.0,Non-Congested,Non-Congested,0
cluster_2455590523_389713_47212064,0,2,0,0,r,r,3.0,Non-Congested,Congested,1
cluster_2461783448_38980632_5243070374,8,8,8,4,G,r,2.0,Non-Congested,Non-Congested,0
cluster_2461880040_2461880142_8131892137,3,3,0,0,r,y,3.0,Non-Congested,Non-Congested,0
132200274,0,3,0,3,G,r,4.0,Non-Congested,Congested,1
47217361,1,0,0,0,r,G,2.0,Non-Congested,Non-Congested,0
cluster_1420096799_47154676,0,1,0,0,r,y,2.0,Non-Congested,Non-Congested,0
cluster_2455590523_389713_47212064,0,2,0,0,r,r,2.0,Non-Congested,Congested,1
cluster_2461783448_38980632_5243070374,8,8,8,5,G,r,1.0,Non-Congested,Non-Congested,0
cluster_2461880040_2461880142_8131892137,3,3,0,0,r,y,2.0,Non-Congested,Non-Congested,0
132200274,0,3,0,3,G,r,3.0,Non-Congested,Congested,1
47217361,1,0,0,0,r,G,1.0,Non-Congested,Non-Congested,0
cluster_1420096799_47154676,0,1,0,0,r,y,1.0,Non-Congested,Non-Congested,0
cluster_2455590523_389713_47212064,0,2,0,0,r,r,1.0,Non-Congested,Congested,1
cluster_2461783448_38980632_5243070374,8,8,8,6,G,r,0.0,Non-Congested,Non-Congested,0
cluster_2461880040_2461880142_8131892137,3,3,0,0,r,y,1.0,Non-Congested,Non-Congested,0
132200274,0,3,0,3,G,r,2.0,Non-Congested,Congested,1
47217361,1,1,0,0,r,G,0.0,Non-Congested,Non-Congested,0
cluster_1420096799_47154676,0,1,0,0,r,y,0.0,Non-Congested,Non-Congested,0
cluster_2455590523_389713_47212064,0,1,0,0,r,r,0.0,Non-Congested,Congested,1
cluster_2461783448_38980632_5243070374,8,7,8,6,G,r,9.0,Non-Congested,Non-Congested,0
cluster_2461880040_2461880142_8131892137,3,3,0,0,r,y,0.0,Non-Congested,Non-Congested,0
cluster_59665162_8742497506,1,0,0,0,r,G,2.0,Non-Congested,Non-Congested,0
132200274,0,3,0,3,G,r,1.0,Non-Congested,Congested,1
47217361,1,1,0,0,r,y,2.0,Non-Congested,Non-Congested,0
cluster_1420096799_47154676,0,1,0,0,G,r,6.0,Non-Congested,Non-Congested,0
cluster_2455590523_389713_47212064,0,1,0,1,r,r,3.0,Non-Congested,Congested,1
cluster_2461783448_38980632_5243070374,8,7,8,7,G,r,8.0,Non-Congested,Non-Congested,0
cluster_2461880040_2461880142_8131892137,2,3,0,0,r,r,4.0,Non-Congested,Non-Congested,0
cluster_59665162_8742497506,1,0,0,0,r,G,1.0,Non-Congested,Non-Congested,0
132200274,0,3,0,3,G,r,0.0,Non-Congested,Congested,1
47217361,1,1,0,0,r,y,1.0,Non-Congested,Non-Congested,0
cluster_1420096799_47154676,0,1,0,0,G,r,5.0,Non-Congested,Non-Congested,0
cluster_2455590523_389713_47212064,0,1,0,1,r,r,2.0,Non-Congested,Congested,1
cluster_2461783448_38980632_5243070374,8,7,8,7,G,r,7.0,Non-Congested,Non-Congested,0
cluster_2461880040_2461880142_8131892137,2,3,0,0,r,r,3.0,Non-Congested,Congested,1
cluster_59665162_8742497506,1,0,0,0,r,G,0.0,Non-Congested,Non-Congested,0
132200274,0,3,0,3,y,r,2.0,Non-Congested,Congested,1
47217361,1,1,0,0,r,y,0.0,Non-Congested,Non-Congested,0
cluster_1420096799_47154676,0,1,0,0,G,r,4.0,Non-Congested,Non-Congested,0
cluster_2455590523_389713_47212064,0,1,0,1,r,r,1.0,Non-Congested,Congested,1
cluster_2461783448_38980632_5243070374,8,7,8,7,G,r,6.0,Non-Congested,Non-Congested,0
cluster_2461880040_2461880142_8131892137,1,2,0,0,r,r,2.0,Non-Congested,Congested,1
cluster_59665162_8742497506,1,0,1,0,r,y,2.0,Non-Congested,Non-Congested,0
132200274,0,3,0,3,y,r,1.0,Non-Congested,Congested,1
47217361,1,1,0,0,G,r,4.0,Non-Congested,Non-Congested,0
cluster_1420096799_47154676,0,1,0,0,G,r,3.0,Non-Congested,Non-Congested,0
cluster_2455590523_389713_47212064,0,2,0,1,r,r,0.0,Non-Congested,Congested,1
cluster_2461783448_38980632_5243070374,8,7,8,7,G,r,5.0,Non-Congested,Non-Congested,0
cluster_2461880040_2461880142_8131892137,1,3,0,1,r,r,1.0,Non-Congested,Congested,1
cluster_59665162_8742497506,1,0,1,0,r,y,1.0,Non-Congested,Non-Congested,0
132200274,0,3,0,3,y,r,0.0,Non-Congested,Congested,1
47217361,0,1,0,0,G,r,3.0,Non-Congested,Non-Congested,0
cluster_1420096799_47154676,0,2,0,0,G,r,2.0,Non-Congested,Non-Congested,0
cluster_2455590523_389713_47212064,0,2,0,0,r,G,4.0,Non-Congested,Congested,2
cluster_2461783448_38980632_5243070374,8,7,8,7,G,r,4.0,Non-Congested,Non-Congested,0
cluster_2461880040_2461880142_8131892137,0,2,0,1,r,r,0.0,Non-Congested,Congested,1
cluster_59665162_8742497506,1,0,1,0,r,y,0.0,Non-Congested,Non-Congested,0
132200274,0,3,0,3,r,G,4.0,Non-Congested,Congested,2
47217361,0,1,0,0,G,r,2.0,Non-Congested,Non-Congested,0
cluster_1420096799_47154676,0,2,0,1,G,r,1.0,Non-Congested,Non-Congested,0
cluster_2455590523_389713_47212064,0,2,0,1,r,G,3.0,Non-Congested,Congested,2
cluster_2461783448_38980632_5243070374,8,7,8,7,G,r,3.0,Non-Congested,Non-Congested,0
cluster_2461880040_2461880142_8131892137,0,2,0,2,r,r,1.0,Non-Congested,Congested,1
132200274,0,3,0,3,r,G,3.0,Non-Congested,Congested,2
47217361,0,1,0,0,G,r,1.0,Non-Congested,Non-Congested,0
cluster_1420096799_47154676,0,2,0,2,G,r,0.0,Non-Congested,Non-Congested,0
cluster_2455590523_389713_47212064,0,1,0,1,r,G,2.0,Non-Congested,Congested,2
cluster_2461783448_38980632_5243070374,8,7,8,7,G,r,2.0,Non-Congested,Non-Congested,0
cluster_2461880040_2461880142_8131892137,0,2,0,2,r,r,0.0,Non-Congested,Congested,1
132200274,0,3,0,3,r,G,2.0,Non-Congested,Congested,2
47217361,0,1,0,0,G,r,0.0,Non-Congested,Non-Congested,0
cluster_1420096799_47154676,0,2,0,2,y,r,3.0,Non-Congested,Non-Congested,0
cluster_2455590523_389713_47212064,0,1,0,0,r,G,1.0,Non-Congested,Congested,2
cluster_2461783448_38980632_5243070374,8,7,8,7,G,r,1.0,Non-Congested,Non-Congested,0
cluster_2461880040_2461880142_8131892137,0,2,0,2,r,r,1.0,Non-Congested,Congested,1
132200274,0,3,0,3,r,G,1.0,Non-Congested,Congested,2
47217361,0,1,0,0,y,r,2.0,Non-Congested,Non-Congested,0
cluster_1420096799_47154676,0,2,0,2,y,r,2.0,Non-Congested,Non-Congested,0
cluster_2455590523_389713_47212064,0,1,0,0,r,G,0.0,Non-Congested,Non-Congested,0
cluster_2461783448_38980632_5243070374,8,7,8,7,G,r,0.0,Non-Congested,Non-Congested,0
cluster_2461880040_2461880142_8131892137,0,2,0,2,r,r,0.0,Non-Congested,Congested,1
132200274,0,3,0,3,r,G,0.0,Non-Congested,Congested,2
47217361,0,1,0,0,y,r,1.0,Non-Congested,Non-Congested,0
cluster_1420096799_47154676,0,1,0,1,y,r,1.0,Non-Congested,Non-Congested,0
cluster_2461783448_38980632_5243070374,8,7,8,7,y,r,4.0,Non-Congested,Non-Congested,0
cluster_2461880040_2461880142_8131892137,0,2,0,2,r,r,1.0,Non-Congested,Congested,1
132200274,0,3,0,3,r,y,2.0,Non-Congested,Congested,1
47217361,0,1,0,0,y,r,0.0,Non-Congested,Non-Congested,0
cluster_1420096799_47154676,0,1,0,1,y,r,0.0,Non-Congested,Non-Congested,0
cluster_2461783448_38980632_5243070374,8,7,8,7,y,r,3.0,Non-Congested,Non-Congested,0
cluster_2461880040_2461880142_8131892137,0,2,0,2,r,r,0.0,Non-Congested,Congested,1
132200274,0,3,0,3,r,y,1.0,Non-Congested,Congested,1
47217361,0,1,0,0,r,r,4.0,Non-Congested,Non-Congested,0
cluster_1420096799_47154676,0,1,0,1,r,r,6.0,Non-Congested,Non-Congested,0
cluster_2461783448_38980632_5243070374,8,7,8,7,y,r,2.0,Non-Congested,Non-Congested,0
cluster_2461880040_2461880142_8131892137,0,2,0,2,r,r,1.0,Non-Congested,Congested,1
132200274,0,3,0,3,r,y,0.0,Non-Congested,Congested,1
47217361,0,1,0,0,r,r,3.0,Non-Congested,Non-Congested,0
cluster_1420096799_47154676,0,1,0,1,r,r,5.0,Non-Congested,Non-Congested,0
cluster_2461783448_38980632_5243070374,8,7,8,7,y,r,1.0,Non-Congested,Non-Congested,0
cluster_2461880040_2461880142_8131892137,0,2,0,2,r,r,0.0,Non-Congested,Congested,1
132200274,0,3,0,3,G,r,4.0,Non-Congested,Congested,1
47217361,0,1,0,0,r,r,2.0,Non-Congested,Non-Congested,0
cluster_1420096799_47154676,0,1,0,1,r,r,4.0,Non-Congested,Non-Congested,0
cluster_2461783448_38980632_5243070374,8,7,8,7,y,r,0.0,Non-Congested,Non-Congested,0
cluster_2461880040_2461880142_8131892137,0,2,0,2,r,r,1.0,Non-Congested,Congested,1
cluster_2461880136_4910664147_50607912_8131882097,0,1,0,0,y,r,1.0,Non-Congested,Non-Congested,0
132200274,0,3,0,3,G,r,3.0,Non-Congested,Congested,1
47217361,0,2,0,0,r,r,1.0,Non-Congested,Non-Congested,0
cluster_1420096799_47154676,0,1,0,1,r,r,3.0,Non-Congested,Non-Congested,0
cluster_2461783448_38980632_5243070374,7,6,7,6,r,G,4.0,Non-Congested,Non-Congested,0
cluster_2461880040_2461880142_8131892137,0,2,0,2,r,r,0.0,Non-Congested,Congested,1
cluster_2461880136_4910664147_50607912_8131882097,0,1,0,0,y,r,0.0,Non-Congested,Non-Congested,0
132200274,0,3,0,3,G,r,2.0,Non-Congested,Congested,1
47217361,0,2,0,1,r,r,0.0,Non-Congested,Non-Congested,0
cluster_1420096799_47154676,0,1,0,1,r,r,2.0,Non-Congested,Non-Congested,0
cluster_2455590523_389713_47212064,0,1,0,0,G,r,2.0,Non-Congested,Non-Congested,0
cluster_2461783448_38980632_5243070374,7,6,5,5,r,G,3.0,Non-Congested,Non-Congested,0
cluster_2461880040_2461880142_8131892137,0,2,0,2,r,r,1.0,Non-Congested,Congested,1
cluster_2461880136_4910664147_50607912_8131882097,1,1,0,0,r,G,4.0,Non-Congested,Non-Congested,0
132200274,0,3,0,3,G,r,1.0,Non-Congested,Congested,1
47217361,0,2,0,1,r,r,2.0,Non-Congested,Non-Congested,0
cluster_1420096799_47154676,0,1,0,1,r,r,1.0,Non-Congested,Non-Congested,0
cluster_2455590523_389713_47212064,0,1,0,0,G,r,1.0,Non-Congested,Non-Congested,0
cluster_2461783448_38980632_5243070374,7,6,3,4,r,G,2.0,Non-Congested,Non-Congested,0
cluster_2461880040_2461880142_8131892137,0,2,0,2,r,r,0.0,Non-Congested,Congested,1
cluster_2461880136_4910664147_50607912_8131882097,1,2,0,0,r,G,3.0,Non-Congested,Non-Congested,0
132200274,0,3,0,3,G,r,0.0,Non-Congested,Congested,1
47217361,0,2,0,1,r,r,1.0,Non-Congested,Non-Congested,0
cluster_1420096799_47154676,0,1,0,1,r,r,0.0,Non-Congested,Non-Congested,0
cluster_2461783448_38980632_5243070374,6,6,1,3,r,G,1.0,Non-Congested,Non-Congested,0
cluster_2461880040_2461880142_8131892137,0,2,0,2,r,r,1.0,Non-Congested,Congested,1
cluster_2461880136_4910664147_50607912_8131882097,1,2,0,0,r,G,2.0,Non-Congested,Non-Congested,0
132200274,0,3,0,3,y,r,2.0,Non-Congested,Congested,1
47217361,0,2,0,1,r,r,0.0,Non-Congested,Non-Congested,0
cluster_1420096799_47154676,0,1,0,1,r,r,3.0,Non-Congested,Non-Congested,0
cluster_2461783448_38980632_5243070374,6,7,0,2,r,G,0.0,Non-Congested,Non-Congested,0
cluster_2461880040_2461880142_8131892137,0,2,0,2,r,r,0.0,Non-Congested,Congested,1
cluster_2461880136_4910664147_50607912_8131882097,1,3,0,0,r,G,1.0,Non-Congested,Non-Congested,0
132200274,0,3,0,3,y,r,1.0,Non-Congested,Congested,1
47217361,0,1,0,0,r,G,4.0,Non-Congested,Non-Congested,0
cluster_1420096799_47154676,0,1,0,1,r,r,2.0,Non-Congested,Non-Congested,0
cluster_2461783448_38980632_5243070374,5,7,0,2,r,G,1.0,Non-Congested,Non-Congested,0
cluster_2461880040_2461880142_8131892137,0,2,0,2,r,r,1.0,Non-Congested,Congested,1
cluster_2461880136_4910664147_50607912_8131882097,1,3,1,0,r,G,0.0,Non-Congested,Non-Congested,0
132200274,0,3,0,3,y,r,0.0,Non-Congested,Congested,1
47217361,0,1,0,0,r,G,3.0,Non-Congested,Non-Congested,0
cluster_1420096799_47154676,0,1,0,1,r,r,1.0,Non-Congested,Non-Congested,0
cluster_2455590523_389713_47212064,0,1,0,0,y,r,1.0,Non-Congested,Non-Congested,0
cluster_2461783448_38980632_5243070374,6,7,0,2,r,G,0.0,Non-Congested,Non-Congested,0
cluster_2461880040_2461880142_8131892137,0,2,0,2,r,r,0.0,Non-Congested,Congested,1
cluster_2461880136_4910664147_50607912_8131882097,1,3,1,0,r,G,1.0,Non-Congested,Non-Congested,0
132200274,0,3,0,3,r,G,4.0,Non-Congested,Congested,2
47217361,0,1,0,0,r,G,2.0,Non-Congested,Non-Congested,0
cluster_1420096799_47154676,0,1,0,1,r,r,0.0,Non-Congested,Non-Congested,0
cluster_2455590523_389713_47212064,0,1,0,0,y,r,0.0,Non-Congested,Congested,1
cluster_2461783448_38980632_5243070374,4,7,0,3,r,G,1.0,Non-Congested,Non-Congested,0
cluster_2461880040_2461880142_8131892137,0,2,0,2,r,r,1.0,Non-Congested,Congested,1
cluster_2461880136_4910664147_50607912_8131882097,1,2,1,0,r,G,0.0,Non-Congested,Non-Congested,0
132200274,0,3,0,3,r,G,3.0,Non-Congested,Congested,2
47217361,0,1,0,0,r,G,1.0,Non-Congested,Non-Congested,0
cluster_1420096799_47154676,0,1,0,0,r,G,6.0,Non-Congested,Non-Congested,0
cluster_2455590523_389713_47212064,0,2,0,0,r,r,6.0,Non-Congested,Congested,1
cluster_2461783448_38980632_5243070374,6,7,0,4,r,G,0.0,Non-Congested,Non-Congested,0
cluster_2461880040_2461880142_8131892137,0,2,0,2,r,r,0.0,Non-Congested,Congested,1
cluster_2461880136_4910664147_50607912_8131882097,1,2,1,0,r,G,0.0,Non-Congested,Non-Congested,0
132200274,0,3,0,3,r,G,2.0,Non-Congested,Congested,2
47217361,1,1,0,0,r,G,0.0,Non-Congested,Non-Congested,0
cluster_2455590523_389713_47212064,0,1,0,0,r,r,5.0,Non-Congested,Congested,1
cluster_2461783448_38980632_5243070374,6,7,0,5,r,G,1.0,Non-Congested,Non-Congested,0
cluster_2461880040_2461880142_8131892137,0,2,0,2,r,r,1.0,Non-Congested,Congested,1
cluster_2461880136_4910664147_50607912_8131882097,1,2,1,0,r,G,1.0,Non-Congested,Non-Congested,0
132200274,0,3,0,3,r,G,1.0,Non-Congested,Congested,2
47217361,1,1,0,0,r,y,2.0,Non-Congested,Non-Congested,0
cluster_2455590523_389713_47212064,0,1,0,0,r,r,4.0,Non-Congested,Congested,1
cluster_2461783448_38980632_5243070374,5,7,0,4,r,G,0.0,Non-Congested,Non-Congested,0
cluster_2461880040_2461880142_8131892137,0,2,0,2,r,r,0.0,Non-Congested,Congested,1
cluster_2461880136_4910664147_50607912_8131882097,1,2,1,0,r,G,0.0,Non-Congested,Non-Congested,0
132200274,0,3,0,3,r,G,0.0,Non-Congested,Congested,2
47217361,1,1,0,0,r,y,1.0,Non-Congested,Non-Congested,0
cluster_2455590523_389713_47212064,0,1,0,1,r,r,3.0,Non-Congested,Congested,1
cluster_2461783448_38980632_5243070374,7,7,1,5,r,G,1.0,Non-Congested,Non-Congested,0
cluster_2461880040_2461880142_8131892137,0,2,0,2,r,r,1.0,Non-Congested,Congested,1
cluster_2461880136_4910664147_50607912_8131882097,1,1,1,0,r,G,0.0,Non-Congested,Non-Congested,0
132200274,0,3,0,3,r,y,2.0,Non-Congested,Congested,1
47217361,1,2,0,0,r,y,0.0,Non-Congested,Non-Congested,0
cluster_2455590523_389713_47212064,0,1,0,1,r,r,2.0,Non-Congested,Congested,1
cluster_2461783448_38980632_5243070374,7,7,1,5,r,G,0.0,Non-Congested,Non-Congested,0
cluster_2461880040_2461880142_8131892137,0,2,0,2,r,r,0.0,Non-Congested,Congested,1
cluster_2461880136_4910664147_50607912_8131882097,1,2,1,0,r,G,1.0,Non-Congested,Non-Congested,0
132200274,0,3,0,3,r,y,1.0,Non-Congested,Congested,1
47217361,1,2,0,0,G,r,4.0,Non-Congested,Non-Congested,0
cluster_1420096799_47154676,0,1,0,0,r,G,1.0,Non-Congested,Non-Congested,0
cluster_2455590523_389713_47212064,0,1,0,1,r,r,1.0,Non-Congested,Congested,1
cluster_2461783448_38980632_5243070374,6,7,1,6,r,G,1.0,Non-Congested,Non-Congested,0
cluster_2461880040_2461880142_8131892137,0,2,0,2,r,r,1.0,Non-Congested,Congested,1
cluster_2461880136_4910664147_50607912_8131882097,1,1,1,0,r,G,0.0,Non-Congested,Non-Congested,0
132200274,0,3,0,3,r,y,0.0,Non-Congested,Congested,1
47217361,1,2,0,0,G,r,3.0,Non-Congested,Non-Congested,0
cluster_1420096799_47154676,0,1,0,0,r,G,0.0,Non-Congested,Non-Congested,0
cluster_2455590523_389713_47212064,0,1,0,1,r,r,0.0,Non-Congested,Congested,1
cluster_2461783448_38980632_5243070374,7,7,2,7,r,G,0.0,Non-Congested,Non-Congested,0
cluster_2461880040_2461880142_8131892137,0,2,0,2,r,r,0.0,Non-Congested,Congested,1
cluster_2461880136_4910664147_50607912_8131882097,1,2,1,0,r,G,0.0,Non-Congested,Non-Congested,0
132200274,0,3,0,3,G,r,4.0,Non-Congested,Congested,1
47217361,1,2,0,0,G,r,2.0,Non-Congested,Non-Congested,0
cluster_1420096799_47154676,1,1,0,0,r,y,3.0,Non-Congested,Non-Congested,0
cluster_2455590523_389713_47212064,0,1,0,1,r,r,3.0,Non-Congested,Congested,1
cluster_2461783448_38980632_5243070374,8,7,2,7,r,G,1.0,Non-Congested,Non-Congested,0
cluster_2461880040_2461880142_8131892137,0,2,0,2,r,r,1.0,Non-Congested,Congested,1
cluster_2461880136_4910664147_50607912_8131882097,1,1,1,0,r,G,0.0,Non-Congested,Non-Congested,0
132200274,0,3,0,3,G,r,3.0,Non-Congested,Congested,1
47217361,1,2,0,1,G,r,1.0,Non-Congested,Non-Congested,0
cluster_1420096799_47154676,1,1,0,1,r,y,2.0,Non-Congested,Non-Congested,0
cluster_2455590523_389713_47212064,0,1,0,1,r,r,2.0,Non-Congested,Congested,1
cluster_2461783448_38980632_5243070374,9,7,3,7,r,G,0.0,Congested,Non-Congested,1
cluster_2461880040_2461880142_8131892137,0,2,0,2,r,r,0.0,Non-Congested,Congested,1
cluster_2461880136_4910664147_50607912_8131882097,1,1,1,0,r,y,2.0,Non-Congested,Non-Congested,0
132200274,0,3,0,3,G,r,2.0,Non-Congested,Congested,1
47217361,1,2,0,1,G,r,0.0,Non-Congested,Non-Congested,0
cluster_1420096799_47154676,1,1,0,1,r,y,1.0,Non-Congested,Non-Congested,0
cluster_2455590523_389713_47212064,1,1,0,1,r,r,1.0,Non-Congested,Congested,1
cluster_2461783448_38980632_5243070374,9,7,5,7,r,G,1.0,Congested,Non-Congested,1
cluster_2461880040_2461880142_8131892137,0,2,0,2,r,r,1.0,Non-Congested,Congested,1
cluster_2461880136_4910664147_50607912_8131882097,1,2,1,0,r,y,1.0,Non-Congested,Non-Congested,0
132200274,0,3,0,3,G,r,1.0,Non-Congested,Congested,1
47217361,1,2,0,1,y,r,2.0,Non-Congested,Non-Congested,0
cluster_1420096799_47154676,1,1,0,1,r,y,0.0,Non-Congested,Non-Congested,0
cluster_2455590523_389713_47212064,0,1,0,1,r,r,0.0,Non-Congested,Congested,1
cluster_2461783448_38980632_5243070374,9,7,5,7,r,G,0.0,Congested,Non-Congested,1
cluster_2461880040_2461880142_8131892137,0,2,0,2,r,r,0.0,Non-Congested,Congested,1
cluster_2461880136_4910664147_50607912_8131882097,1,2,1,0,r,y,0.0,Non-Congested,Non-Congested,0
132200274,0,3,0,3,G,r,0.0,Non-Congested,Congested,1
47217361,0,2,0,1,y,r,1.0,Non-Congested,Non-Congested,0
cluster_1420096799_47154676,1,1,0,1,G,r,6.0,Non-Congested,Non-Congested,0
cluster_2461783448_38980632_5243070374,10,7,6,7,r,G,1.0,Congested,Non-Congested,1
cluster_2461880040_2461880142_8131892137,0,2,0,2,r,r,1.0,Non-Congested,Congested,1
cluster_2461880136_4910664147_50607912_8131882097,1,2,1,0,r,r,0.0,Non-Congested,Non-Congested,0
132200274,0,3,0,3,y,r,2.0,Non-Congested,Congested,1
47217361,0,2,0,1,y,r,0.0,Non-Congested,Non-Congested,0
cluster_1420096799_47154676,1,1,0,1,G,r,5.0,Non-Congested,Non-Congested,0
cluster_2461783448_38980632_5243070374,10,7,6,7,r,G,0.0,Congested,Non-Congested,1
cluster_2461880040_2461880142_8131892137,0,2,0,2,r,r,0.0,Non-Congested,Congested,1
cluster_2461880136_4910664147_50607912_8131882097,0,2,0,0,G,r,4.0,Non-Congested,Non-Congested,0
132200274,0,3,0,3,y,r,1.0,Non-Congested,Congested,1
47217361,0,2,0,1,r,r,4.0,Non-Congested,Non-Congested,0
cluster_1420096799_47154676,0,1,0,1,G,r,4.0,Non-Congested,Non-Congested,0
cluster_2455590523_389713_47212064,0,1,0,0,r,G,2.0,Non-Congested,Non-Congested,0
cluster_2461783448_38980632_5243070374,11,7,8,7,r,G,1.0,Congested,Non-Congested,1
cluster_2461880040_2461880142_8131892137,0,2,0,2,r,r,4.0,Non-Congested,Congested,1
cluster_2461880136_4910664147_50607912_8131882097,0,2,0,0,G,r,3.0,Non-Congested,Non-Congested,0
132200274,0,3,0,3,y,r,0.0,Non-Congested,Congested,1
181747232,1,0,0,0,G,r,0.0,Non-Congested,Non-Congested,0
47217361,0,2,0,1,r,r,3.0,Non-Congested,Non-Congested,0
cluster_1420096799_47154676,0,1,0,1,G,r,3.0,Non-Congested,Non-Congested,0
cluster_2455590523_389713_47212064,0,1,0,0,r,G,1.0,Non-Congested,Non-Congested,0
cluster_2461783448_38980632_5243070374,11,7,9,7,r,G,0.0,Congested,Non-Congested,1
cluster_2461880040_2461880142_8131892137,0,2,0,2,r,r,3.0,Non-Congested,Congested,1
cluster_2461880136_4910664147_50607912_8131882097,0,2,0,0,G,r,2.0,Non-Congested,Non-Congested,0
132200274,0,3,0,3,r,G,4.0,Non-Congested,Congested,2
181747232,1,0,0,0,y,r,3.0,Non-Congested,Non-Congested,0
47217361,0,2,0,1,r,r,2.0,Non-Congested,Non-Congested,0
cluster_1420096799_47154676,0,1,0,1,G,r,2.0,Non-Congested,Non-Congested,0
cluster_2455590523_389713_47212064,0,1,0,0,r,G,0.0,Non-Congested,Non-Congested,0
cluster_2461783448_38980632_5243070374,12,7,9,6,r,G,1.0,Congested,Non-Congested,1
cluster_2461880040_2461880142_8131892137,0,2,0,2,r,r,2.0,Non-Congested,Congested,1
cluster_2461880136_4910664147_50607912_8131882097,0,2,0,0,G,r,1.0,Non-Congested,Non-Congested,0
132200274,0,3,0,3,r,G,3.0,Non-Congested,Congested,2
181747232,1,0,0,0,y,r,2.0,Non-Congested,Non-Congested,0
47217361,0,2,0,1,r,r,1.0,Non-Congested,Non-Congested,0
cluster_1420096799_47154676,0,1,0,1,G,r,1.0,Non-Congested,Non-Congested,0
cluster_2455590523_389713_47212064,0,1,0,0,r,y,3.0,Non-Congested,Non-Congested,0
cluster_2461783448_38980632_5243070374,12,7,10,5,r,G,0.0,Congested,Non-Congested,1
cluster_2461880040_2461880142_8131892137,0,2,0,2,r,r,1.0,Non-Congested,Congested,1
cluster_2461880136_4910664147_50607912_8131882097,0,2,0,0,G,r,0.0,Non-Congested,Non-Congested,0
132200274,0,3,0,3,r,G,2.0,Non-Congested,Congested,2
181747232,1,0,0,0,y,r,1.0,Non-Congested,Non-Congested,0
47217361,0,2,0,1,r,r,0.0,Non-Congested,Non-Congested,0
cluster_1420096799_47154676,0,1,0,1,G,r,0.0,Non-Congested,Non-Congested,0
cluster_2455590523_389713_47212064,0,1,0,1,r,y,2.0,Non-Congested,Non-Congested,0
cluster_2461783448_38980632_5243070374,12,7,11,4,r,G,1.0,Congested,Non-Congested,5
cluster_2461880040_2461880142_8131892137,0,2,0,2,r,r,0.0,Non-Congested,Congested,1
cluster_2461880136_4910664147_50607912_8131882097,0,2,0,0,y,r,2.0,Non-Congested,Non-Congested,0
132200274,0,3,0,3,r,G,1.0,Non-Congested,Congested,2
181747232,1,0,0,0,y,r,0.0,Non-Congested,Non-Congested,0
47217361,0,2,0,1,r,r,2.0,Non-Congested,Non-Congested,0
cluster_1420096799_47154676,0,1,0,1,y,r,3.0,Non-Congested,Non-Congested,0
cluster_2455590523_389713_47212064,0,1,0,1,r,y,1.0,Non-Congested,Non-Congested,0
cluster_2461783448_38980632_5243070374,12,7,11,3,r,G,0.0,Congested,Non-Congested,5
cluster_2461880040_2461880142_8131892137,0,2,0,2,G,r,4.0,Non-Congested,Congested,1
cluster_2461880136_4910664147_50607912_8131882097,0,2,0,0,y,r,1.0,Non-Congested,Non-Congested,0
132200274,0,3,0,3,r,G,0.0,Non-Congested,Congested,2
181747232,1,0,0,0,r,G,6.0,Non-Congested,Non-Congested,0
47217361,0,2,0,1,r,r,1.0,Non-Congested,Non-Congested,0
cluster_1420096799_47154676,0,1,0,1,y,r,2.0,Non-Congested,Non-Congested,0
cluster_2455590523_389713_47212064,0,2,0,1,r,y,0.0,Non-Congested,Non-Congested,0
cluster_2461783448_38980632_5243070374,12,7,12,2,r,G,1.0,Congested,Non-Congested,5
cluster_2461880040_2461880142_8131892137,0,2,0,2,G,r,3.0,Non-Congested,Congested,1
cluster_2461880136_4910664147_50607912_8131882097,0,1,0,0,y,r,0.0,Non-Congested,Non-Congested,0
132200274,0,3,0,3,r,y,2.0,Non-Congested,Congested,1
181747232,1,0,0,0,r,G,5.0,Non-Congested,Non-Congested,0
47217361,0,2,0,1,r,r,0.0,Non-Congested,Non-Congested,0
cluster_1420096799_47154676,0,1,0,1,y,r,1.0,Non-Congested,Non-Congested,0
cluster_2455590523_389713_47212064,0,2,0,1,G,r,4.0,Non-Congested,Non-Congested,0
cluster_2461783448_38980632_5243070374,12,7,12,2,r,G,0.0,Congested,Non-Congested,5
cluster_2461880040_2461880142_8131892137,0,2,0,2,G,r,2.0,Non-Congested,Congested,1
cluster_2461880136_4910664147_50607912_8131882097,0,1,0,0,r,G,4.0,Non-Congested,Non-Congested,0
132200274,0,3,0,3,r,y,1.0,Non-Congested,Congested,1
181747232,1,0,0,0,r,G,4.0,Non-Congested,Non-Congested,0
47217361,0,1,0,0,r,G,4.0,Non-Congested,Non-Congested,0
cluster_1420096799_47154676,1,1,0,1,y,r,0.0,Non-Congested,Non-Congested,0
cluster_2455590523_389713_47212064,0,1,0,1,G,r,3.0,Non-Congested,Non-Congested,0
cluster_2461783448_38980632_5243070374,12,7,12,2,r,G,1.0,Congested,Non-Congested,5
cluster_2461880040_2461880142_8131892137,0,2,0,2,G,r,1.0,Non-Congested,Congested,1
cluster_2461880136_4910664147_50607912_8131882097,0,1,0,0,r,G,3.0,Non-Congested,Non-Congested,0
132200274,0,3,0,3,r,y,0.0,Non-Congested,Congested,1
181747232,1,0,0,0,r,G,3.0,Non-Congested,Non-Congested,0
47217361,0,1,0,0,r,G,3.0,Non-Congested,Non-Congested,0
cluster_1420096799_47154676,1,1,0,1,r,r,6.0,Non-Congested,Non-Congested,0
cluster_2455590523_389713_47212064,0,1,0,1,G,r,2.0,Non-Congested,Non-Congested,0
cluster_2461783448_38980632_5243070374,12,7,12,2,r,G,0.0,Congested,Non-Congested,5
cluster_2461880040_2461880142_8131892137,0,2,0,2,G,r,0.0,Non-Congested,Congested,1
cluster_2461880136_4910664147_50607912_8131882097,0,1,0,0,r,G,2.0,Non-Congested,Non-Congested,0
132200274,0,3,0,3,G,r,4.0,Non-Congested,Congested,1
181747232,1,0,0,0,r,G,2.0,Non-Congested,Non-Congested,0
47217361,0,1,0,0,r,G,2.0,Non-Congested,Non-Congested,0
cluster_1420096799_47154676,1,1,0,1,r,r,5.0,Non-Congested,Non-Congested,0
cluster_2455590523_389713_47212064,0,1,0,1,G,r,1.0,Non-Congested,Non-Congested,0
cluster_2461783448_38980632_5243070374,12,7,12,3,r,G,1.0,Congested,Non-Congested,5
cluster_2461880040_2461880142_8131892137,0,2,0,2,y,r,4.0,Non-Congested,Congested,1
cluster_2461880136_4910664147_50607912_8131882097,0,1,0,0,r,G,1.0,Non-Congested,Non-Congested,0
132200274,0,3,0,3,G,r,3.0,Non-Congested,Congested,1
181747232,1,0,0,0,r,G,1.0,Non-Congested,Non-Congested,0
47217361,1,1,0,0,r,G,1.0,Non-Congested,Non-Congested,0
cluster_1420096799_47154676,1,1,0,1,r,r,4.0,Non-Congested,Non-Congested,0
cluster_2455590523_389713_47212064,0,1,0,1,G,r,0.0,Non-Congested,Non-Congested,0
cluster_2461783448_38980632_5243070374,12,7,12,4,r,G,0.0,Congested,Non-Congested,5
cluster_2461880040_2461880142_8131892137,0,2,0,2,y,r,3.0,Non-Congested,Congested,1
cluster_2461880136_4910664147_50607912_8131882097,0,1,0,0,r,G,0.0,Non-Congested,Non-Congested,0
132200274,0,3,0,3,G,r,2.0,Non-Congested,Congested,1
181747232,1,0,0,0,r,G,0.0,Non-Congested,Non-Congested,0
47217361,1,0,0,0,r,G,0.0,Non-Congested,Non-Congested,0
cluster_1420096799_47154676,1,1,0,1,r,r,3.0,Non-Congested,Non-Congested,0
cluster_2455590523_389713_47212064,0,1,0,1,y,r,3.0,Non-Congested,Non-Congested,0
cluster_2461783448_38980632_5243070374,12,7,12,4,r,G,1.0,Congested,Non-Congested,5
cluster_2461880040_2461880142_8131892137,0,2,0,2,y,r,2.0,Non-Congested,Congested,1
cluster_2461880136_4910664147_50607912_8131882097,0,1,0,0,r,y,2.0,Non-Congested,Non-Congested,0
132200274,0,3,0,3,G,r,1.0,Non-Congested,Congested,1
181747232,1,0,0,0,r,y,3.0,Non-Congested,Non-Congested,0
47217361,2,0,0,0,r,y,2.0,Non-Congested,Non-Congested,0
cluster_1420096799_47154676,1,1,0,1,r,r,2.0,Non-Congested,Non-Congested,0
cluster_2455590523_389713_47212064,0,1,0,1,y,r,2.0,Non-Congested,Non-Congested,0
cluster_2461783448_38980632_5243070374,12,7,12,5,r,G,0.0,Congested,Non-Congested,5
cluster_2461880040_2461880142_8131892137,0,2,0,2,y,r,1.0,Non-Congested,Congested,1
cluster_2461880136_4910664147_50607912_8131882097,0,1,0,0,r,y,1.0,Non-Congested,Non-Congested,0
132200274,0,3,0,3,G,r,0.0,Non-Congested,Congested,1
181747232,1,0,0,0,r,y,2.0,Non-Congested,Non-Congested,0
47217361,2,0,0,0,r,y,1.0,Non-Congested,Non-Congested,0
cluster_1420096799_47154676,1,1,0,1,r,r,1.0,Non-Congested,Non-Congested,0
cluster_2455590523_389713_47212064,0,1,0,1,y,r,1.0,Non-Congested,Non-Congested,0
cluster_2461783448_38980632_5243070374,12,7,12,5,r,G,1.0,Congested,Non-Congested,5
cluster_2461880040_2461880142_8131892137,0,2,0,2,y,r,0.0,Non-Congested,Congested,1
132200274,0,3,0,3,y,r,2.0,Non-Congested,Congested,1
181747232,1,0,0,0,r,y,1.0,Non-Congested,Non-Congested,0
47217361,2,1,0,0,r,y,0.0,Non-Congested,Non-Congested,0
cluster_1420096799_47154676,1,1,1,1,r,r,0.0,Non-Congested,Non-Congested,0
cluster_2455590523_389713_47212064,0,1,0,1,y,r,0.0,Non-Congested,Non-Congested,0
cluster_2461783448_38980632_5243070374,12,7,12,6,r,G,0.0,Congested,Non-Congested,5
cluster_2461880040_2461880142_8131892137,0,2,0,1,r,G,9.0,Non-Congested,Congested,2
132200274,0,3,0,3,y,r,1.0,Non-Congested,Congested,1
181747232,1,0,0,0,r,y,0.0,Non-Congested,Non-Congested,0
47217361,2,1,0,0,G,r,4.0,Non-Congested,Non-Congested,0
cluster_1420096799_47154676,1,1,1,1,r,r,3.0,Non-Congested,Non-Congested,0
cluster_2455590523_389713_47212064,0,1,0,1,r,r,6.0,Non-Congested,Congested,1
cluster_2461783448_38980632_5243070374,12,7,12,7,r,G,1.0,Congested,Non-Congested,1
cluster_2461880040_2461880142_8131892137,0,1,0,0,r,G,8.0,Non-Congested,Congested,2
132200274,0,3,0,3,y,r,0.0,Non-Congested,Congested,1
181747232,1,0,0,0,G,r,6.0,Non-Congested,Non-Congested,0
47217361,1,1,0,0,G,r,3.0,Non-Congested,Non-Congested,0
cluster_1420096799_47154676,1,1,1,1,r,r,2.0,Non-Congested,Non-Congested,0
cluster_2455590523_389713_47212064,0,1,0,1,r,r,5.0,Non-Congested,Congested,1
cluster_2461783448_38980632_5243070374,12,7,12,7,r,G,0.0,Congested,Non-Congested,1
cluster_2461880040_2461880142_8131892137,0,1,0,0,r,G,7.0,Non-Congested,Congested,2
132200274,0,3,0,3,r,G,4.0,Non-Congested,Congested,2
181747232,1,0,0,0,G,r,5.0,Non-Congested,Non-Congested,0
47217361,1,1,0,0,G,r,2.0,Non-Congested,Non-Congested,0
cluster_1420096799_47154676,1,1,1,1,r,r,1.0,Non-Congested,Non-Congested,0
cluster_2455590523_389713_47212064,0,1,0,1,r,r,4.0,Non-Congested,Congested,1
cluster_2461783448_38980632_5243070374,12,7,12,7,r,G,1.0,Congested,Non-Congested,1
cluster_2461880040_2461880142_8131892137,0,1,0,0,r,G,6.0,Non-Congested,Non-Congested,0
132200274,0,3,0,3,r,G,3.0,Non-Congested,Congested,2
181747232,1,0,0,0,G,r,4.0,Non-Congested,Non-Congested,0
47217361,1,1,0,0,G,r,1.0,Non-Congested,Non-Congested,0
cluster_1420096799_47154676,1,1,1,1,r,r,0.0,Non-Congested,Non-Congested,0
cluster_2455590523_389713_47212064,0,1,0,1,r,r,3.0,Non-Congested,Non-Congested,0
cluster_2461783448_38980632_5243070374,12,7,12,7,r,G,0.0,Congested,Non-Congested,1
cluster_2461880040_2461880142_8131892137,0,1,0,0,r,G,5.0,Non-Congested,Non-Congested,0
132200274,0,3,0,3,r,G,2.0,Non-Congested,Congested,2
181747232,1,0,0,0,G,r,3.0,Non-Congested,Non-Congested,0
47217361,0,1,0,0,G,r,0.0,Non-Congested,Non-Congested,0
cluster_1420096799_47154676,1,1,1,0,r,G,6.0,Non-Congested,Non-Congested,0
cluster_2455590523_389713_47212064,0,1,0,1,r,r,2.0,Non-Congested,Non-Congested,0
cluster_2461783448_38980632_5243070374,12,7,12,7,r,G,1.0,Congested,Non-Congested,1
cluster_2461880040_2461880142_8131892137,0,1,0,0,r,G,4.0,Non-Congested,Non-Congested,0
132200274,0,3,0,3,r,G,1.0,Non-Congested,Congested,2
181747232,2,0,0,0,G,r,2.0,Non-Congested,Non-Congested,0
47217361,0,1,0,0,y,r,2.0,Non-Congested,Non-Congested,0
cluster_1420096799_47154676,1,0,1,0,r,G,5.0,Non-Congested,Non-Congested,0
cluster_2455590523_389713_47212064,0,1,0,1,r,r,1.0,Non-Congested,Non-Congested,0
cluster_2461783448_38980632_5243070374,12,7,12,7,r,G,0.0,Congested,Non-Congested,1
132200274,0,3,0,3,r,G,0.0,Non-Congested,Congested,2
181747232,3,0,0,0,G,r,1.0,Non-Congested,Non-Congested,0
47217361,0,1,0,0,y,r,1.0,Non-Congested,Non-Congested,0
cluster_1420096799_47154676,1,0,1,0,r,G,4.0,Non-Congested,Non-Congested,0
cluster_2455590523_389713_47212064,0,1,0,1,r,r,0.0,Non-Congested,Non-Congested,0
cluster_2461783448_38980632_5243070374,12,7,12,7,r,G,1.0,Congested,Non-Congested,1
cluster_2461880040_2461880142_8131892137,1,1,0,0,r,G,2.0,Non-Congested,Non-Congested,0
132200274,0,3,0,3,r,y,2.0,Non-Congested,Congested,1
181747232,3,0,0,0,G,r,0.0,Non-Congested,Non-Congested,0
47217361,0,1,0,0,y,r,0.0,Non-Congested,Non-Congested,0
cluster_1420096799_47154676,1,0,1,0,r,G,3.0,Non-Congested,Non-Congested,0
cluster_2455590523_389713_47212064,0,1,0,1,r,r,3.0,Non-Congested,Non-Congested,0
cluster_2461783448_38980632_5243070374,12,7,12,7,r,G,0.0,Congested,Non-Congested,1
cluster_2461880040_2461880142_8131892137,1,1,0,0,r,G,1.0,Non-Congested,Non-Congested,0
132200274,0,3,0,3,r,y,1.0,Non-Congested,Congested,1
181747232,2,0,0,0,G,r,1.0,Non-Congested,Non-Congested,0
47217361,0,1,0,0,r,r,4.0,Non-Congested,Non-Congested,0
cluster_1420096799_47154676,1,0,1,0,r,G,2.0,Non-Congested,Non-Congested,0
cluster_2455590523_389713_47212064,1,1,0,1,r,r,2.0,Non-Congested,Non-Congested,0
cluster_2461783448_38980632_5243070374,12,7,12,7,r,G,1.0,Congested,Non-Congested,1
cluster_2461880040_2461880142_8131892137,1,1,0,0,r,G,0.0,Non-Congested,Non-Congested,0
132200274,0,3,0,3,r,y,0.0,Non-Congested,Congested,1
181747232,3,1,0,0,G,r,0.0,Non-Congested,Non-Congested,0
47217361,0,1,0,0,r,r,3.0,Non-Congested,Non-Congested,0
cluster_1420096799_47154676,1,0,1,0,r,G,1.0,Non-Congested,Non-Congested,0
cluster_2455590523_389713_47212064,0,1,0,1,r,r,1.0,Non-Congested,Non-Congested,0
cluster_2461783448_38980632_5243070374,12,7,12,7,r,G,0.0,Congested,Non-Congested,1
cluster_2461880040_2461880142_8131892137,2,2,0,0,r,y,4.0,Non-Congested,Non-Congested,0
132200274,0,3,0,3,G,r,4.0,Non-Congested,Congested,1
181747232,3,1,0,0,G,r,0.0,Non-Congested,Non-Congested,0
47217361,0,1,0,0,r,r,2.0,Non-Congested,Non-Congested,0
cluster_1420096799_47154676,1,0,1,0,r,G,0.0,Non-Congested,Non-Congested,0
cluster_2455590523_389713_47212064,0,1,0,1,r,r,0.0,Non-Congested,Non-Congested,0
cluster_2461783448_38980632_5243070374,12,7,12,7,r,G,1.0,Congested,Non-Congested,1
cluster_2461880040_2461880142_8131892137,2,2,0,0,r,y,3.0,Non-Congested,Non-Congested,0
132200274,0,3,0,3,G,r,3.0,Non-Congested,Congested,1
181747232,3,1,0,0,y,r,3.0,Non-Congested,Non-Congested,0
47217361,0,1,0,0,r,r,1.0,Non-Congested,Non-Congested,0
cluster_1420096799_47154676,2,0,1,0,r,y,3.0,Non-Congested,Non-Congested,0
cluster_2461783448_38980632_5243070374,12,7,12,7,r,G,0.0,Congested,Non-Congested,1
cluster_2461880040_2461880142_8131892137,2,3,0,0,r,y,2.0,Non-Congested,Non-Congested,0
132200274,0,3,0,3,G,r,2.0,Non-Congested,Congested,1
181747232,3,1,0,0,y,r,2.0,Non-Congested,Non-Congested,0
47217361,0,1,0,0,r,r,0.0,Non-Congested,Non-Congested,0
cluster_1420096799_47154676,2,0,1,0,r,y,2.0,Non-Congested,Non-Congested,0
cluster_2461783448_38980632_5243070374,12,7,12,7,r,G,0.0,Congested,Non-Congested,1
cluster_2461880040_2461880142_8131892137,2,3,0,0,r,y,1.0,Non-Congested,Non-Congested,0
132200274,0,3,0,3,G,r,1.0,Non-Congested,Congested,1
181747232,3,1,0,0,y,r,1.0,Non-Congested,Non-Congested,0
47217361,0,1,0,0,r,r,2.0,Non-Congested,Non-Congested,0
cluster_1420096799_47154676,2,0,1,0,r,y,1.0,Non-Congested,Non-Congested,0
cluster_2461783448_38980632_5243070374,12,7,12,7,r,y,4.0,Congested,Non-Congested,1
cluster_2461880040_2461880142_8131892137,2,3,0,0,r,y,0.0,Non-Congested,Non-Congested,0
132200274,0,3,0,3,G,r,0.0,Non-Congested,Congested,1
181747232,3,1,0,0,y,r,0.0,Non-Congested,Non-Congested,0
47217361,0,1,0,0,r,r,1.0,Non-Congested,Non-Congested,0
cluster_1420096799_47154676,2,0,1,0,r,y,0.0,Non-Congested,Non-Congested,0
cluster_2461783448_38980632_5243070374,12,7,12,7,r,y,3.0,Congested,Non-Congested,1
cluster_2461880040_2461880142_8131892137,2,4,0,0,r,r,4.0,Non-Congested,Congested,1
132200274,0,3,0,3,y,r,2.0,Non-Congested,Congested,1
181747232,3,1,0,0,r,G,6.0,Non-Congested,Non-Congested,0
47217361,0,1,0,0,r,r,0.0,Non-Congested,Non-Congested,0
cluster_1420096799_47154676,2,0,0,0,G,r,6.0,Non-Congested,Non-Congested,0
cluster_2455590523_389713_47212064,0,1,0,0,r,G,0.0,Non-Congested,Non-Congested,0
cluster_2461783448_38980632_5243070374,12,7,12,7,r,y,2.0,Congested,Non-Congested,1
cluster_2461880040_2461880142_8131892137,1,3,0,0,r,r,3.0,Non-Congested,Congested,1
132200274,0,3,0,3,y,r,1.0,Non-Congested,Congested,1
181747232,3,1,0,0,r,G,5.0,Non-Congested,Non-Congested,0
cluster_2455590523_389713_47212064,0,1,0,0,r,G,1.0,Non-Congested,Non-Congested,0
cluster_2461783448_38980632_5243070374,12,7,12,7,r,y,1.0,Congested,Non-Congested,1
cluster_2461880040_2461880142_8131892137,1,3,0,1,r,r,2.0,Non-Congested,Congested,1
132200274,0,3,0,3,y,r,0.0,Non-Congested,Congested,1
181747232,3,1,0,0,r,G,4.0,Non-Congested,Non-Congested,0
cluster_2455590523_389713_47212064,0,2,0,0,r,G,0.0,Non-Congested,Non-Congested,0
cluster_2461783448_38980632_5243070374,12,7,12,7,r,y,0.0,Congested,Non-Congested,1
cluster_2461880040_2461880142_8131892137,0,2,0,1,r,r,1.0,Non-Congested,Congested,1
132200274,0,3,0,3,r,G,4.0,Non-Congested,Congested,2
181747232,3,1,0,0,r,G,3.0,Non-Congested,Non-Congested,0
cluster_2461783448_38980632_5243070374,12,7,12,7,G,r,4.0,Congested,Non-Congested,2
cluster_2461880040_2461880142_8131892137,0,2,0,2,r,r,0.0,Non-Congested,Congested,1
132200274,0,3,0,3,r,G,3.0,Non-Congested,Congested,2
181747232,3,1,1,1,r,G,2.0,Non-Congested,Non-Congested,0
47217361,1,0,0,0,r,G,1.0,Non-Congested,Non-Congested,0
cluster_1420096799_47154676,0,1,0,0,G,r,2.0,Non-Congested,Non-Congested,0
cluster_2461783448_38980632_5243070374,12,7,12,7,G,r,3.0,Congested,Non-Congested,2
cluster_2461880040_2461880142_8131892137,0,2,0,2,r,r,4.0,Non-Congested,Congested,1
132200274,0,3,0,3,r,G,2.0,Non-Congested,Congested,2
181747232,3,1,1,1,r,G,1.0,Non-Congested,Non-Congested,0
47217361,1,0,0,0,r,G,0.0,Non-Congested,Non-Congested,0
cluster_1420096799_47154676,0,1,0,0,G,r,1.0,Non-Congested,Non-Congested,0
cluster_2455590523_389713_47212064,0,1,0,0,r,y,2.0,Non-Congested,Non-Congested,0
cluster_2461783448_38980632_5243070374,12,7,12,7,G,r,2.0,Congested,Non-Congested,2
cluster_2461880040_2461880142_8131892137,0,2,0,2,r,r,3.0,Non-Congested,Congested,1
132200274,0,3,0,3,r,G,1.0,Non-Congested,Congested,2
181747232,3,1,1,1,r,G,0.0,Non-Congested,Non-Congested,0
47217361,1,0,0,0,r,y,2.0,Non-Congested,Non-Congested,0
cluster_1420096799_47154676,0,1,0,0,G,r,0.0,Non-Congested,Non-Congested,0
cluster_2455590523_389713_47212064,0,1,0,0,r,y,1.0,Non-Congested,Non-Congested,0
cluster_2461783448_38980632_5243070374,12,7,12,7,G,r,1.0,Congested,Non-Congested,2
cluster_2461880040_2461880142_8131892137,0,2,0,2,r,r,2.0,Non-Congested,Congested,1
132200274,0,3,0,3,r,G,0.0,Non-Congested,Congested,2
181747232,3,1,1,1,r,y,3.0,Non-Congested,Non-Congested,0
47217361,1,0,0,0,r,y,1.0,Non-Congested,Non-Congested,0
cluster_1420096799_47154676,0,1,0,0,y,r,3.0,Non-Congested,Non-Congested,0
cluster_2455590523_389713_47212064,0,2,0,0,r,y,0.0,Non-Congested,Non-Congested,0
cluster_2461783448_38980632_5243070374,12,8,12,7,G,r,0.0,Congested,Non-Congested,2
cluster_2461880040_2461880142_8131892137,0,2,0,2,r,r,1.0,Non-Congested,Congested,1
132200274,0,3,0,3,r,y,2.0,Non-Congested,Congested,1
181747232,3,1,1,1,r,y,2.0,Non-Congested,Non-Congested,0
47217361,1,0,0,0,r,y,0.0,Non-Congested,Non-Congested,0
cluster_1420096799_47154676,0,1,0,0,y,r,2.0,Non-Congested,Non-Congested,0
cluster_2455590523_389713_47212064,0,1,0,0,G,r,4.0,Non-Congested,Congested,1
cluster_2461783448_38980632_5243070374,12,8,12,7,G,r,4.0,Congested,Non-Congested,2
cluster_2461880040_2461880142_8131892137,0,2,0,2,r,r,0.0,Non-Congested,Congested,1
132200274,0,3,0,3,r,y,1.0,Non-Congested,Congested,1
181747232,2,0,0,0,r,y,1.0,Non-Congested,Non-Congested,0
47217361,1,0,0,0,G,r,4.0,Non-Congested,Non-Congested,0
cluster_1420096799_47154676,0,1,0,0,y,r,1.0,Non-Congested,Non-Congested,0
cluster_2455590523_389713_47212064,0,1,0,0,G,r,3.0,Non-Congested,Congested,1
cluster_2461783448_38980632_5243070374,12,8,12,7,G,r,3.0,Congested,Non-Congested,2
cluster_2461880040_2461880142_8131892137,0,2,0,2,G,r,4.0,Non-Congested,Congested,1
132200274,0,3,0,3,r,y,0.0,Non-Congested,Congested,1
181747232,2,0,0,0,r,y,0.0,Non-Congested,Non-Congested,0
47217361,1,0,0,0,G,r,3.0,Non-Congested,Non-Congested,0
cluster_1420096799_47154676,0,1,0,0,y,r,0.0,Non-Congested,Non-Congested,0
cluster_2455590523_389713_47212064,0,1,0,0,G,r,2.0,Non-Congested,Congested,1
cluster_2461783448_38980632_5243070374,12,8,12,7,G,r,2.0,Congested,Non-Congested,2
cluster_2461880040_2461880142_8131892137,0,2,0,2,G,r,3.0,Non-Congested,Congested,1
132200274,0,3,0,3,G,r,4.0,Non-Congested,Congested,1
181747232,2,0,0,0,G,r,6.0,Non-Congested,Non-Congested,0
47217361,1,0,0,0,G,r,2.0,Non-Congested,Non-Congested,0
cluster_1420096799_47154676,0,1,0,0,r,r,6.0,Non-Congested,Non-Congested,0
cluster_2455590523_389713_47212064,0,1,0,1,G,r,1.0,Non-Congested,Congested,1
cluster_2461783448_38980632_5243070374,11,8,11,7,G,r,1.0,Congested,Non-Congested,2
cluster_2461880040_2461880142_8131892137,0,2,0,2,G,r,2.0,Non-Congested,Congested,1
132200274,0,3,0,3,G,r,3.0,Non-Congested,Congested,1
181747232,2,0,0,0,G,r,5.0,Non-Congested,Non-Congested,0
47217361,1,0,0,0,G,r,1.0,Non-Congested,Non-Congested,0
cluster_1420096799_47154676,0,2,0,0,r,r,5.0,Non-Congested,Non-Congested,0
cluster_2455590523_389713_47212064,0,1,0,1,G,r,0.0,Non-Congested,Congested,1
cluster_2461783448_38980632_5243070374,11,8,10,7,G,r,0.0,Congested,Non-Congested,2
cluster_2461880040_2461880142_8131892137,0,2,0,2,G,r,1.0,Non-Congested,Congested,1
132200274,0,4,0,3,G,r,2.0,Non-Congested,Congested,1
181747232,2,0,0,0,G,r,4.0,Non-Congested,Non-Congested,0
47217361,1,0,0,0,G,r,0.0,Non-Congested,Non-Congested,0
cluster_1420096799_47154676,0,2,0,0,r,r,4.0,Non-Congested,Non-Congested,0
cluster_181310323_5380872437,1,0,0,0,y,r,1.0,Non-Congested,Non-Congested,0
cluster_2455590523_389713_47212064,0,1,0,1,y,r,3.0,Non-Congested,Congested,1
cluster_2461783448_38980632_5243070374,11,9,9,8,G,r,9.0,Congested,Non-Congested,2
cluster_2461880040_2461880142_8131892137,0,2,0,2,G,r,0.0,Non-Congested,Congested,1
cluster_2461880136_4910664147_50607912_8131882097,0,1,0,0,r,G,1.0,Non-Congested,Non-Congested,0
132200274,0,4,0,3,G,r,1.0,Non-Congested,Congested,1
181747232,2,0,0,0,G,r,3.0,Non-Congested,Non-Congested,0
47217361,1,0,0,0,y,r,2.0,Non-Congested,Non-Congested,0
cluster_1420096799_47154676,0,2,0,0,r,r,3.0,Non-Congested,Non-Congested,0
cluster_181310323_5380872437,1,0,0,0,y,r,0.0,Non-Congested,Non-Congested,0
cluster_2455590523_389713_47212064,0,1,0,1,y,r,2.0,Non-Congested,Congested,1
cluster_2461783448_38980632_5243070374,11,9,8,8,G,r,8.0,Congested,Non-Congested,2
cluster_2461880040_2461880142_8131892137,0,2,0,2,y,r,4.0,Non-Congested,Congested,1
cluster_2461880136_4910664147_50607912_8131882097,0,1,0,0,r,G,0.0,Non-Congested,Non-Congested,0
132200274,0,4,0,3,G,r,0.0,Non-Congested,Congested,1
181747232,2,0,0,0,G,r,2.0,Non-Congested,Non-Congested,0
47217361,1,0,1,0,y,r,1.0,Non-Congested,Non-Congested,0
cluster_1420096799_47154676,0,2,0,1,r,r,2.0,Non-Congested,Non-Congested,0
cluster_181310323_5380872437,1,0,0,0,r,G,4.0,Non-Congested,Non-Congested,0
cluster_2455590523_389713_47212064,0,1,0,1,y,r,1.0,Non-Congested,Congested,1
cluster_2461783448_38980632_5243070374,11,9,7,8,G,r,7.0,Congested,Non-Congested,2
cluster_2461880040_2461880142_8131892137,0,2,0,2,y,r,3.0,Non-Congested,Congested,1
cluster_2461880136_4910664147_50607912_8131882097,0,1,0,0,r,y,2.0,Non-Congested,Non-Congested,0
132200274,0,4,0,3,y,r,2.0,Non-Congested,Congested,1
47217361,1,0,1,0,y,r,0.0,Non-Congested,Non-Congested,0
cluster_1420096799_47154676,0,2,0,1,r,r,1.0,Non-Congested,Non-Congested,0
cluster_181310323_5380872437,1,0,0,0,r,G,3.0,Non-Congested,Non-Congested,0
cluster_2455590523_389713_47212064,0,1,0,1,y,r,0.0,Non-Congested,Congested,1
cluster_2461783448_38980632_5243070374,10,9,6,8,G,r,6.0,Congested,Non-Congested,2
cluster_2461880040_2461880142_8131892137,0,2,0,2,y,r,2.0,Non-Congested,Congested,1
cluster_2461880136_4910664147_50607912_8131882097,0,2,0,0,r,y,1.0,Non-Congested,Non-Congested,0
132200274,0,4,0,3,y,r,1.0,Non-Congested,Congested,1
181747232,2,2,0,0,G,r,0.0,Non-Congested,Non-Congested,0
47217361,1,0,0,0,r,r,4.0,Non-Congested,Non-Congested,0
cluster_1420096799_47154676,0,1,0,1,r,r,0.0,Non-Congested,Non-Congested,0
cluster_181310323_5380872437,1,0,0,0,r,G,2.0,Non-Congested,Non-Congested,0
cluster_2455590523_389713_47212064,0,1,0,1,r,r,6.0,Non-Congested,Congested,1
cluster_2461783448_38980632_5243070374,10,9,5,8,G,r,5.0,Congested,Non-Congested,2
cluster_2461880040_2461880142_8131892137,0,2,0,2,y,r,1.0,Non-Congested,Congested,1
cluster_2461880136_4910664147_50607912_8131882097,0,2,0,0,r,y,0.0,Non-Congested,Non-Congested,0
132200274,0,4,0,3,y,r,0.0,Non-Congested,Congested,1
181747232,2,2,0,0,G,r,0.0,Non-Congested,Non-Congested,0
cluster_1420096799_47154676,0,1,0,1,r,r,3.0,Non-Congested,Non-Congested,0
cluster_181310323_5380872437,1,0,0,0,r,G,1.0,Non-Congested,Non-Congested,0
cluster_2455590523_389713_47212064,0,1,0,1,r,r,5.0,Non-Congested,Congested,1
cluster_2461783448_38980632_5243070374,11,9,5,9,G,r,4.0,Congested,Non-Congested,2
cluster_2461880040_2461880142_8131892137,0,2,0,2,y,r,0.0,Non-Congested,Congested,1
cluster_2461880136_4910664147_50607912_8131882097,0,2,0,0,r,r,0.0,Non-Congested,Non-Congested,0
132200274,0,3,0,3,r,G,4.0,Non-Congested,Congested,2
181747232,2,2,0,0,y,r,3.0,Non-Congested,Non-Congested,0
cluster_1420096799_47154676,0,1,0,1,r,r,2.0,Non-Congested,Non-Congested,0
cluster_181310323_5380872437,1,0,0,0,r,G,0.0,Non-Congested,Non-Congested,0
cluster_2455590523_389713_47212064,0,1,0,1,r,r,4.0,Non-Congested,Congested,1
cluster_2461783448_38980632_5243070374,10,9,4,9,G,r,3.0,Congested,Non-Congested,2
cluster_2461880040_2461880142_8131892137,0,1,0,1,r,G,9.0,Non-Congested,Congested,2
cluster_2461880136_4910664147_50607912_8131882097,0,2,0,0,G,r,4.0,Non-Congested,Non-Congested,0
132200274,0,3,0,3,r,G,3.0,Non-Congested,Congested,2
181747232,2,2,0,0,y,r,2.0,Non-Congested,Non-Congested,0
cluster_1420096799_47154676,0,1,0,1,r,r,1.0,Non-Congested,Non-Congested,0
cluster_181310323_5380872437,1,0,1,0,r,y,3.0,Non-Congested,Non-Congested,0
cluster_2455590523_389713_47212064,0,1,0,1,r,r,3.0,Non-Congested,Congested,1
cluster_2461783448_38980632_5243070374,10,9,4,9,G,r,2.0,Congested,Non-Congested,2
cluster_2461880040_2461880142_8131892137,0,1,0,0,r,G,8.0,Non-Congested,Non-Congested,0
cluster_2461880136_4910664147_50607912_8131882097,0,2,0,0,G,r,3.0,Non-Congested,Non-Congested,0
132200274,0,3,0,3,r,G,2.0,Non-Congested,Congested,2
181747232,2,2,0,0,y,r,1.0,Non-Congested,Non-Congested,0
cluster_1420096799_47154676,0,1,0,1,r,r,0.0,Non-Congested,Non-Congested,0
cluster_181310323_5380872437,1,0,1,0,r,y,2.0,Non-Congested,Non-Congested,0
cluster_2455590523_389713_47212064,0,1,0,1,r,r,2.0,Non-Congested,Congested,1
cluster_2461783448_38980632_5243070374,10,9,4,9,G,r,1.0,Congested,Non-Congested,2
cluster_2461880040_2461880142_8131892137,0,1,0,0,r,G,7.0,Non-Congested,Non-Congested,0
cluster_2461880136_4910664147_50607912_8131882097,0,2,0,0,G,r,2.0,Non-Congested,Non-Congested,0
132200274,0,3,0,3,r,G,1.0,Non-Congested,Congested,2
181747232,2,2,0,0,y,r,0.0,Non-Congested,Non-Congested,0
cluster_181310323_5380872437,1,0,1,0,r,y,1.0,Non-Congested,Non-Congested,0
cluster_2455590523_389713_47212064,0,1,0,1,r,r,1.0,Non-Congested,Congested,1
cluster_2461783448_38980632_5243070374,10,9,5,9,G,r,0.0,Congested,Non-Congested,2
cluster_2461880040_2461880142_8131892137,0,2,0,0,r,G,6.0,Non-Congested,Non-Congested,0
cluster_2461880136_4910664147_50607912_8131882097,0,2,0,0,G,r,1.0,Non-Congested,Non-Congested,0
132200274,1,3,0,3,r,G,0.0,Non-Congested,Congested,2
181747232,2,3,0,0,r,G,6.0,Non-Congested,Non-Congested,0
cluster_181310323_5380872437,1,0,1,0,r,y,0.0,Non-Congested,Non-Congested,0
cluster_2455590523_389713_47212064,0,2,0,1,r,r,0.0,Non-Congested,Congested,1
cluster_2461783448_38980632_5243070374,11,9,5,9,y,r,4.0,Congested,Non-Congested,1
cluster_2461880040_2461880142_8131892137,0,1,0,0,r,G,5.0,Non-Congested,Non-Congested,0
cluster_2461880136_4910664147_50607912_8131882097,0,2,0,0,G,r,0.0,Non-Congested,Non-Congested,0
132200274,1,3,0,3,r,y,2.0,Non-Congested,Congested,1
181747232,2,2,0,0,r,G,5.0,Non-Congested,Congested,2
cluster_2455590523_389713_47212064,0,2,0,1,r,r,1.0,Non-Congested,Congested,1
cluster_2461783448_38980632_5243070374,11,9,6,9,y,r,3.0,Congested,Non-Congested,1
cluster_2461880040_2461880142_8131892137,0,1,0,0,r,G,4.0,Non-Congested,Non-Congested,0
cluster_2461880136_4910664147_50607912_8131882097,0,2,0,1,y,r,2.0,Non-Congested,Non-Congested,0
132200274,1,3,0,3,r,y,1.0,Non-Congested,Congested,1
181747232,3,2,0,0,r,G,4.0,Non-Congested,Congested,2
cluster_2455590523_389713_47212064,0,2,0,1,r,r,0.0,Non-Congested,Congested,1
cluster_2461783448_38980632_5243070374,11,9,6,9,y,r,2.0,Congested,Non-Congested,1
cluster_2461880040_2461880142_8131892137,1,2,0,0,r,G,3.0,Non-Congested,Non-Congested,0
cluster_2461880136_4910664147_50607912_8131882097,0,2,0,1,y,r,1.0,Non-Congested,Non-Congested,0
132200274,1,3,0,3,r,y,0.0,Non-Congested,Congested,1
181747232,3,2,1,1,r,G,3.0,Non-Congested,Non-Congested,0
cluster_2455590523_389713_47212064,1,2,0,1,r,r,1.0,Non-Congested,Congested,1
cluster_2461783448_38980632_5243070374,11,9,7,9,y,r,1.0,Congested,Non-Congested,1
cluster_2461880040_2461880142_8131892137,1,1,0,0,r,G,2.0,Non-Congested,Non-Congested,0
cluster_2461880136_4910664147_50607912_8131882097,0,2,0,1,y,r,0.0,Non-Congested,Non-Congested,0
132200274,1,3,0,3,G,r,4.0,Non-Congested,Congested,1
181747232,3,2,1,1,r,G,2.0,Non-Congested,Non-Congested,0
cluster_1420096799_47154676,1,0,0,0,r,G,1.0,Non-Congested,Non-Congested,0
cluster_181310323_5380872437,1,0,0,0,G,r,3.0,Non-Congested,Non-Congested,0
cluster_2455590523_389713_47212064,0,1,0,1,r,r,0.0,Congested,Congested,3
cluster_2461783448_38980632_5243070374,11,9,9,9,y,r,0.0,Congested,Non-Congested,1
cluster_2461880040_2461880142_8131892137,2,2,0,0,r,G,1.0,Non-Congested,Non-Congested,0
cluster_2461880136_4910664147_50607912_8131882097,0,1,0,1,r,G,4.0,Non-Congested,Non-Congested,0
132200274,1,3,0,3,G,r,3.0,Non-Congested,Congested,1
181747232,3,2,2,2,r,G,1.0,Non-Congested,Non-Congested,0
cluster_1420096799_47154676,1,0,0,0,r,G,0.0,Non-Congested,Non-Congested,0
cluster_181310323_5380872437,1,0,0,0,G,r,2.0,Non-Congested,Non-Congested,0
cluster_2455590523_389713_47212064,0,1,0,1,r,r,0.0,Non-Congested,Congested,1
cluster_2461783448_38980632_5243070374,11,9,11,9,r,G,4.0,Congested,Non-Congested,1
cluster_2461880040_2461880142_8131892137,2,3,0,0,r,G,0.0,Non-Congested,Non-Congested,0
cluster_2461880136_4910664147_50607912_8131882097,0,1,0,0,r,G,3.0,Non-Congested,Non-Congested,0
132200274,0,3,0,3,G,r,2.0,Non-Congested,Congested,1
181747232,4,3,2,2,r,G,0.0,Non-Congested,Non-Congested,0
cluster_1420096799_47154676,1,0,0,0,r,y,3.0,Non-Congested,Non-Congested,0
cluster_181310323_5380872437,1,1,0,0,G,r,1.0,Non-Congested,Non-Congested,0
cluster_2455590523_389713_47212064,0,1,0,1,r,r,3.0,Non-Congested,Congested,1
cluster_2461783448_38980632_5243070374,11,9,11,9,r,G,3.0,Congested,Non-Congested,1
cluster_2461880040_2461880142_8131892137,3,4,0,0,r,G,1.0,Non-Congested,Non-Congested,0
cluster_2461880136_4910664147_50607912_8131882097,0,1,0,0,r,G,2.0,Non-Congested,Non-Congested,0
132200274,0,3,0,3,G,r,1.0,Non-Congested,Congested,1
181747232,4,3,2,2,r,y,3.0,Non-Congested,Non-Congested,0
cluster_1420096799_47154676,1,0,0,0,r,y,2.0,Non-Congested,Non-Congested,0
cluster_181310323_5380872437,0,1,0,0,G,r,0.0,Non-Congested,Non-Congested,0
cluster_2455590523_389713_47212064,0,1,0,1,r,r,2.0,Non-Congested,Congested,1
cluster_2461783448_38980632_5243070374,11,9,11,9,r,G,2.0,Congested,Non-Congested,1
cluster_2461880040_2461880142_8131892137,3,3,0,0,r,G,0.0,Non-Congested,Non-Congested,0
cluster_2461880136_4910664147_50607912_8131882097,0,1,0,0,r,G,1.0,Non-Congested,Non-Congested,0
132200274,0,3,0,3,G,r,0.0,Non-Congested,Congested,1
181747232,4,3,2,2,r,y,2.0,Non-Congested,Non-Congested,0
cluster_1420096799_47154676,1,0,0,0,r,y,1.0,Non-Congested,Non-Congested,0
cluster_181310323_5380872437,0,1,0,0,y,r,3.0,Non-Congested,Non-Congested,0
cluster_2455590523_389713_47212064,1,1,0,1,r,r,1.0,Non-Congested,Congested,1
cluster_2461783448_38980632_5243070374,11,9,11,9,r,G,1.0,Congested,Non-Congested,1
cluster_2461880040_2461880142_8131892137,3,4,0,0,r,G,0.0,Non-Congested,Non-Congested,0
cluster_2461880136_4910664147_50607912_8131882097,0,2,0,0,r,G,0.0,Non-Congested,Non-Congested,0
132200274,0,3,0,3,y,r,2.0,Non-Congested,Congested,1
181747232,4,3,2,2,r,y,1.0,Non-Congested,Non-Congested,0
cluster_1420096799_47154676,1,0,0,0,r,y,0.0,Non-Congested,Non-Congested,0
cluster_181310323_5380872437,0,1,0,0,y,r,2.0,Non-Congested,Non-Congested,0
cluster_2455590523_389713_47212064,1,1,0,1,r,r,0.0,Non-Congested,Congested,1
cluster_2461783448_38980632_5243070374,11,9,11,9,r,G,0.0,Congested,Non-Congested,1
cluster_2461880040_2461880142_8131892137,4,4,0,0,r,G,1.0,Non-Congested,Non-Congested,0
cluster_2461880136_4910664147_50607912_8131882097,0,2,0,0,r,y,2.0,Non-Congested,Non-Congested,0
132200274,0,3,0,3,y,r,1.0,Non-Congested,Congested,1
181747232,4,3,2,2,r,y,0.0,Non-Congested,Non-Congested,0
cluster_181310323_5380872437,0,1,0,0,y,r,1.0,Non-Congested,Non-Congested,0
cluster_2455590523_389713_47212064,2,0,0,0,r,G,4.0,Non-Congested,Congested,2
cluster_2461783448_38980632_5243070374,11,9,11,9,r,y,4.0,Congested,Non-Congested,1
cluster_2461880040_2461880142_8131892137,4,4,0,0,r,G,0.0,Non-Congested,Non-Congested,0
cluster_2461880136_4910664147_50607912_8131882097,0,2,0,0,r,y,1.0,Non-Congested,Non-Congested,0
132200274,0,3,0,3,y,r,0.0,Non-Congested,Congested,1
181747232,3,2,0,0,G,r,6.0,Non-Congested,Non-Congested,0
cluster_181310323_5380872437,1,1,0,1,y,r,0.0,Non-Congested,Non-Congested,0
cluster_2455590523_389713_47212064,1,0,0,0,r,G,3.0,Non-Congested,Non-Congested,0
cluster_2461783448_38980632_5243070374,11,9,11,9,r,y,3.0,Congested,Non-Congested,1
cluster_2461880040_2461880142_8131892137,4,4,0,0,r,G,0.0,Non-Congested,Non-Congested,0
cluster_2461880136_4910664147_50607912_8131882097,0,2,0,0,r,y,0.0,Non-Congested,Non-Congested,0
132200274,0,3,0,3,r,G,4.0,Non-Congested,Congested,2
181747232,2,1,0,0,G,r,5.0,Non-Congested,Non-Congested,0
cluster_181310323_5380872437,1,1,0,0,r,G,4.0,Non-Congested,Non-Congested,0
cluster_2455590523_389713_47212064,1,0,0,0,r,G,2.0,Non-Congested,Non-Congested,0
cluster_2461783448_38980632_5243070374,11,9,11,9,r,y,2.0,Congested,Non-Congested,1
cluster_2461880040_2461880142_8131892137,4,4,0,0,r,y,4.0,Non-Congested,Non-Congested,0
cluster_2461880136_4910664147_50607912_8131882097,0,3,0,1,r,r,0.0,Non-Congested,Non-Congested,0
132200274,0,3,0,3,r,G,3.0,Non-Congested,Congested,2
181747232,2,1,0,0,G,r,4.0,Non-Congested,Non-Congested,0
cluster_181310323_5380872437,2,0,0,0,r,G,3.0,Non-Congested,Non-Congested,0
cluster_2455590523_389713_47212064,1,0,0,0,r,G,1.0,Non-Congested,Non-Congested,0
cluster_2461783448_38980632_5243070374,11,9,11,9,r,y,1.0,Congested,Non-Congested,1
cluster_2461880040_2461880142_8131892137,3,3,0,0,r,y,3.0,Non-Congested,Non-Congested,0
cluster_2461880136_4910664147_50607912_8131882097,0,3,0,1,G,r,4.0,Non-Congested,Non-Congested,0
132200274,0,3,0,3,r,G,2.0,Non-Congested,Congested,2
181747232,2,1,0,0,G,r,3.0,Non-Congested,Non-Congested,0
cluster_181310323_5380872437,2,0,0,0,r,G,2.0,Non-Congested,Non-Congested,0
cluster_2455590523_389713_47212064,1,0,1,0,r,G,0.0,Non-Congested,Non-Congested,0
cluster_2461783448_38980632_5243070374,11,9,11,9,r,y,0.0,Congested,Non-Congested,1
cluster_2461880040_2461880142_8131892137,3,3,0,0,r,y,2.0,Non-Congested,Non-Congested,0
cluster_2461880136_4910664147_50607912_8131882097,0,3,0,1,G,r,3.0,Non-Congested,Non-Congested,0
132200274,0,3,0,3,r,G,1.0,Non-Congested,Congested,2
181747232,2,1,0,0,G,r,2.0,Non-Congested,Non-Congested,0
cluster_181310323_5380872437,2,0,0,0,r,G,1.0,Non-Congested,Non-Congested,0
cluster_2455590523_389713_47212064,1,1,1,0,r,G,0.0,Non-Congested,Non-Congested,0
cluster_2461783448_38980632_5243070374,11,9,11,9,G,r,4.0,Congested,Non-Congested,2
cluster_2461880040_2461880142_8131892137,2,3,0,0,r,y,1.0,Non-Congested,Non-Congested,0
cluster_2461880136_4910664147_50607912_8131882097,0,3,0,1,G,r,2.0,Non-Congested,Non-Congested,0
132200274,0,3,0,3,r,G,0.0,Non-Congested,Congested,2
181747232,1,0,0,0,G,r,1.0,Non-Congested,Non-Congested,0
cluster_181310323_5380872437,2,0,0,0,r,G,0.0,Non-Congested,Non-Congested,0
cluster_2455590523_389713_47212064,1,0,1,0,r,G,0.0,Non-Congested,Non-Congested,0
cluster_2461783448_38980632_5243070374,11,9,11,9,G,r,3.0,Congested,Non-Congested,2
cluster_2461880040_2461880142_8131892137,2,3,0,0,r,y,0.0,Non-Congested,Non-Congested,0
cluster_2461880136_4910664147_50607912_8131882097,0,3,0,1,G,r,1.0,Non-Congested,Non-Congested,0
132200274,0,3,0,3,r,y,2.0,Non-Congested,Congested,1
181747232,1,0,0,0,G,r,0.0,Non-Congested,Non-Congested,0
cluster_181310323_5380872437,2,0,0,0,r,y,3.0,Non-Congested,Non-Congested,0
cluster_2455590523_389713_47212064,1,0,1,0,r,y,3.0,Non-Congested,Non-Congested,0
cluster_2461783448_38980632_5243070374,11,9,11,9,G,r,2.0,Congested,Non-Congested,2
cluster_2461880040_2461880142_8131892137,1,2,0,0,r,r,4.0,Non-Congested,Congested,1
cluster_2461880136_4910664147_50607912_8131882097,0,3,0,1,G,r,0.0,Non-Congested,Non-Congested,0
132200274,0,3,0,3,r,y,1.0,Non-Congested,Congested,1
181747232,1,0,0,0,y,r,3.0,Non-Congested,Non-Congested,0
cluster_181310323_5380872437,3,0,0,0,r,y,2.0,Non-Congested,Non-Congested,0
cluster_2455590523_389713_47212064,1,1,1,0,r,y,2.0,Non-Congested,Non-Congested,0
cluster_2461783448_38980632_5243070374,11,9,11,9,G,r,1.0,Congested,Non-Congested,2
cluster_2461880040_2461880142_8131892137,1,2,0,0,r,r,3.0,Non-Congested,Congested,1
cluster_2461880136_4910664147_50607912_8131882097,0,3,0,1,y,r,2.0,Non-Congested,Non-Congested,0
132200274,0,3,0,3,r,y,0.0,Non-Congested,Congested,1
181747232,1,0,0,0,y,r,2.0,Non-Congested,Non-Congested,0
cluster_181310323_5380872437,3,0,1,0,r,y,1.0,Non-Congested,Non-Congested,0
cluster_2455590523_389713_47212064,1,1,1,0,r,y,1.0,Non-Congested,Non-Congested,0
cluster_2461783448_38980632_5243070374,11,9,11,9,G,r,0.0,Congested,Non-Congested,2
cluster_2461880040_2461880142_8131892137,0,2,0,0,r,r,2.0,Non-Congested,Congested,1
cluster_2461880136_4910664147_50607912_8131882097,1,3,0,1,y,r,1.0,Non-Congested,Non-Congested,0
132200274,0,3,0,3,G,r,4.0,Non-Congested,Congested,1
181747232,2,0,0,0,y,r,1.0,Non-Congested,Non-Congested,0
cluster_181310323_5380872437,3,0,1,0,r,y,0.0,Non-Congested,Non-Congested,0
cluster_2455590523_389713_47212064,1,1,1,0,r,y,0.0,Non-Congested,Non-Congested,0
cluster_2461783448_38980632_5243070374,11,10,11,9,G,r,4.0,Congested,Non-Congested,2
cluster_2461880040_2461880142_8131892137,0,2,0,1,r,r,1.0,Non-Congested,Congested,1
cluster_2461880136_4910664147_50607912_8131882097,1,3,0,2,y,r,0.0,Non-Congested,Non-Congested,0
132200274,0,3,0,3,G,r,3.0,Non-Congested,Congested,1
181747232,2,0,0,0,y,r,0.0,Non-Congested,Non-Congested,0
cluster_181310323_5380872437,2,0,1,0,G,r,6.0,Non-Congested,Non-Congested,0
cluster_2455590523_389713_47212064,0,1,0,0,G,r,4.0,Non-Congested,Non-Congested,0
cluster_2461783448_38980632_5243070374,11,10,11,9,G,r,3.0,Congested,Non-Congested,2
cluster_2461880040_2461880142_8131892137,0,2,0,1,r,r,0.0,Non-Congested,Congested,1
cluster_2461880136_4910664147_50607912_8131882097,1,2,0,0,r,G,4.0,Non-Congested,Non-Congested,0
132200274,0,3,0,3,G,r,2.0,Non-Congested,Congested,1
181747232,2,0,0,0,r,G,6.0,Non-Congested,Congested,2
cluster_181310323_5380872437,2,0,0,0,G,r,5.0,Non-Congested,Non-Congested,0
cluster_2455590523_389713_47212064,0,1,0,0,G,r,3.0,Non-Congested,Non-Congested,0
cluster_2461783448_38980632_5243070374,11,10,11,9,G,r,2.0,Congested,Non-Congested,2
cluster_2461880040_2461880142_8131892137,0,2,0,2,r,r,1.0,Non-Congested,Congested,1
cluster_2461880136_4910664147_50607912_8131882097,1,1,1,0,r,G,3.0,Non-Congested,Non-Congested,0
132200274,0,3,0,3,G,r,1.0,Non-Congested,Congested,1
181747232,2,0,0,0,r,G,5.0,Non-Congested,Non-Congested,0
cluster_181310323_5380872437,2,0,0,0,G,r,4.0,Non-Congested,Non-Congested,0
cluster_2455590523_389713_47212064,0,1,0,0,G,r,2.0,Non-Congested,Non-Congested,0
cluster_2461783448_38980632_5243070374,11,9,11,9,G,r,1.0,Congested,Non-Congested,2
cluster_2461880040_2461880142_8131892137,0,2,0,2,r,r,0.0,Non-Congested,Congested,1
cluster_2461880136_4910664147_50607912_8131882097,1,2,1,0,r,G,2.0,Non-Congested,Non-Congested,0
132200274,0,3,0,3,G,r,0.0,Non-Congested,Congested,1
181747232,3,1,0,0,r,G,4.0,Non-Congested,Non-Congested,0
cluster_1420096799_47154676,0,1,0,0,r,r,3.0,Non-Congested,Non-Congested,0
cluster_181310323_5380872437,2,0,0,0,G,r,3.0,Non-Congested,Non-Congested,0
cluster_2455590523_389713_47212064,0,1,0,0,G,r,1.0,Non-Congested,Non-Congested,0
cluster_2461783448_38980632_5243070374,11,9,11,9,G,r,0.0,Congested,Non-Congested,2
cluster_2461880040_2461880142_8131892137,0,2,0,2,r,r,1.0,Non-Congested,Congested,1
cluster_2461880136_4910664147_50607912_8131882097,1,1,1,0,r,G,1.0,Non-Congested,Non-Congested,0
132200274,0,3,0,3,y,r,2.0,Non-Congested,Congested,1
181747232,3,1,0,0,r,G,3.0,Non-Congested,Non-Congested,0
cluster_1420096799_47154676,0,1,0,0,r,r,2.0,Non-Congested,Non-Congested,0
cluster_181310323_5380872437,2,0,0,0,G,r,2.0,Non-Congested,Non-Congested,0
cluster_2455590523_389713_47212064,0,2,0,0,G,r,0.0,Non-Congested,Non-Congested,0
cluster_2461783448_38980632_5243070374,11,9,11,9,G,r,9.0,Congested,Non-Congested,2
cluster_2461880040_2461880142_8131892137,0,2,0,2,r,r,0.0,Non-Congested,Congested,1
cluster_2461880136_4910664147_50607912_8131882097,1,1,1,0,r,G,0.0,Non-Congested,Non-Congested,0
132200274,0,3,0,3,y,r,1.0,Non-Congested,Congested,1
181747232,3,1,0,0,r,G,2.0,Non-Congested,Non-Congested,0
cluster_1420096799_47154676,0,1,0,0,r,r,1.0,Non-Congested,Non-Congested,0
cluster_181310323_5380872437,2,1,0,0,G,r,1.0,Non-Congested,Non-Congested,0
cluster_2455590523_389713_47212064,0,3,0,0,y,r,3.0,Non-Congested,Congested,1
cluster_2461783448_38980632_5243070374,11,9,11,9,G,r,8.0,Congested,Non-Congested,2
cluster_2461880040_2461880142_8131892137,0,2,0,2,r,r,1.0,Non-Congested,Congested,1
cluster_2461880136_4910664147_50607912_8131882097,1,1,1,0,r,y,2.0,Non-Congested,Non-Congested,0
132200274,0,3,0,3,y,r,0.0,Non-Congested,Congested,1
181747232,3,1,0,0,r,G,1.0,Non-Congested,Non-Congested,0
cluster_1420096799_47154676,0,1,0,1,r,r,0.0,Non-Congested,Non-Congested,0
cluster_181310323_5380872437,2,1,0,0,G,r,0.0,Non-Congested,Non-Congested,0
cluster_2455590523_389713_47212064,0,2,0,0,y,r,2.0,Non-Congested,Congested,1
cluster_2461783448_38980632_5243070374,11,9,11,9,G,r,7.0,Congested,Non-Congested,2
cluster_2461880040_2461880142_8131892137,0,2,0,2,r,r,0.0,Non-Congested,Congested,1
cluster_2461880136_4910664147_50607912_8131882097,1,1,1,0,r,y,1.0,Non-Congested,Non-Congested,0
132200274,0,3,0,3,r,G,4.0,Non-Congested,Congested,2
181747232,3,1,0,0,r,G,0.0,Non-Congested,Non-Congested,0
cluster_1420096799_47154676,0,1,0,1,r,r,3.0,Non-Congested,Non-Congested,0
cluster_181310323_5380872437,1,0,0,0,y,r,3.0,Non-Congested,Non-Congested,0
cluster_2455590523_389713_47212064,0,2,0,1,y,r,1.0,Non-Congested,Congested,1
cluster_2461783448_38980632_5243070374,11,9,11,9,G,r,6.0,Congested,Non-Congested,2
cluster_2461880040_2461880142_8131892137,0,2,0,2,r,r,1.0,Non-Congested,Congested,1
cluster_2461880136_4910664147_50607912_8131882097,1,1,1,0,r,y,0.0,Non-Congested,Non-Congested,0
132200274,0,3,0,3,r,G,3.0,Non-Congested,Congested,2
181747232,3,1,0,0,r,y,3.0,Non-Congested,Non-Congested,0
cluster_1420096799_47154676,0,1,0,1,r,r,2.0,Non-Congested,Non-Congested,0
cluster_181310323_5380872437,1,0,0,0,y,r,2.0,Non-Congested,Non-Congested,0
cluster_2455590523_389713_47212064,0,2,0,1,y,r,0.0,Non-Congested,Congested,1
cluster_2461783448_38980632_5243070374,11,9,11,9,G,r,5.0,Congested,Non-Congested,2
cluster_2461880040_2461880142_8131892137,0,2,0,2,r,r,0.0,Non-Congested,Congested,1
cluster_2461880136_4910664147_50607912_8131882097,1,3,1,0,r,r,0.0,Non-Congested,Non-Congested,0
132200274,0,3,0,3,r,G,2.0,Non-Congested,Congested,2
181747232,3,1,0,0,r,y,2.0,Non-Congested,Non-Congested,0
cluster_1420096799_47154676,0,1,0,1,r,r,1.0,Non-Congested,Non-Congested,0
cluster_2455590523_389713_47212064,0,3,0,1,r,r,6.0,Non-Congested,Congested,1
cluster_2461783448_38980632_5243070374,11,9,11,9,G,r,4.0,Congested,Non-Congested,2
cluster_2461880040_2461880142_8131892137,0,2,0,2,r,r,1.0,Non-Congested,Congested,1
cluster_2461880136_4910664147_50607912_8131882097,0,3,0,0,G,r,4.0,Non-Congested,Non-Congested,0
132200274,0,3,0,3,r,G,1.0,Non-Congested,Congested,2
181747232,3,1,0,0,r,y,1.0,Non-Congested,Non-Congested,0
cluster_1420096799_47154676,0,1,0,1,r,r,0.0,Non-Congested,Non-Congested,0
cluster_2455590523_389713_47212064,0,3,0,2,r,r,5.0,Non-Congested,Congested,1
cluster_2461783448_38980632_5243070374,11,9,11,9,G,r,3.0,Congested,Non-Congested,2
cluster_2461880040_2461880142_8131892137,0,2,0,2,r,r,0.0,Non-Congested,Congested,1
cluster_2461880136_4910664147_50607912_8131882097,0,4,0,0,G,r,3.0,Non-Congested,Non-Congested,0
132200274,0,3,0,3,r,G,0.0,Non-Congested,Congested,2
181747232,3,1,0,0,r,y,0.0,Non-Congested,Non-Congested,0
cluster_2455590523_389713_47212064,0,3,0,2,r,r,4.0,Non-Congested,Congested,1
cluster_2461783448_38980632_5243070374,11,9,11,9,G,r,2.0,Congested,Non-Congested,2
cluster_2461880040_2461880142_8131892137,0,2,0,2,r,r,1.0,Non-Congested,Congested,1
cluster_2461880136_4910664147_50607912_8131882097,0,4,0,0,G,r,2.0,Non-Congested,Non-Congested,0
132200274,0,3,0,3,r,y,2.0,Non-Congested,Congested,1
181747232,2,0,0,0,G,r,6.0,Non-Congested,Non-Congested,0
cluster_2455590523_389713_47212064,0,3,0,2,r,r,3.0,Non-Congested,Congested,1
cluster_2461783448_38980632_5243070374,11,9,11,9,G,r,1.0,Congested,Non-Congested,2
cluster_2461880040_2461880142_8131892137,0,2,0,2,r,r,0.0,Non-Congested,Congested,1
cluster_2461880136_4910664147_50607912_8131882097,0,5,0,0,G,r,1.0,Non-Congested,Non-Congested,0
132200274,0,3,0,3,r,y,1.0,Non-Congested,Congested,1
181747232,2,0,0,0,G,r,5.0,Non-Congested,Non-Congested,0
cluster_2455590523_389713_47212064,0,3,0,2,r,r,2.0,Non-Congested,Congested,1
cluster_2461783448_38980632_5243070374,11,9,11,9,G,r,0.0,Congested,Non-Congested,2
cluster_2461880040_2461880142_8131892137,0,2,0,2,r,r,1.0,Non-Congested,Congested,1
cluster_2461880136_4910664147_50607912_8131882097,0,6,0,0,G,r,0.0,Non-Congested,Non-Congested,0
132200274,0,3,0,3,r,y,0.0,Non-Congested,Congested,1
181747232,2,0,0,0,G,r,4.0,Non-Congested,Non-Congested,0
cluster_2455590523_389713_47212064,0,4,0,2,r,r,1.0,Non-Congested,Congested,1
cluster_2461783448_38980632_5243070374,11,9,11,9,y,r,4.0,Congested,Non-Congested,1
cluster_2461880040_2461880142_8131892137,0,2,0,2,r,r,0.0,Non-Congested,Congested,1
cluster_2461880136_4910664147_50607912_8131882097,0,7,0,0,y,r,2.0,Non-Congested,Non-Congested,0
132200274,0,3,0,3,G,r,4.0,Non-Congested,Congested,1
181747232,2,0,0,0,G,r,3.0,Non-Congested,Non-Congested,0
cluster_2455590523_389713_47212064,0,4,0,2,r,r,0.0,Non-Congested,Congested,1
cluster_2461783448_38980632_5243070374,11,9,11,9,y,r,3.0,Congested,Non-Congested,1
cluster_2461880040_2461880142_8131892137,0,2,0,2,r,r,1.0,Non-Congested,Congested,1
cluster_2461880136_4910664147_50607912_8131882097,0,7,0,0,y,r,1.0,Non-Congested,Non-Congested,0
132200274,0,3,0,3,G,r,3.0,Non-Congested,Congested,1
181747232,2,0,0,0,G,r,2.0,Non-Congested,Non-Congested,0
cluster_1420096799_47154676,2,0,0,0,r,G,1.0,Non-Congested,Non-Congested,0
cluster_181310323_5380872437,1,0,0,0,r,y,3.0,Non-Congested,Non-Congested,0
cluster_2455590523_389713_47212064,0,3,0,2,r,r,1.0,Non-Congested,Congested,1
cluster_2461783448_38980632_5243070374,11,9,11,9,y,r,2.0,Congested,Non-Congested,1
cluster_2461880040_2461880142_8131892137,0,2,0,2,r,r,0.0,Non-Congested,Congested,1
cluster_2461880136_4910664147_50607912_8131882097,0,7,0,1,y,r,0.0,Non-Congested,Non-Congested,0
132200274,0,3,0,3,G,r,2.0,Non-Congested,Congested,1
181747232,2,0,0,0,G,r,1.0,Non-Congested,Non-Congested,0
cluster_1420096799_47154676,2,0,0,0,r,G,0.0,Non-Congested,Non-Congested,0
cluster_181310323_5380872437,1,0,0,0,r,y,2.0,Non-Congested,Non-Congested,0
cluster_2455590523_389713_47212064,0,3,0,2,r,r,0.0,Non-Congested,Congested,1
cluster_2461783448_38980632_5243070374,11,9,11,9,y,r,1.0,Congested,Non-Congested,1
cluster_2461880040_2461880142_8131892137,0,2,0,2,r,r,1.0,Non-Congested,Congested,1
cluster_2461880136_4910664147_50607912_8131882097,0,7,0,0,r,G,4.0,Non-Congested,Non-Congested,0
132200274,0,3,0,3,G,r,1.0,Non-Congested,Congested,1
181747232,1,0,0,0,G,r,0.0,Non-Congested,Non-Congested,0
cluster_1420096799_47154676,2,0,0,0,r,y,3.0,Non-Congested,Non-Congested,0
cluster_181310323_5380872437,1,0,0,0,r,y,1.0,Non-Congested,Non-Congested,0
cluster_2455590523_389713_47212064,0,3,0,2,r,r,0.0,Non-Congested,Congested,1
cluster_2461783448_38980632_5243070374,11,9,11,9,y,r,0.0,Congested,Non-Congested,1
cluster_2461880040_2461880142_8131892137,0,2,0,2,r,r,0.0,Non-Congested,Congested,1
cluster_2461880136_4910664147_50607912_8131882097,0,6,0,0,r,G,3.0,Non-Congested,Non-Congested,0
132200274,0,3,0,3,G,r,0.0,Non-Congested,Congested,1
181747232,1,0,0,0,y,r,3.0,Non-Congested,Non-Congested,0
cluster_1420096799_47154676,2,0,0,0,r,y,2.0,Non-Congested,Non-Congested,0
cluster_181310323_5380872437,1,0,0,0,r,y,0.0,Non-Congested,Non-Congested,0
cluster_2455590523_389713_47212064,0,4,0,2,r,r,1.0,Non-Congested,Congested,1
cluster_2461783448_38980632_5243070374,11,9,11,9,r,G,4.0,Congested,Non-Congested,1
cluster_2461880040_2461880142_8131892137,0,2,0,2,r,r,1.0,Non-Congested,Congested,1
cluster_2461880136_4910664147_50607912_8131882097,0,5,0,0,r,G,2.0,Non-Congested,Non-Congested,0
132200274,0,3,0,3,G,r,1.0,Non-Congested,Congested,1
181747232,1,0,0,0,y,r,2.0,Non-Congested,Non-Congested,0
cluster_1420096799_47154676,2,0,0,0,r,y,1.0,Non-Congested,Non-Congested,0
cluster_181310323_5380872437,1,0,0,0,G,r,6.0,Non-Congested,Non-Congested,0
cluster_2455590523_389713_47212064,0,4,0,2,r,r,0.0,Non-Congested,Congested,1
cluster_2461783448_38980632_5243070374,11,9,11,9,r,G,3.0,Congested,Non-Congested,1
cluster_2461880040_2461880142_8131892137,0,2,0,2,r,r,0.0,Non-Congested,Congested,1
cluster_2461880136_4910664147_50607912_8131882097,0,5,0,0,r,G,1.0,Non-Congested,Non-Congested,0
132200274,0,3,0,3,G,r,0.0,Non-Congested,Congested,1
181747232,1,0,0,0,y,r,1.0,Non-Congested,Non-Congested,0
cluster_1420096799_47154676,2,0,0,0,r,y,0.0,Non-Congested,Non-Congested,0
cluster_2455590523_389713_47212064,1,3,0,2,r,r,1.0,Non-Congested,Congested,1
cluster_2461783448_38980632_5243070374,11,9,11,9,r,G,2.0,Congested,Non-Congested,1
cluster_2461880040_2461880142_8131892137,0,2,0,2,r,r,1.0,Non-Congested,Congested,1
cluster_2461880136_4910664147_50607912_8131882097,0,5,0,0,r,G,0.0,Non-Congested,Non-Congested,0
132200274,0,3,0,3,G,r,1.0,Non-Congested,Congested,1
181747232,1,0,0,0,y,r,0.0,Non-Congested,Non-Congested,0
cluster_2455590523_389713_47212064,0,4,0,2,r,r,0.0,Non-Congested,Congested,1
cluster_2461783448_38980632_5243070374,11,9,11,9,r,G,1.0,Congested,Non-Congested,1
cluster_2461880040_2461880142_8131892137,0,2,0,2,r,r,0.0,Non-Congested,Congested,1
cluster_2461880136_4910664147_50607912_8131882097,0,4,0,0,r,G,0.0,Non-Congested,Non-Congested,0
132200274,0,3,0,3,G,r,0.0,Non-Congested,Congested,1
181747232,1,0,0,0,r,G,6.0,Non-Congested,Non-Congested,0
cluster_2455590523_389713_47212064,0,4,0,2,r,r,0.0,Non-Congested,Congested,1
cluster_2461783448_38980632_5243070374,11,9,11,9,r,G,0.0,Congested,Non-Congested,1
cluster_2461880040_2461880142_8131892137,0,2,0,2,r,r,1.0,Non-Congested,Congested,1
cluster_2461880136_4910664147_50607912_8131882097,0,3,0,0,r,G,1.0,Non-Congested,Non-Congested,0
132200274,0,3,0,3,G,r,1.0,Non-Congested,Congested,1
181747232,1,0,0,0,r,G,5.0,Non-Congested,Non-Congested,0
cluster_1420096799_47154676,0,1,0,0,G,r,4.0,Non-Congested,Non-Congested,0
cluster_181310323_5380872437,1,0,0,0,G,r,2.0,Non-Congested,Non-Congested,0
cluster_2455590523_389713_47212064,0,3,0,2,r,r,0.0,Non-Congested,Congested,1
cluster_2461783448_38980632_5243070374,11,9,11,9,r,y,4.0,Congested,Non-Congested,1
cluster_2461880040_2461880142_8131892137,0,2,0,2,r,r,0.0,Non-Congested,Congested,1
cluster_2461880136_4910664147_50607912_8131882097,0,3,0,0,r,G,0.0,Non-Congested,Non-Congested,0
132200274,0,3,0,3,G,r,0.0,Non-Congested,Congested,1
181747232,1,0,0,0,r,G,4.0,Non-Congested,Non-Congested,0
cluster_1420096799_47154676,0,1,0,0,G,r,3.0,Non-Congested,Non-Congested,0
cluster_181310323_5380872437,1,0,0,0,G,r,1.0,Non-Congested,Non-Congested,0
cluster_2455590523_389713_47212064,0,3,0,2,r,r,3.0,Non-Congested,Congested,1
cluster_2461783448_38980632_5243070374,11,10,11,9,r,y,3.0,Congested,Non-Congested,1
cluster_2461880040_2461880142_8131892137,0,2,0,2,r,r,1.0,Non-Congested,Congested,1
cluster_2461880136_4910664147_50607912_8131882097,0,3,0,0,r,G,1.0,Non-Congested,Non-Congested,0
132200274,0,3,0,3,G,r,1.0,Non-Congested,Congested,1
181747232,1,0,1,0,r,G,3.0,Non-Congested,Non-Congested,0
cluster_1420096799_47154676,0,1,0,0,G,r,2.0,Non-Congested,Non-Congested,0
cluster_181310323_5380872437,1,0,0,0,G,r,0.0,Non-Congested,Non-Congested,0
cluster_2455590523_389713_47212064,0,2,0,2,r,r,2.0,Non-Congested,Congested,1
cluster_2461783448_38980632_5243070374,11,10,11,9,r,y,2.0,Congested,Congested,3
cluster_2461880040_2461880142_8131892137,0,2,0,2,r,r,0.0,Non-Congested,Congested,1
cluster_2461880136_4910664147_50607912_8131882097,0,3,0,0,r,G,0.0,Non-Congested,Non-Congested,0
132200274,0,3,0,3,G,r,0.0,Non-Congested,Congested,1
181747232,1,0,1,0,r,G,2.0,Non-Congested,Non-Congested,0
cluster_1420096799_47154676,0,1,0,0,G,r,1.0,Non-Congested,Non-Congested,0
cluster_181310323_5380872437,2,0,0,0,y,r,3.0,Non-Congested,Non-Congested,0
cluster_2455590523_389713_47212064,0,2,0,2,r,r,1.0,Non-Congested,Congested,1
cluster_2461783448_38980632_5243070374,11,10,11,9,r,y,1.0,Congested,Congested,3
cluster_2461880040_2461880142_8131892137,0,2,0,2,r,r,1.0,Non-Congested,Congested,1
cluster_2461880136_4910664147_50607912_8131882097,0,3,0,0,r,G,1.0,Non-Congested,Non-Congested,0
132200274,0,3,0,3,G,r,1.0,Non-Congested,Congested,1
181747232,1,0,1,0,r,G,1.0,Non-Congested,Non-Congested,0
cluster_1420096799_47154676,0,1,0,0,G,r,0.0,Non-Congested,Non-Congested,0
cluster_181310323_5380872437,2,0,0,0,y,r,2.0,Non-Congested,Non-Congested,0
cluster_2455590523_389713_47212064,0,2,0,2,r,r,0.0,Non-Congested,Congested,1
cluster_2461783448_38980632_5243070374,11,10,11,9,r,y,0.0,Congested,Congested,3
cluster_2461880040_2461880142_8131892137,0,2,0,2,r,r,0.0,Non-Congested,Congested,1
cluster_2461880136_4910664147_50607912_8131882097,0,3,0,0,r,G,0.0,Non-Congested,Non-Congested,0
132200274,0,3,0,3,G,r,0.0,Non-Congested,Congested,1
181747232,1,0,1,0,r,G,0.0,Non-Congested,Non-Congested,0
cluster_1420096799_47154676,0,1,0,0,y,r,3.0,Non-Congested,Non-Congested,0
cluster_181310323_5380872437,2,0,0,0,y,r,1.0,Non-Congested,Non-Congested,0
cluster_2455590523_389713_47212064,0,1,0,0,r,G,4.0,Non-Congested,Congested,2
cluster_2461783448_38980632_5243070374,11,10,11,10,G,r,4.0,Congested,Congested,3
cluster_2461880040_2461880142_8131892137,0,2,0,2,r,r,4.0,Non-Congested,Congested,1
cluster_2461880136_4910664147_50607912_8131882097,0,3,0,0,r,G,0.0,Non-Congested,Non-Congested,0
132200274,0,3,0,3,G,r,1.0,Non-Congested,Congested,1
181747232,1,0,1,0,r,y,3.0,Non-Congested,Non-Congested,0
cluster_1420096799_47154676,0,1,0,0,y,r,2.0,Non-Congested,Non-Congested,0
cluster_181310323_5380872437,2,0,0,0,y,r,0.0,Non-Congested,Non-Congested,0
cluster_2461783448_38980632_5243070374,11,10,11,10,G,r,3.0,Congested,Congested,3
cluster_2461880040_2461880142_8131892137,0,2,0,2,r,r,3.0,Non-Congested,Congested,1
cluster_2461880136_4910664147_50607912_8131882097,0,3,0,0,r,G,0.0,Non-Congested,Non-Congested,0
132200274,0,3,0,3,G,r,0.0,Non-Congested,Congested,1
181747232,1,0,1,0,r,y,2.0,Non-Congested,Non-Congested,0
cluster_1420096799_47154676,0,1,0,0,y,r,1.0,Non-Congested,Non-Congested,0
cluster_181310323_5380872437,3,0,0,0,r,G,4.0,Non-Congested,Non-Congested,0
cluster_2455590523_389713_47212064,0,1,0,0,r,G,2.0,Non-Congested,Non-Congested,0
cluster_2461783448_38980632_5243070374,11,10,11,10,G,r,2.0,Congested,Congested,3
cluster_2461880040_2461880142_8131892137,0,2,0,2,r,r,2.0,Non-Congested,Congested,1
cluster_2461880136_4910664147_50607912_8131882097,0,4,0,0,r,y,2.0,Non-Congested,Non-Congested,0
132200274,0,3,0,3,G,r,1.0,Non-Congested,Congested,1
181747232,1,0,1,0,r,y,1.0,Non-Congested,Non-Congested,0
cluster_1420096799_47154676,0,1,0,0,y,r,0.0,Non-Congested,Non-Congested,0
cluster_181310323_5380872437,4,0,0,0,r,G,3.0,Non-Congested,Non-Congested,0
cluster_2455590523_389713_47212064,0,1,0,0,r,G,1.0,Non-Congested,Non-Congested,0
cluster_2461783448_38980632_5243070374,11,10,11,10,G,r,1.0,Congested,Congested,3
cluster_2461880040_2461880142_8131892137,0,2,0,2,r,r,1.0,Non-Congested,Congested,1
cluster_2461880136_4910664147_50607912_8131882097,0,4,0,0,r,y,1.0,Non-Congested,Non-Congested,0
132200274,0,3,0,3,G,r,0.0,Non-Congested,Congested,1
181747232,1,0,1,0,r,y,0.0,Non-Congested,Non-Congested,0
cluster_1420096799_47154676,0,1,0,0,r,r,6.0,Non-Congested,Non-Congested,0
cluster_181310323_5380872437,4,0,0,0,r,G,2.0,Non-Congested,Non-Congested,0
cluster_2455590523_389713_47212064,0,1,0,0,r,G,0.0,Non-Congested,Non-Congested,0
cluster_2461783448_38980632_5243070374,11,10,11,10,G,r,0.0,Congested,Congested,3
cluster_2461880040_2461880142_8131892137,0,2,0,2,r,r,0.0,Non-Congested,Congested,1
cluster_2461880136_4910664147_50607912_8131882097,0,5,0,0,r,y,0.0,Non-Congested,Non-Congested,0
132200274,0,3,0,3,G,r,0.0,Non-Congested,Congested,1
cluster_1420096799_47154676,0,1,0,0,r,r,5.0,Non-Congested,Non-Congested,0
cluster_181310323_5380872437,5,0,1,0,r,G,1.0,Non-Congested,Non-Congested,0
cluster_2455590523_389713_47212064,1,0,0,0,r,y,3.0,Non-Congested,Non-Congested,0
cluster_2461783448_38980632_5243070374,11,10,11,10,G,r,4.0,Congested,Congested,3
cluster_2461880040_2461880142_8131892137,0,2,0,2,G,r,4.0,Non-Congested,Congested,1
cluster_2461880136_4910664147_50607912_8131882097,0,5,0,0,r,r,0.0,Non-Congested,Non-Congested,0
132200274,0,3,0,3,y,r,2.0,Non-Congested,Congested,1
cluster_1420096799_47154676,0,1,0,0,r,r,4.0,Non-Congested,Non-Congested,0
cluster_181310323_5380872437,4,0,1,0,r,G,0.0,Non-Congested,Non-Congested,0
cluster_2455590523_389713_47212064,1,0,0,0,r,y,2.0,Non-Congested,Non-Congested,0
cluster_2461783448_38980632_5243070374,10,10,10,10,G,r,3.0,Congested,Congested,3
cluster_2461880040_2461880142_8131892137,0,2,0,2,G,r,3.0,Non-Congested,Congested,1
cluster_2461880136_4910664147_50607912_8131882097,0,5,0,0,G,r,4.0,Non-Congested,Non-Congested,0
132200274,0,3,0,3,y,r,1.0,Non-Congested,Congested,1
47217361,1,0,0,0,r,y,0.0,Non-Congested,Non-Congested,0
cluster_181310323_5380872437,4,0,1,0,r,y,3.0,Non-Congested,Non-Congested,0
cluster_2455590523_389713_47212064,1,0,0,0,r,y,1.0,Non-Congested,Non-Congested,0
cluster_2461783448_38980632_5243070374,10,11,9,10,G,r,2.0,Congested,Congested,3
cluster_2461880040_2461880142_8131892137,0,2,0,2,G,r,2.0,Non-Congested,Congested,1
cluster_2461880136_4910664147_50607912_8131882097,0,5,0,0,G,r,3.0,Non-Congested,Non-Congested,0
132200274,0,3,0,3,y,r,0.0,Non-Congested,Congested,1
47217361,1,0,0,0,G,r,4.0,Non-Congested,Non-Congested,0
cluster_181310323_5380872437,4,0,1,0,r,y,2.0,Non-Congested,Non-Congested,0
cluster_2455590523_389713_47212064,1,1,0,0,r,y,0.0,Non-Congested,Non-Congested,0
cluster_2461783448_38980632_5243070374,10,11,8,10,G,r,1.0,Congested,Congested,3
cluster_2461880040_2461880142_8131892137,0,2,0,2,G,r,1.0,Non-Congested,Congested,1
cluster_2461880136_4910664147_50607912_8131882097,0,4,0,0,G,r,2.0,Non-Congested,Non-Congested,0
132200274,0,3,0,3,r,G,4.0,Non-Congested,Congested,2
47217361,1,0,0,0,G,r,3.0,Non-Congested,Non-Congested,0
cluster_181310323_5380872437,4,0,2,0,r,y,1.0,Non-Congested,Non-Congested,0
cluster_2455590523_389713_47212064,0,1,0,0,G,r,4.0,Non-Congested,Non-Congested,0
cluster_2461783448_38980632_5243070374,10,11,7,10,G,r,0.0,Congested,Congested,3
cluster_2461880040_2461880142_8131892137,0,2,0,2,G,r,0.0,Non-Congested,Congested,1
cluster_2461880136_4910664147_50607912_8131882097,0,4,0,0,G,r,1.0,Non-Congested,Non-Congested,0
132200274,0,3,0,3,r,G,3.0,Non-Congested,Congested,2
181747232,1,1,0,0,G,r,1.0,Non-Congested,Non-Congested,0
47217361,1,0,0,0,G,r,2.0,Non-Congested,Non-Congested,0
cluster_181310323_5380872437,4,0,2,0,r,y,0.0,Non-Congested,Non-Congested,0
cluster_2461783448_38980632_5243070374,10,10,6,10,G,r,9.0,Congested,Congested,3
cluster_2461880040_2461880142_8131892137,0,2,0,2,y,r,4.0,Non-Congested,Congested,1
cluster_2461880136_4910664147_50607912_8131882097,0,4,0,0,G,r,0.0,Non-Congested,Non-Congested,0
cluster_59665162_8742497506,1,0,0,0,G,r,4.0,Congested,Non-Congested,2
132200274,0,3,0,3,r,G,2.0,Non-Congested,Congested,2
181747232,1,1,0,0,G,r,0.0,Non-Congested,Non-Congested,0
cluster_181310323_5380872437,3,0,1,0,G,r,6.0,Non-Congested,Non-Congested,0
cluster_2461783448_38980632_5243070374,10,10,6,10,G,r,8.0,Congested,Congested,3
cluster_2461880040_2461880142_8131892137,0,2,0,2,y,r,3.0,Non-Congested,Congested,1
cluster_2461880136_4910664147_50607912_8131882097,0,3,0,0,y,r,2.0,Non-Congested,Non-Congested,0
132200274,0,3,0,3,r,G,1.0,Non-Congested,Congested,2
181747232,1,1,0,0,y,r,3.0,Non-Congested,Non-Congested,0
47217361,1,0,0,0,G,r,0.0,Non-Congested,Non-Congested,0
cluster_181310323_5380872437,2,0,0,0,G,r,5.0,Non-Congested,Non-Congested,0
cluster_2461783448_38980632_5243070374,9,10,5,10,G,r,7.0,Congested,Congested,3
cluster_2461880040_2461880142_8131892137,0,2,0,2,y,r,2.0,Non-Congested,Congested,1
cluster_2461880136_4910664147_50607912_8131882097,0,2,0,0,y,r,1.0,Non-Congested,Non-Congested,0
132200274,0,3,0,3,r,G,0.0,Non-Congested,Congested,2
181747232,1,1,0,0,y,r,2.0,Non-Congested,Non-Congested,0
47217361,1,0,0,0,y,r,2.0,Non-Congested,Non-Congested,0
cluster_181310323_5380872437,2,1,0,0,G,r,4.0,Non-Congested,Non-Congested,0
cluster_2461783448_38980632_5243070374,9,10,5,10,G,r,6.0,Congested,Congested,3
cluster_2461880040_2461880142_8131892137,0,2,0,2,y,r,1.0,Non-Congested,Congested,1
cluster_2461880136_4910664147_50607912_8131882097,0,2,0,0,y,r,0.0,Non-Congested,Non-Congested,0
132200274,0,3,0,3,r,y,2.0,Non-Congested,Congested,1
181747232,1,1,0,0,y,r,1.0,Non-Congested,Non-Congested,0
47217361,1,0,0,0,y,r,1.0,Non-Congested,Non-Congested,0
cluster_181310323_5380872437,2,1,0,0,G,r,3.0,Non-Congested,Non-Congested,0
cluster_2461783448_38980632_5243070374,10,10,5,10,G,r,5.0,Congested,Congested,3
cluster_2461880040_2461880142_8131892137,0,2,0,2,y,r,0.0,Non-Congested,Congested,1
cluster_2461880136_4910664147_50607912_8131882097,0,1,0,0,r,G,4.0,Non-Congested,Non-Congested,0
132200274,0,3,0,3,r,y,1.0,Non-Congested,Congested,1
181747232,1,1,0,0,y,r,0.0,Non-Congested,Non-Congested,0
47217361,1,0,0,0,y,r,0.0,Non-Congested,Non-Congested,0
cluster_1420096799_47154676,1,0,0,0,r,G,6.0,Non-Congested,Non-Congested,0
cluster_181310323_5380872437,1,1,0,0,G,r,2.0,Non-Congested,Non-Congested,0
cluster_2461783448_38980632_5243070374,10,10,6,10,G,r,4.0,Congested,Congested,3
cluster_2461880040_2461880142_8131892137,0,2,0,1,r,G,9.0,Non-Congested,Congested,2
cluster_2461880136_4910664147_50607912_8131882097,0,1,0,0,r,G,3.0,Non-Congested,Non-Congested,0
132200274,0,3,0,3,r,y,0.0,Non-Congested,Congested,1
181747232,1,1,0,0,r,G,6.0,Non-Congested,Non-Congested,0
47217361,1,0,0,0,r,r,4.0,Non-Congested,Non-Congested,0
cluster_1420096799_47154676,1,0,0,0,r,G,5.0,Non-Congested,Non-Congested,0
cluster_181310323_5380872437,2,0,0,0,G,r,1.0,Non-Congested,Non-Congested,0
cluster_2461783448_38980632_5243070374,10,10,6,10,G,r,3.0,Congested,Congested,3
cluster_2461880040_2461880142_8131892137,0,1,0,0,r,G,8.0,Non-Congested,Congested,2
132200274,0,3,0,3,G,r,4.0,Non-Congested,Congested,1
181747232,1,1,0,0,r,G,5.0,Non-Congested,Non-Congested,0
47217361,1,0,0,0,r,r,3.0,Non-Congested,Non-Congested,0
cluster_1420096799_47154676,1,0,0,0,r,G,4.0,Non-Congested,Non-Congested,0
cluster_181310323_5380872437,2,0,0,0,G,r,0.0,Non-Congested,Non-Congested,0
cluster_2455590523_389713_47212064,0,1,0,0,y,r,0.0,Non-Congested,Non-Congested,0
cluster_2461783448_38980632_5243070374,10,10,7,10,G,r,2.0,Congested,Congested,3
cluster_2461880040_2461880142_8131892137,0,1,0,0,r,G,7.0,Non-Congested,Congested,2
132200274,0,3,0,3,G,r,3.0,Non-Congested,Congested,1
181747232,1,1,0,0,r,G,4.0,Non-Congested,Non-Congested,0
47217361,1,0,0,0,r,r,2.0,Non-Congested,Non-Congested,0
cluster_1420096799_47154676,1,0,0,0,r,G,3.0,Non-Congested,Non-Congested,0
cluster_181310323_5380872437,3,0,0,0,y,r,3.0,Non-Congested,Non-Congested,0
cluster_2455590523_389713_47212064,0,1,0,0,r,r,6.0,Non-Congested,Congested,1
cluster_2461783448_38980632_5243070374,10,10,9,10,G,r,1.0,Congested,Congested,3
cluster_2461880040_2461880142_8131892137,0,1,0,0,r,G,6.0,Non-Congested,Non-Congested,0
132200274,0,3,0,3,G,r,2.0,Non-Congested,Congested,1
181747232,1,1,0,0,r,G,3.0,Non-Congested,Non-Congested,0
47217361,1,0,0,0,r,r,1.0,Non-Congested,Non-Congested,0
cluster_1420096799_47154676,1,0,0,0,r,G,2.0,Non-Congested,Non-Congested,0
cluster_181310323_5380872437,3,0,0,0,y,r,2.0,Non-Congested,Non-Congested,0
cluster_2461783448_38980632_5243070374,10,10,10,10,G,r,0.0,Congested,Congested,3
cluster_2461880040_2461880142_8131892137,0,1,0,0,r,G,5.0,Non-Congested,Non-Congested,0
132200274,0,3,0,3,G,r,1.0,Non-Congested,Congested,1
181747232,1,1,0,0,r,G,2.0,Non-Congested,Non-Congested,0
47217361,1,0,1,0,r,r,0.0,Non-Congested,Non-Congested,0
cluster_1420096799_47154676,1,0,0,0,r,G,1.0,Non-Congested,Non-Congested,0
cluster_181310323_5380872437,3,0,0,0,y,r,1.0,Non-Congested,Non-Congested,0
cluster_2461783448_38980632_5243070374,10,10,10,10,y,r,4.0,Congested,Congested,3
cluster_2461880040_2461880142_8131892137,0,1,0,0,r,G,4.0,Non-Congested,Non-Congested,0
132200274,0,3,0,3,G,r,0.0,Non-Congested,Congested,1
181747232,1,1,0,0,r,G,1.0,Non-Congested,Non-Congested,0
47217361,1,0,1,0,r,r,2.0,Non-Congested,Non-Congested,0
cluster_1420096799_47154676,1,0,0,0,r,G,0.0,Non-Congested,Non-Congested,0
cluster_181310323_5380872437,2,0,0,0,y,r,0.0,Non-Congested,Non-Congested,0
cluster_2461783448_38980632_5243070374,10,10,10,10,y,r,3.0,Congested,Congested,3
cluster_2461880040_2461880142_8131892137,1,2,0,0,r,G,3.0,Non-Congested,Non-Congested,0
132200274,0,3,0,3,y,r,2.0,Non-Congested,Congested,1
181747232,1,1,0,0,r,G,0.0,Non-Congested,Non-Congested,0
47217361,1,0,1,0,r,r,1.0,Non-Congested,Non-Congested,0
cluster_1420096799_47154676,1,0,0,0,r,y,3.0,Non-Congested,Non-Congested,0
cluster_181310323_5380872437,2,0,0,0,r,G,4.0,Non-Congested,Non-Congested,0
cluster_2455590523_389713_47212064,0,1,0,0,r,r,2.0,Non-Congested,Non-Congested,0
cluster_2461783448_38980632_5243070374,10,10,10,10,y,r,2.0,Congested,Congested,3
cluster_2461880040_2461880142_8131892137,1,1,0,0,r,G,2.0,Non-Congested,Non-Congested,0
132200274,0,3,0,3,y,r,1.0,Non-Congested,Congested,1
181747232,1,1,1,1,r,y,3.0,Non-Congested,Non-Congested,0
47217361,1,0,1,0,r,r,0.0,Non-Congested,Non-Congested,0
cluster_1420096799_47154676,1,0,0,0,r,y,2.0,Non-Congested,Non-Congested,0
cluster_181310323_5380872437,1,0,0,0,r,G,3.0,Non-Congested,Non-Congested,0
cluster_2455590523_389713_47212064,0,1,0,0,r,r,1.0,Non-Congested,Non-Congested,0
cluster_2461783448_38980632_5243070374,10,10,10,10,y,r,1.0,Congested,Congested,3
cluster_2461880040_2461880142_8131892137,1,1,0,0,r,G,1.0,Non-Congested,Non-Congested,0
132200274,0,3,0,3,y,r,0.0,Non-Congested,Congested,1
181747232,1,1,1,1,r,y,2.0,Non-Congested,Non-Congested,0
cluster_1420096799_47154676,1,0,1,0,r,y,1.0,Non-Congested,Non-Congested,0
cluster_181310323_5380872437,1,0,0,0,r,G,2.0,Non-Congested,Non-Congested,0
cluster_2455590523_389713_47212064,0,1,0,0,r,r,0.0,Non-Congested,Non-Congested,0
cluster_2461783448_38980632_5243070374,10,10,10,10,y,r,0.0,Congested,Congested,3
cluster_2461880040_2461880142_8131892137,1,2,0,0,r,G,0.0,Non-Congested,Non-Congested,0
132200274,0,3,0,3,r,G,4.0,Non-Congested,Congested,2
181747232,1,1,1,1,r,y,1.0,Non-Congested,Non-Congested,0
cluster_1420096799_47154676,1,0,1,0,r,y,0.0,Non-Congested,Non-Congested,0
cluster_181310323_5380872437,1,0,0,0,r,G,1.0,Non-Congested,Non-Congested,0
cluster_2461783448_38980632_5243070374,10,10,10,10,r,G,4.0,Congested,Congested,3
cluster_2461880040_2461880142_8131892137,2,3,0,0,r,G,1.0,Non-Congested,Non-Congested,0
cluster_59665162_8742497506,1,0,0,0,r,G,0.0,Non-Congested,Non-Congested,0
132200274,0,3,0,3,r,G,3.0,Non-Congested,Congested,2
181747232,1,1,1,1,r,y,0.0,Non-Congested,Non-Congested,0
cluster_181310323_5380872437,1,0,0,0,r,G,0.0,Non-Congested,Non-Congested,0
cluster_2461783448_38980632_5243070374,10,10,10,10,r,G,3.0,Congested,Congested,3
cluster_2461880040_2461880142_8131892137,2,2,0,0,r,G,0.0,Non-Congested,Non-Congested,0
cluster_59665162_8742497506,1,0,1,0,r,y,2.0,Non-Congested,Non-Congested,0
132200274,0,3,0,3,r,G,2.0,Non-Congested,Congested,2
cluster_181310323_5380872437,1,0,0,0,r,y,3.0,Non-Congested,Non-Congested,0
cluster_2461783448_38980632_5243070374,10,10,10,10,r,G,2.0,Congested,Congested,3
cluster_2461880040_2461880142_8131892137,2,2,0,0,r,G,0.0,Non-Congested,Non-Congested,0
cluster_59665162_8742497506,1,0,1,0,r,y,1.0,Non-Congested,Non-Congested,0
132200274,0,3,0,3,r,G,1.0,Non-Congested,Congested,2
cluster_1420096799_47154676,0,1,0,0,G,r,4.0,Non-Congested,Non-Congested,0
cluster_181310323_5380872437,1,0,0,0,r,y,2.0,Non-Congested,Non-Congested,0
cluster_2461783448_38980632_5243070374,10,10,10,10,r,G,1.0,Congested,Congested,3
cluster_2461880040_2461880142_8131892137,2,2,0,0,r,G,0.0,Non-Congested,Non-Congested,0
cluster_59665162_8742497506,1,0,1,0,r,y,0.0,Non-Congested,Non-Congested,0
132200274,0,4,0,3,r,G,0.0,Non-Congested,Congested,2
cluster_1420096799_47154676,0,1,0,0,G,r,3.0,Non-Congested,Non-Congested,0
cluster_181310323_5380872437,1,0,0,0,r,y,1.0,Non-Congested,Non-Congested,0
cluster_2461783448_38980632_5243070374,10,10,10,10,r,G,0.0,Congested,Congested,3
cluster_2461880040_2461880142_8131892137,3,3,0,0,r,y,4.0,Non-Congested,Non-Congested,0
cluster_59665162_8742497506,1,0,0,0,G,r,4.0,Congested,Non-Congested,2
132200274,0,4,0,3,r,y,2.0,Non-Congested,Congested,1
cluster_1420096799_47154676,0,1,0,0,G,r,2.0,Non-Congested,Non-Congested,0
cluster_181310323_5380872437,1,0,0,0,r,y,0.0,Non-Congested,Non-Congested,0
cluster_2461783448_38980632_5243070374,10,10,10,10,r,y,4.0,Congested,Congested,3
cluster_2461880040_2461880142_8131892137,2,2,0,0,r,y,3.0,Non-Congested,Non-Congested,0
132200274,0,4,0,3,r,y,1.0,Non-Congested,Congested,1
cluster_1420096799_47154676,0,1,0,0,G,r,1.0,Non-Congested,Non-Congested,0
cluster_181310323_5380872437,1,0,0,0,G,r,6.0,Non-Congested,Non-Congested,0
cluster_2461783448_38980632_5243070374,10,10,10,10,r,y,3.0,Congested,Congested,3
cluster_2461880040_2461880142_8131892137,2,2,0,0,r,y,2.0,Non-Congested,Non-Congested,0
132200274,0,4,0,3,r,y,0.0,Non-Congested,Congested,1
cluster_1420096799_47154676,0,1,0,0,G,r,0.0,Non-Congested,Non-Congested,0
cluster_181310323_5380872437,1,0,0,0,G,r,5.0,Non-Congested,Non-Congested,0
cluster_2461783448_38980632_5243070374,10,10,10,10,r,y,2.0,Congested,Congested,3
cluster_2461880040_2461880142_8131892137,2,2,0,0,r,y,1.0,Non-Congested,Non-Congested,0
132200274,0,4,0,3,G,r,4.0,Non-Congested,Congested,1
cluster_1420096799_47154676,0,1,0,0,y,r,3.0,Non-Congested,Non-Congested,0
cluster_2461783448_38980632_5243070374,10,10,10,10,r,y,1.0,Congested,Congested,3
cluster_2461880040_2461880142_8131892137,1,2,0,0,r,y,0.0,Non-Congested,Non-Congested,0
132200274,0,4,0,4,G,r,3.0,Non-Congested,Congested,1
cluster_1420096799_47154676,0,1,0,0,y,r,2.0,Non-Congested,Non-Congested,0
cluster_181310323_5380872437,1,0,0,0,G,r,3.0,Non-Congested,Non-Congested,0
cluster_2461783448_38980632_5243070374,10,10,10,10,r,y,0.0,Congested,Congested,3
cluster_2461880040_2461880142_8131892137,1,2,0,0,r,r,4.0,Non-Congested,Non-Congested,0
132200274,0,4,0,4,G,r,2.0,Non-Congested,Congested,1
cluster_1420096799_47154676,0,1,0,0,y,r,1.0,Non-Congested,Non-Congested,0
cluster_181310323_5380872437,1,0,0,0,G,r,2.0,Non-Congested,Non-Congested,0
cluster_2461783448_38980632_5243070374,10,10,10,10,G,r,4.0,Congested,Congested,3
cluster_2461880040_2461880142_8131892137,1,3,0,0,r,r,3.0,Non-Congested,Non-Congested,0
132200274,0,4,0,4,G,r,1.0,Non-Congested,Congested,1
cluster_1420096799_47154676,0,1,0,0,y,r,0.0,Non-Congested,Non-Congested,0
cluster_181310323_5380872437,1,0,0,0,G,r,1.0,Non-Congested,Non-Congested,0
cluster_2461783448_38980632_5243070374,10,10,10,10,G,r,3.0,Congested,Congested,3
cluster_2461880040_2461880142_8131892137,0,2,0,0,r,r,2.0,Non-Congested,Congested,1
132200274,0,4,0,4,G,r,0.0,Non-Congested,Congested,1
cluster_1420096799_47154676,0,1,0,0,r,r,6.0,Non-Congested,Non-Congested,0
cluster_181310323_5380872437,1,0,0,0,G,r,0.0,Non-Congested,Non-Congested,0
cluster_2461783448_38980632_5243070374,10,10,10,10,G,r,2.0,Congested,Congested,3
cluster_2461880040_2461880142_8131892137,0,2,0,1,r,r,1.0,Non-Congested,Congested,1
132200274,0,4,0,4,y,r,2.0,Non-Congested,Congested,1
cluster_1420096799_47154676,0,1,0,0,r,r,5.0,Non-Congested,Non-Congested,0
cluster_181310323_5380872437,1,0,0,0,y,r,3.0,Non-Congested,Non-Congested,0
cluster_2461783448_38980632_5243070374,10,10,10,10,G,r,1.0,Congested,Congested,3
cluster_2461880040_2461880142_8131892137,0,2,0,1,r,r,0.0,Non-Congested,Congested,1
132200274,0,4,0,4,y,r,1.0,Non-Congested,Congested,1
181747232,1,0,0,0,r,G,5.0,Non-Congested,Non-Congested,0
cluster_1420096799_47154676,0,1,0,0,r,r,4.0,Non-Congested,Non-Congested,0
cluster_181310323_5380872437,1,0,0,0,y,r,2.0,Non-Congested,Non-Congested,0
cluster_2461783448_38980632_5243070374,9,10,9,10,G,r,0.0,Congested,Congested,3
cluster_2461880040_2461880142_8131892137,0,2,0,1,r,r,0.0,Non-Congested,Congested,1
132200274,0,4,0,4,y,r,0.0,Non-Congested,Congested,1
181747232,2,0,0,0,r,G,4.0,Non-Congested,Non-Congested,0
cluster_1420096799_47154676,0,1,0,0,r,r,3.0,Non-Congested,Non-Congested,0
cluster_181310323_5380872437,1,0,0,0,y,r,1.0,Non-Congested,Non-Congested,0
cluster_2461783448_38980632_5243070374,9,10,8,10,G,r,4.0,Congested,Congested,3
cluster_2461880040_2461880142_8131892137,0,2,0,2,r,r,0.0,Non-Congested,Congested,1
132200274,0,3,0,3,r,G,4.0,Non-Congested,Congested,2
181747232,2,0,0,0,r,G,3.0,Non-Congested,Non-Congested,0
cluster_1420096799_47154676,0,1,0,0,r,r,2.0,Non-Congested,Non-Congested,0
cluster_181310323_5380872437,1,0,0,0,y,r,0.0,Non-Congested,Non-Congested,0
cluster_2461783448_38980632_5243070374,9,11,7,10,G,r,3.0,Congested,Congested,3
cluster_2461880040_2461880142_8131892137,0,2,0,2,r,r,4.0,Non-Congested,Congested,1
132200274,0,3,0,3,r,G,3.0,Non-Congested,Congested,2
181747232,2,0,0,0,r,G,2.0,Non-Congested,Non-Congested,0
cluster_1420096799_47154676,0,1,0,1,r,r,1.0,Non-Congested,Non-Congested,0
cluster_181310323_5380872437,1,0,0,0,r,G,4.0,Non-Congested,Non-Congested,0
cluster_2461783448_38980632_5243070374,8,11,6,10,G,r,2.0,Congested,Congested,3
cluster_2461880040_2461880142_8131892137,0,2,0,2,r,r,3.0,Non-Congested,Congested,1
cluster_59665162_8742497506,1,0,0,0,r,G,2.0,Non-Congested,Non-Congested,0
132200274,0,3,0,3,r,G,2.0,Non-Congested,Congested,2
181747232,2,0,0,0,r,G,1.0,Non-Congested,Non-Congested,0
47217361,0,1,0,0,r,r,1.0,Non-Congested,Non-Congested,0
cluster_1420096799_47154676,0,1,0,1,r,r,0.0,Non-Congested,Non-Congested,0
cluster_2461783448_38980632_5243070374,8,10,5,10,G,r,1.0,Congested,Congested,3
cluster_2461880040_2461880142_8131892137,0,2,0,2,r,r,2.0,Non-Congested,Congested,1
cluster_59665162_8742497506,1,0,0,0,r,G,1.0,Non-Congested,Non-Congested,0
132200274,0,4,0,3,r,G,1.0,Non-Congested,Congested,2
181747232,2,0,0,0,r,G,0.0,Non-Congested,Non-Congested,0
47217361,0,1,0,0,r,r,0.0,Non-Congested,Non-Congested,0
cluster_1420096799_47154676,0,2,0,1,r,r,3.0,Non-Congested,Non-Congested,0
cluster_2455590523_389713_47212064,0,1,0,0,y,r,2.0,Non-Congested,Non-Congested,0
cluster_2461783448_38980632_5243070374,8,10,4,10,G,r,0.0,Congested,Congested,5
cluster_2461880040_2461880142_8131892137,0,2,0,2,r,r,1.0,Non-Congested,Congested,1
cluster_2461880136_4910664147_50607912_8131882097,0,1,0,0,G,r,0.0,Non-Congested,Non-Congested,0
cluster_59665162_8742497506,1,0,1,0,r,G,0.0,Non-Congested,Non-Congested,0
132200274,0,4,0,3,r,G,0.0,Non-Congested,Congested,2
181747232,2,0,0,0,r,y,3.0,Non-Congested,Non-Congested,0
47217361,0,1,0,0,r,r,2.0,Non-Congested,Non-Congested,0
cluster_1420096799_47154676,0,2,0,1,r,r,2.0,Non-Congested,Non-Congested,0
cluster_2455590523_389713_47212064,0,1,0,0,y,r,1.0,Non-Congested,Non-Congested,0
cluster_2461783448_38980632_5243070374,7,10,3,10,G,r,9.0,Congested,Congested,5
cluster_2461880040_2461880142_8131892137,0,2,0,2,r,r,0.0,Non-Congested,Congested,1
cluster_2461880136_4910664147_50607912_8131882097,0,1,0,0,y,r,2.0,Non-Congested,Non-Congested,0
cluster_59665162_8742497506,1,0,1,0,r,y,2.0,Non-Congested,Non-Congested,0
132200274,0,3,0,3,r,y,2.0,Non-Congested,Congested,1
181747232,2,0,0,0,r,y,2.0,Non-Congested,Non-Congested,0
47217361,0,1,0,0,r,r,1.0,Non-Congested,Non-Congested,0
cluster_1420096799_47154676,0,2,0,1,r,r,1.0,Non-Congested,Non-Congested,0
cluster_2455590523_389713_47212064,0,1,0,0,y,r,0.0,Non-Congested,Non-Congested,0
cluster_2461783448_38980632_5243070374,6,10,3,10,G,r,8.0,Congested,Congested,5
cluster_2461880040_2461880142_8131892137,0,2,0,2,G,r,4.0,Non-Congested,Congested,1
cluster_2461880136_4910664147_50607912_8131882097,0,2,0,0,y,r,1.0,Non-Congested,Non-Congested,0
cluster_59665162_8742497506,1,0,1,0,r,y,1.0,Non-Congested,Non-Congested,0
132200274,0,3,0,3,r,y,1.0,Non-Congested,Congested,1
181747232,2,0,0,0,r,y,1.0,Non-Congested,Non-Congested,0
47217361,0,1,0,0,r,r,0.0,Non-Congested,Non-Congested,0
cluster_1420096799_47154676,0,2,0,1,r,r,0.0,Non-Congested,Non-Congested,0
cluster_2455590523_389713_47212064,0,1,0,0,r,r,6.0,Non-Congested,Congested,1
cluster_2461783448_38980632_5243070374,7,10,3,10,G,r,7.0,Congested,Congested,5
cluster_2461880040_2461880142_8131892137,0,2,0,2,G,r,3.0,Non-Congested,Congested,1
cluster_2461880136_4910664147_50607912_8131882097,0,2,0,0,y,r,0.0,Non-Congested,Non-Congested,0
cluster_59665162_8742497506,1,0,1,0,r,y,0.0,Non-Congested,Non-Congested,0
132200274,0,3,0,3,r,y,0.0,Non-Congested,Congested,1
181747232,2,0,0,0,r,y,0.0,Non-Congested,Non-Congested,0
47217361,0,1,0,0,r,G,4.0,Non-Congested,Non-Congested,0
cluster_1420096799_47154676,0,2,0,1,r,G,6.0,Non-Congested,Non-Congested,0
cluster_2455590523_389713_47212064,0,1,0,0,r,r,5.0,Non-Congested,Congested,1
cluster_2461783448_38980632_5243070374,7,10,3,10,G,r,6.0,Congested,Congested,5
cluster_2461880040_2461880142_8131892137,0,2,0,2,G,r,2.0,Non-Congested,Congested,1
cluster_2461880136_4910664147_50607912_8131882097,0,2,0,0,r,G,4.0,Non-Congested,Non-Congested,0
cluster_59665162_8742497506,1,0,0,0,G,r,4.0,Congested,Non-Congested,2
132200274,0,3,0,3,G,r,4.0,Non-Congested,Congested,1
181747232,2,0,0,0,G,r,6.0,Non-Congested,Non-Congested,0
47217361,0,1,0,0,r,G,3.0,Non-Congested,Non-Congested,0
cluster_1420096799_47154676,0,1,0,1,r,G,5.0,Non-Congested,Non-Congested,0
cluster_2455590523_389713_47212064,0,1,0,0,r,r,4.0,Non-Congested,Congested,1
cluster_2461783448_38980632_5243070374,7,10,3,10,G,r,5.0,Congested,Congested,5
cluster_2461880040_2461880142_8131892137,0,2,0,2,G,r,1.0,Non-Congested,Congested,1
cluster_2461880136_4910664147_50607912_8131882097,0,3,0,0,r,G,3.0,Non-Congested,Non-Congested,0
132200274,0,3,0,3,G,r,3.0,Non-Congested,Congested,1
181747232,3,0,0,0,G,r,5.0,Non-Congested,Non-Congested,0
47217361,0,2,0,0,r,G,2.0,Non-Congested,Non-Congested,0
cluster_1420096799_47154676,0,1,0,1,r,G,4.0,Non-Congested,Non-Congested,0
cluster_2455590523_389713_47212064,0,1,0,0,r,r,3.0,Non-Congested,Congested,1
cluster_2461783448_38980632_5243070374,6,10,3,10,G,r,4.0,Congested,Congested,5
cluster_2461880040_2461880142_8131892137,0,2,0,2,G,r,0.0,Non-Congested,Congested,1
cluster_2461880136_4910664147_50607912_8131882097,0,3,0,0,r,G,2.0,Non-Congested,Non-Congested,0
132200274,0,3,0,3,G,r,2.0,Non-Congested,Congested,1
181747232,3,0,0,0,G,r,4.0,Non-Congested,Non-Congested,0
47217361,0,2,0,0,r,G,1.0,Non-Congested,Non-Congested,0
cluster_1420096799_47154676,0,1,0,1,r,G,3.0,Non-Congested,Non-Congested,0
cluster_2461783448_38980632_5243070374,6,10,3,10,G,r,3.0,Congested,Congested,5
cluster_2461880040_2461880142_8131892137,0,2,0,2,y,r,4.0,Non-Congested,Congested,1
cluster_2461880136_4910664147_50607912_8131882097,0,2,0,0,r,G,1.0,Non-Congested,Non-Congested,0
132200274,0,3,0,3,G,r,1.0,Non-Congested,Congested,1
181747232,3,0,0,0,G,r,3.0,Non-Congested,Non-Congested,0
47217361,0,2,0,0,r,G,0.0,Non-Congested,Non-Congested,0
cluster_1420096799_47154676,0,1,0,1,r,G,2.0,Non-Congested,Non-Congested,0
cluster_2461783448_38980632_5243070374,5,10,3,10,G,r,2.0,Congested,Congested,5
cluster_2461880040_2461880142_8131892137,0,2,0,2,y,r,3.0,Non-Congested,Congested,1
cluster_2461880136_4910664147_50607912_8131882097,0,2,0,0,r,G,0.0,Non-Congested,Non-Congested,0
132200274,0,3,0,3,G,r,0.0,Non-Congested,Congested,1
181747232,3,0,0,0,G,r,2.0,Non-Congested,Non-Congested,0
47217361,1,2,0,0,r,y,2.0,Non-Congested,Non-Congested,0
cluster_1420096799_47154676,0,1,0,1,r,G,1.0,Non-Congested,Non-Congested,0
cluster_2461783448_38980632_5243070374,5,10,3,10,G,r,1.0,Congested,Congested,5
cluster_2461880040_2461880142_8131892137,0,2,0,2,y,r,2.0,Non-Congested,Congested,1
cluster_2461880136_4910664147_50607912_8131882097,0,1,0,0,r,G,1.0,Non-Congested,Non-Congested,0
132200274,0,3,0,3,y,r,2.0,Non-Congested,Congested,1
181747232,3,0,0,0,G,r,1.0,Non-Congested,Non-Congested,0
47217361,1,2,0,0,r,y,1.0,Non-Congested,Non-Congested,0
cluster_2455590523_389713_47212064,0,2,0,0,r,r,0.0,Non-Congested,Non-Congested,0
cluster_2461783448_38980632_5243070374,5,10,3,10,G,r,0.0,Congested,Congested,5
cluster_2461880040_2461880142_8131892137,0,2,0,2,y,r,1.0,Non-Congested,Congested,1
cluster_2461880136_4910664147_50607912_8131882097,0,2,0,0,r,G,0.0,Non-Congested,Non-Congested,0
132200274,0,3,0,3,y,r,1.0,Non-Congested,Congested,1
181747232,3,0,0,0,G,r,0.0,Non-Congested,Non-Congested,0
47217361,1,2,0,0,r,y,0.0,Non-Congested,Non-Congested,0
cluster_1420096799_47154676,1,0,0,0,r,y,3.0,Non-Congested,Non-Congested,0
cluster_2455590523_389713_47212064,0,2,0,0,r,r,3.0,Non-Congested,Non-Congested,0
cluster_2461783448_38980632_5243070374,4,10,3,10,y,r,4.0,Congested,Congested,5
cluster_2461880040_2461880142_8131892137,0,2,0,2,y,r,0.0,Non-Congested,Congested,1
cluster_2461880136_4910664147_50607912_8131882097,0,2,0,0,r,G,0.0,Non-Congested,Non-Congested,0
132200274,0,3,0,3,y,r,0.0,Non-Congested,Congested,1
181747232,3,0,0,0,y,r,3.0,Non-Congested,Non-Congested,0
47217361,0,2,0,0,G,r,4.0,Non-Congested,Non-Congested,0
cluster_1420096799_47154676,1,0,0,0,r,y,2.0,Non-Congested,Non-Congested,0
cluster_2455590523_389713_47212064,1,1,0,0,r,r,2.0,Non-Congested,Non-Congested,0
cluster_2461783448_38980632_5243070374,4,10,3,10,y,r,3.0,Congested,Congested,5
cluster_2461880040_2461880142_8131892137,0,2,0,1,r,G,9.0,Non-Congested,Congested,2
cluster_2461880136_4910664147_50607912_8131882097,0,3,0,0,r,G,1.0,Non-Congested,Non-Congested,0
132200274,0,3,0,3,r,G,4.0,Non-Congested,Congested,2
181747232,3,0,0,0,y,r,2.0,Non-Congested,Non-Congested,0
47217361,0,2,0,0,G,r,3.0,Non-Congested,Non-Congested,0
cluster_1420096799_47154676,1,0,0,0,r,y,1.0,Non-Congested,Non-Congested,0
cluster_2455590523_389713_47212064,0,1,0,0,r,r,1.0,Congested,Non-Congested,1
cluster_2461783448_38980632_5243070374,3,10,3,10,y,r,2.0,Congested,Congested,5
cluster_2461880040_2461880142_8131892137,0,1,0,0,r,G,8.0,Non-Congested,Non-Congested,0
cluster_2461880136_4910664147_50607912_8131882097,0,2,0,0,r,G,0.0,Non-Congested,Non-Congested,0
132200274,0,3,0,3,r,G,3.0,Non-Congested,Congested,2
181747232,3,0,0,0,y,r,1.0,Non-Congested,Non-Congested,0
47217361,1,2,0,0,G,r,2.0,Non-Congested,Non-Congested,0
cluster_1420096799_47154676,1,0,0,0,r,y,0.0,Non-Congested,Non-Congested,0
cluster_2455590523_389713_47212064,0,2,0,0,r,r,0.0,Non-Congested,Non-Congested,0
cluster_2461783448_38980632_5243070374,3,10,3,10,y,r,1.0,Congested,Congested,5
cluster_2461880040_2461880142_8131892137,0,1,0,0,r,G,7.0,Non-Congested,Non-Congested,0
cluster_2461880136_4910664147_50607912_8131882097,0,2,0,0,r,G,0.0,Non-Congested,Non-Congested,0
132200274,0,3,0,3,r,G,2.0,Non-Congested,Congested,2
181747232,3,0,0,0,y,r,0.0,Non-Congested,Non-Congested,0
47217361,1,2,0,1,G,r,1.0,Non-Congested,Non-Congested,0
cluster_1420096799_47154676,1,0,0,0,G,r,6.0,Non-Congested,Non-Congested,0
cluster_2461783448_38980632_5243070374,3,10,3,10,y,r,0.0,Congested,Congested,5
cluster_2461880040_2461880142_8131892137,0,2,0,0,r,G,6.0,Non-Congested,Non-Congested,0
cluster_2461880136_4910664147_50607912_8131882097,0,3,0,0,r,y,2.0,Non-Congested,Non-Congested,0
132200274,0,3,0,3,r,G,1.0,Non-Congested,Congested,2
181747232,3,0,0,0,r,G,6.0,Non-Congested,Congested,2
47217361,1,2,0,1,G,r,0.0,Non-Congested,Non-Congested,0
cluster_2461783448_38980632_5243070374,3,9,2,9,r,G,4.0,Congested,Non-Congested,4
cluster_2461880040_2461880142_8131892137,0,2,0,0,r,G,5.0,Non-Congested,Non-Congested,0
cluster_2461880136_4910664147_50607912_8131882097,0,3,0,0,r,y,1.0,Non-Congested,Non-Congested,0
132200274,0,3,0,3,r,G,0.0,Non-Congested,Congested,2
181747232,3,0,0,0,r,G,5.0,Non-Congested,Non-Congested,0
47217361,1,2,0,1,y,r,2.0,Non-Congested,Non-Congested,0
cluster_2461783448_38980632_5243070374,2,9,1,8,r,G,3.0,Non-Congested,Non-Congested,4
cluster_2461880040_2461880142_8131892137,0,1,0,0,r,G,4.0,Non-Congested,Non-Congested,0
cluster_2461880136_4910664147_50607912_8131882097,0,3,0,0,r,y,0.0,Non-Congested,Non-Congested,0
132200274,0,3,0,3,r,y,2.0,Non-Congested,Congested,1
181747232,3,0,0,0,r,G,4.0,Non-Congested,Non-Congested,0
47217361,1,2,0,1,y,r,1.0,Non-Congested,Non-Congested,0
cluster_2455590523_389713_47212064,0,1,0,0,r,G,1.0,Non-Congested,Non-Congested,0
cluster_2461783448_38980632_5243070374,2,9,0,7,r,G,2.0,Non-Congested,Non-Congested,4
cluster_2461880040_2461880142_8131892137,1,2,0,0,r,G,3.0,Non-Congested,Non-Congested,0
cluster_2461880136_4910664147_50607912_8131882097,0,3,0,0,r,r,0.0,Non-Congested,Non-Congested,0
132200274,0,3,0,3,r,y,1.0,Non-Congested,Congested,1
181747232,4,1,0,0,r,G,3.0,Non-Congested,Non-Congested,0
47217361,1,2,0,1,y,r,0.0,Non-Congested,Non-Congested,0
cluster_2455590523_389713_47212064,0,1,0,0,r,G,0.0,Non-Congested,Non-Congested,0
cluster_2461783448_38980632_5243070374,2,9,0,6,r,G,1.0,Non-Congested,Non-Congested,4
cluster_2461880040_2461880142_8131892137,1,1,0,0,r,G,2.0,Non-Congested,Non-Congested,0
cluster_2461880136_4910664147_50607912_8131882097,0,3,0,0,G,r,4.0,Non-Congested,Non-Congested,0
132200274,0,3,0,3,r,y,0.0,Non-Congested,Congested,1
181747232,4,1,0,0,r,G,2.0,Non-Congested,Non-Congested,0
47217361,1,2,0,1,r,r,4.0,Non-Congested,Non-Congested,0
cluster_2455590523_389713_47212064,0,1,0,0,r,y,3.0,Non-Congested,Non-Congested,0
cluster_2461783448_38980632_5243070374,2,9,0,5,r,G,0.0,Non-Congested,Non-Congested,0
cluster_2461880040_2461880142_8131892137,2,2,0,0,r,G,1.0,Non-Congested,Non-Congested,0
cluster_2461880136_4910664147_50607912_8131882097,0,2,0,0,G,r,3.0,Non-Congested,Non-Congested,0
132200274,0,3,0,3,G,r,4.0,Non-Congested,Congested,1
181747232,4,1,0,0,r,G,1.0,Non-Congested,Non-Congested,0
47217361,1,2,1,1,r,r,3.0,Non-Congested,Non-Congested,0
cluster_181310323_5380872437,1,0,0,0,r,G,1.0,Non-Congested,Non-Congested,0
cluster_2461783448_38980632_5243070374,1,9,0,5,r,G,1.0,Non-Congested,Non-Congested,0
cluster_2461880040_2461880142_8131892137,2,3,0,0,r,G,0.0,Non-Congested,Non-Congested,0
cluster_2461880136_4910664147_50607912_8131882097,1,2,0,0,G,r,2.0,Congested,Non-Congested,2
132200274,0,3,0,3,G,r,3.0,Non-Congested,Congested,1
181747232,4,1,0,0,r,G,0.0,Non-Congested,Non-Congested,0
47217361,1,2,1,2,r,r,2.0,Non-Congested,Non-Congested,0
cluster_181310323_5380872437,1,0,0,0,r,G,0.0,Non-Congested,Non-Congested,0
cluster_2461783448_38980632_5243070374,1,9,0,5,r,G,0.0,Non-Congested,Non-Congested,0
cluster_2461880040_2461880142_8131892137,3,4,0,0,r,G,1.0,Non-Congested,Non-Congested,0
cluster_2461880136_4910664147_50607912_8131882097,0,1,0,0,G,r,1.0,Congested,Non-Congested,2
cluster_59665162_8742497506,1,0,0,0,G,r,4.0,Congested,Non-Congested,2
132200274,0,3,0,3,G,r,2.0,Non-Congested,Congested,1
181747232,4,1,1,0,r,y,3.0,Non-Congested,Non-Congested,0
47217361,1,3,1,2,r,r,1.0,Non-Congested,Non-Congested,0
cluster_181310323_5380872437,1,0,0,0,r,y,3.0,Non-Congested,Non-Congested,0
cluster_2461783448_38980632_5243070374,3,9,0,5,r,G,1.0,Non-Congested,Non-Congested,0
cluster_2461880040_2461880142_8131892137,3,3,0,0,r,G,0.0,Non-Congested,Non-Congested,0
cluster_2461880136_4910664147_50607912_8131882097,0,1,0,0,G,r,0.0,Non-Congested,Non-Congested,0
132200274,0,3,0,3,G,r,1.0,Non-Congested,Congested,1
181747232,4,1,1,0,r,y,2.0,Non-Congested,Non-Congested,0
47217361,1,3,1,2,r,r,0.0,Non-Congested,Non-Congested,0
cluster_181310323_5380872437,1,0,0,0,r,y,2.0,Non-Congested,Non-Congested,0
cluster_2461783448_38980632_5243070374,2,9,0,4,r,G,0.0,Non-Congested,Non-Congested,0
cluster_2461880040_2461880142_8131892137,3,3,0,0,r,G,0.0,Non-Congested,Non-Congested,0
cluster_2461880136_4910664147_50607912_8131882097,0,1,0,0,G,r,1.0,Non-Congested,Non-Congested,0
132200274,0,3,0,3,G,r,0.0,Non-Congested,Congested,1
181747232,4,1,1,0,r,y,1.0,Non-Congested,Non-Congested,0
47217361,1,3,1,2,r,r,2.0,Non-Congested,Non-Congested,0
cluster_181310323_5380872437,1,0,0,0,r,y,1.0,Non-Congested,Non-Congested,0
cluster_2461783448_38980632_5243070374,2,9,0,4,r,G,1.0,Non-Congested,Non-Congested,0
cluster_2461880040_2461880142_8131892137,4,4,0,0,r,G,0.0,Non-Congested,Non-Congested,0
132200274,0,3,0,3,y,r,2.0,Non-Congested,Congested,1
181747232,4,1,2,0,r,y,0.0,Non-Congested,Non-Congested,0
47217361,1,3,1,2,r,r,1.0,Non-Congested,Non-Congested,0
cluster_181310323_5380872437,2,0,0,0,r,y,0.0,Non-Congested,Non-Congested,0
cluster_2461783448_38980632_5243070374,3,9,0,5,r,G,0.0,Non-Congested,Non-Congested,0
cluster_2461880040_2461880142_8131892137,3,3,0,0,r,y,4.0,Non-Congested,Non-Congested,0
132200274,0,3,0,3,y,r,1.0,Non-Congested,Congested,1
181747232,3,1,1,0,G,r,6.0,Non-Congested,Non-Congested,0
47217361,1,3,1,2,r,r,0.0,Non-Congested,Non-Congested,0
cluster_181310323_5380872437,1,0,0,0,G,r,6.0,Non-Congested,Non-Congested,0
cluster_2461783448_38980632_5243070374,3,9,0,6,r,G,1.0,Non-Congested,Non-Congested,4
cluster_2461880040_2461880142_8131892137,3,4,0,0,r,y,3.0,Non-Congested,Non-Congested,0
cluster_2461880136_4910664147_50607912_8131882097,0,1,0,0,y,r,2.0,Non-Congested,Non-Congested,0
132200274,0,3,0,3,y,r,0.0,Non-Congested,Congested,1
181747232,3,1,0,0,G,r,5.0,Non-Congested,Non-Congested,0
47217361,0,3,0,1,r,G,4.0,Non-Congested,Non-Congested,0
cluster_181310323_5380872437,1,0,0,0,G,r,5.0,Non-Congested,Non-Congested,0
cluster_2461783448_38980632_5243070374,4,9,0,7,r,G,0.0,Non-Congested,Non-Congested,4
cluster_2461880040_2461880142_8131892137,3,4,0,0,r,y,2.0,Non-Congested,Congested,1
cluster_2461880136_4910664147_50607912_8131882097,0,1,0,0,y,r,1.0,Non-Congested,Non-Congested,0
132200274,0,3,0,3,r,G,4.0,Non-Congested,Congested,2
181747232,3,1,0,0,G,r,4.0,Non-Congested,Non-Congested,0
47217361,0,2,0,0,r,G,3.0,Non-Congested,Non-Congested,0
cluster_181310323_5380872437,1,1,0,0,G,r,4.0,Non-Congested,Non-Congested,0
cluster_2461783448_38980632_5243070374,4,9,0,7,r,G,1.0,Non-Congested,Non-Congested,4
cluster_2461880040_2461880142_8131892137,2,3,0,0,r,y,1.0,Non-Congested,Congested,1
cluster_2461880136_4910664147_50607912_8131882097,0,1,0,0,y,r,0.0,Non-Congested,Non-Congested,0
132200274,0,3,0,3,r,G,3.0,Non-Congested,Congested,2
181747232,3,1,1,1,G,r,3.0,Non-Congested,Non-Congested,0
47217361,0,2,0,0,r,G,2.0,Non-Congested,Non-Congested,0
cluster_181310323_5380872437,1,1,0,0,G,r,3.0,Non-Congested,Non-Congested,0
cluster_2461783448_38980632_5243070374,5,9,0,8,r,G,0.0,Non-Congested,Non-Congested,4
cluster_2461880040_2461880142_8131892137,2,3,0,0,r,y,0.0,Non-Congested,Congested,1
cluster_2461880136_4910664147_50607912_8131882097,0,1,0,0,r,G,4.0,Non-Congested,Non-Congested,0
132200274,0,3,0,3,r,G,2.0,Non-Congested,Congested,2
181747232,4,1,1,1,G,r,2.0,Non-Congested,Non-Congested,0
47217361,0,2,0,0,r,G,1.0,Non-Congested,Non-Congested,0
cluster_181310323_5380872437,1,0,0,0,G,r,2.0,Non-Congested,Non-Congested,0
cluster_2461783448_38980632_5243070374,5,9,0,8,r,G,1.0,Non-Congested,Non-Congested,4
cluster_2461880040_2461880142_8131892137,1,3,0,1,r,r,4.0,Non-Congested,Congested,1
cluster_2461880136_4910664147_50607912_8131882097,0,1,0,0,r,G,3.0,Non-Congested,Non-Congested,0
132200274,0,3,0,3,r,G,1.0,Non-Congested,Congested,2
181747232,3,1,0,0,G,r,1.0,Non-Congested,Non-Congested,0
47217361,0,2,0,0,r,G,0.0,Non-Congested,Non-Congested,0
cluster_181310323_5380872437,1,1,0,0,G,r,1.0,Non-Congested,Non-Congested,0
cluster_2461783448_38980632_5243070374,6,9,0,8,r,G,0.0,Non-Congested,Non-Congested,4
cluster_2461880040_2461880142_8131892137,1,3,0,1,r,r,3.0,Non-Congested,Congested,1
cluster_2461880136_4910664147_50607912_8131882097,0,1,0,0,r,G,2.0,Non-Congested,Non-Congested,0
132200274,0,3,0,3,r,G,0.0,Non-Congested,Congested,2
181747232,3,1,0,0,G,r,0.0,Non-Congested,Non-Congested,0
47217361,0,3,0,0,r,y,2.0,Non-Congested,Non-Congested,0
cluster_181310323_5380872437,1,1,0,0,G,r,0.0,Non-Congested,Congested,1
cluster_2455590523_389713_47212064,0,1,0,0,r,r,6.0,Non-Congested,Congested,1
cluster_2461783448_38980632_5243070374,6,9,1,8,r,G,1.0,Non-Congested,Non-Congested,4
cluster_2461880040_2461880142_8131892137,0,2,0,1,r,r,2.0,Non-Congested,Congested,1
cluster_2461880136_4910664147_50607912_8131882097,0,1,0,0,r,G,1.0,Non-Congested,Non-Congested,0
132200274,0,3,0,3,r,y,2.0,Non-Congested,Congested,1
181747232,3,1,0,0,y,r,3.0,Non-Congested,Non-Congested,0
47217361,0,3,0,0,r,y,1.0,Non-Congested,Non-Congested,0
cluster_181310323_5380872437,1,0,0,0,G,r,1.0,Non-Congested,Non-Congested,0
cluster_2461783448_38980632_5243070374,7,9,2,7,r,G,0.0,Non-Congested,Non-Congested,0
cluster_2461880040_2461880142_8131892137,0,2,0,2,r,r,1.0,Non-Congested,Congested,1
cluster_2461880136_4910664147_50607912_8131882097,0,1,0,0,r,G,0.0,Non-Congested,Non-Congested,0
132200274,0,3,0,3,r,y,1.0,Non-Congested,Congested,1
181747232,4,2,0,0,y,r,2.0,Non-Congested,Non-Congested,0
47217361,0,3,0,0,r,y,0.0,Non-Congested,Non-Congested,0
cluster_181310323_5380872437,1,0,0,0,G,r,0.0,Non-Congested,Non-Congested,0
cluster_2461783448_38980632_5243070374,7,9,3,6,r,G,1.0,Non-Congested,Non-Congested,0
cluster_2461880040_2461880142_8131892137,0,2,0,2,r,r,0.0,Non-Congested,Congested,1
cluster_2461880136_4910664147_50607912_8131882097,0,1,0,0,r,y,2.0,Non-Congested,Non-Congested,0
132200274,0,3,0,3,r,y,0.0,Non-Congested,Congested,1
181747232,4,2,0,0,y,r,1.0,Non-Congested,Non-Congested,0
47217361,0,3,0,1,G,r,4.0,Non-Congested,Non-Congested,0
cluster_2461783448_38980632_5243070374,8,8,3,5,r,G,0.0,Non-Congested,Non-Congested,0
cluster_2461880040_2461880142_8131892137,0,2,0,2,r,r,1.0,Non-Congested,Congested,1
cluster_2461880136_4910664147_50607912_8131882097,0,1,0,0,r,y,1.0,Non-Congested,Non-Congested,0
132200274,0,3,0,3,G,r,4.0,Non-Congested,Congested,1
181747232,4,2,1,0,y,r,0.0,Non-Congested,Non-Congested,0
47217361,0,3,0,1,G,r,3.0,Non-Congested,Non-Congested,0
cluster_2461783448_38980632_5243070374,8,8,5,4,r,G,1.0,Congested,Non-Congested,1
cluster_2461880040_2461880142_8131892137,0,2,0,2,r,r,0.0,Non-Congested,Congested,1
cluster_2461880136_4910664147_50607912_8131882097,0,1,0,0,r,y,0.0,Non-Congested,Non-Congested,0
132200274,0,3,0,3,G,r,3.0,Non-Congested,Congested,1
181747232,4,2,1,0,r,G,6.0,Non-Congested,Non-Congested,0
47217361,0,3,0,1,G,r,2.0,Non-Congested,Non-Congested,0
cluster_181310323_5380872437,0,1,0,0,y,r,3.0,Non-Congested,Non-Congested,0
cluster_2461783448_38980632_5243070374,8,8,5,4,r,G,0.0,Congested,Non-Congested,1
cluster_2461880040_2461880142_8131892137,0,2,0,2,r,r,1.0,Non-Congested,Congested,1
cluster_2461880136_4910664147_50607912_8131882097,0,1,0,0,r,r,0.0,Non-Congested,Non-Congested,0
